Card,Price Change %,Price Change $,Starting Price,Last Sale,Avg,Min Sale,Max Sale,Volume Change %,# of Sales,Total Sales $
"Eevee 2025 Scarlet & Violet: Prismatic Evolutions #074/131 Poke Ball Reverse Holo PSA 9","506.46","$16.46","$3.25","$19.71 (10/15/2025)","$8.20","$3.25","$19.71","-33.33","6","$49.20"
"Budew 2025 Scarlet & Violet: Prismatic Evolutions #004/131 Master Ball Reverse Holo PSA 9","400.00","$8.00","$2.00","$10.00 (10/20/2025)","$6.00","$2.00","$10.00","100.00","2","$12.00"
"Electrike 2025 Scarlet & Violet: Destined Rivals #196/182 Illustration Rare PSA 8","366.67","$8.25","$2.25","$10.50 (10/23/2025)","$7.23","$2.25","$10.50","33.33","4","$28.91"
"Sylveon 2025 Scarlet & Violet: Prismatic Evolutions #040/131 Poke Ball Reverse Holo PSA 9","349.44","$9.33","$2.67","$12.00 (10/16/2025)","$8.14","$2.01","$14.99","250.00","7","$57.00"
"Lillie's Determination 2025 Mega Evolution #184/132 Special Illustration Rare PSA 10","269.54","$619.95","$230.00","$849.95 (10/24/2025)","$706.36","$185.00","$1350.00","0.00","11","$7769.94"
"Vaporeon ex 2025 Scarlet & Violet: Prismatic Evolutions #023/131 Double Rare PSA 9","260.63","$16.61","$6.38","$22.99 (10/24/2025)","$16.05","$4.25","$30.01","116.67","26","$417.28"
"Sylveon 2025 Scarlet & Violet: Prismatic Evolutions #040/131 Holo PSA 10","233.33","$91.00","$39.00","$130.00 (10/23/2025)","$94.52","$30.00","$189.00","-21.74","18","$1701.43"
"Lillie's Clefairy ex 2025 Scarlet & Violet: Journey Together #056/159 Double Rare PSA 9","225.00","$9.00","$4.00","$13.00 (10/20/2025)","$9.66","$1.30","$20.00","14.29","8","$77.29"
"Team Rocket's Spidops 2025 Japanese Scarlet & Violet: Glory of Team Rocket #099/098 Art Rare CGC 10","220.86","$12.39","$5.61","$18.00 (10/22/2025)","$14.80","$5.61","$20.40","0.00","5","$74.01"
"Noibat 2025 Japanese Scarlet & Violet: Battle Partners #111/100 Art Rare CGC 10","212.37","$16.99","$8.00","$24.99 (10/24/2025)","$20.82","$8.00","$29.99","200.00","6","$124.92"
"Team Rocket's Moltres ex 2025 Scarlet & Violet: Destined Rivals #031/182 Double Rare CGC 10","208.57","$14.60","$7.00","$21.60 (10/19/2025)","$16.45","$7.00","$21.60","0.00","4","$65.80"
"Shaymin 2025 Scarlet & Violet: Prismatic Evolutions #087/131 Master Ball Reverse Holo PSA 9","207.38","$6.74","$3.25","$9.99 (10/08/2025)","$6.62","$3.25","$9.99","0.00","2","$13.24"
"Ducklett 2025 Scarlet & Violet: White Flare #109/086 Illustration Rare PSA 10","205.00","$205.00","$100.00","$305.00 (10/15/2025)","$202.50","$100.00","$305.00","100.00","2","$405.00"
"Solosis 2025 Scarlet & Violet: Black Bolt #118/086 Illustration Rare CGC 7.5","200.00","$21.60","$10.80","$32.40 (10/19/2025)","$21.60","$10.80","$32.40","100.00","2","$43.20"
"Electivire ex 2025 Scarlet & Violet: Destined Rivals #212/182 Ultra Rare (Full Art) CGC 10","185.71","$19.50","$10.50","$30.00 (10/24/2025)","$20.25","$10.50","$30.00","100.00","2","$40.50"
"Purrloin 2025 Scarlet & Violet: White Flare #136/086 Illustration Rare PSA 10","184.38","$147.50","$80.00","$227.50 (10/17/2025)","$158.33","$80.00","$227.50","50.00","3","$475.00"
"Terapagos ex 2025 Scarlet & Violet: Prismatic Evolutions #180/131 Hyper Rare (Secret) PSA 9","179.93","$22.50","$12.50","$35.00 (10/21/2025)","$18.88","$7.50","$35.00","10.00","11","$207.66"
"Sobble 2025 Mega Evolution #039/132 Reverse Holo CGC 10","177.78","$19.20","$10.80","$30.00 (10/16/2025)","$20.40","$10.80","$30.00","0.00","2","$40.80"
"Cynthia's Roserade 2025 Japanese Scarlet & Violet: Heat Wave Arena #065/063 Art Rare CGC 10","172.72","$38.00","$22.00","$60.00 (10/16/2025)","$40.41","$19.95","$70.00","12.50","9","$363.72"
"Eevee 2025 Scarlet & Violet: Prismatic Evolutions #074/131 Master Ball Reverse Holo PSA 9","166.67","$12.50","$7.50","$20.00 (10/24/2025)","$18.51","$7.50","$39.77","-8.33","11","$203.60"
"Roaring Moon 2025 Scarlet & Violet: Prismatic Evolutions #065/131 Holo PSA 9","166.67","$12.50","$7.50","$20.00 (10/04/2025)","$13.75","$7.50","$20.00","-50.00","2","$27.50"
"Rapidash 2025 Japanese Scarlet & Violet: Heat Wave Arena #069/063 Art Rare CGC 10","159.90","$15.99","$10.00","$25.99 (10/24/2025)","$17.10","$10.00","$25.99","-16.67","5","$85.49"
"Lillie's Ribombee 2025 Japanese Scarlet & Violet: Battle Partners #105/100 Art Rare CGC 10","159.26","$21.50","$13.50","$35.00 (10/24/2025)","$23.52","$13.50","$36.39","75.00","14","$329.29"
"Team Rocket's Houndoom 2025 Scarlet & Violet: Destined Rivals #191/182 Illustration Rare CGC 10","157.14","$44.00","$28.00","$72.00 (10/24/2025)","$76.37","$28.00","$110.00","333.33","13","$992.79"
"Gholdengo ex 2025 Scarlet & Violet: Prismatic Evolutions #164/131 Special Illustration Rare CGC 10","156.94","$113.00","$72.00","$185.00 (09/30/2025)","$128.50","$72.00","$185.00","0.00","2","$257.00"
"Lillie's Clefairy ex 2025 Japanese Scarlet & Violet: Battle Partners #115/100 Super Rare (Full Art) CGC 10","155.02","$18.23","$11.76","$29.99 (10/24/2025)","$20.88","$11.76","$29.99","-33.33","2","$41.75"
"Victini 2025 Scarlet & Violet: Black Bolt #012/086 Poke Ball Reverse Holo PSA 9","143.33","$43.00","$30.00","$73.00 (10/11/2025)","$38.60","$30.00","$73.00","0.00","5","$193.00"
"Iris's Fighting Spirit 2025 Japanese Scarlet & Violet: Battle Partners #121/100 Super Rare (Full Art) PSA 9","141.53","$12.03","$8.50","$20.53 (09/28/2025)","$14.52","$8.50","$20.53","100.00","2","$29.03"
"Iono's Bellibolt ex 2025 Japanese Scarlet & Violet: Battle Partners #114/100 Super Rare (Full Art) PSA 10","140.74","$38.00","$27.00","$65.00 (10/15/2025)","$37.28","$22.19","$65.00","-63.64","4","$149.13"
"Groudon 2025 Scarlet & Violet: Prismatic Evolutions #049/131 Poke Ball Reverse Holo PSA 10","139.96","$34.99","$25.00","$59.99 (10/10/2025)","$42.50","$25.00","$59.99","0.00","2","$84.99"
"Ruffian 2025 Japanese Scarlet & Violet: Battle Partners #122/100 Super Rare (Full Art) CGC 10","129.90","$12.99","$10.00","$22.99 (10/24/2025)","$16.49","$10.00","$22.99","0.00","2","$32.99"
"Pikachu ex 2025 Scarlet & Violet: Prismatic Evolutions #028/131 Double Rare CGC 10","128.57","$22.50","$17.50","$40.00 (10/22/2025)","$28.75","$17.50","$40.00","0.00","2","$57.50"
"Simipour 2025 Japanese Scarlet & Violet: Black Bolt #106/086 Art Rare CGC 10","126.67","$9.50","$7.50","$17.00 (10/22/2025)","$12.25","$7.50","$17.00","-50.00","2","$24.50"
"Espeon ex 2025 Scarlet & Violet: Prismatic Evolutions #034/131 Double Rare PSA 9","126.53","$9.49","$7.50","$16.99 (10/24/2025)","$16.54","$7.50","$23.00","-23.08","10","$165.39"
"Mega Venusaur ex 2025 Mega Evolution #177/132 Special Illustration Rare PSA 10","120.11","$353.05","$293.95","$647.00 (10/15/2025)","$407.64","$236.16","$790.00","0.00","8","$3261.11"
"Ethan's Ho-Oh ex 2025 Scarlet & Violet: Destined Rivals #039/182 Double Rare PSA 9","120.00","$9.00","$7.50","$16.50 (10/17/2025)","$12.64","$7.50","$18.00","600.00","7","$88.50"
"Espeon 2025 Scarlet & Violet: Prismatic Evolutions #033/131 Master Ball Reverse Holo PSA 7","119.90","$11.99","$10.00","$21.99 (10/23/2025)","$15.99","$10.00","$21.99","0.00","2","$31.99"
"Espeon 2025 Scarlet & Violet: Prismatic Evolutions #033/131 Poke Ball Reverse Holo PSA 9","118.00","$6.49","$5.50","$11.99 (10/13/2025)","$12.49","$5.50","$19.99","-57.14","3","$37.48"
"Zekrom ex 2025 Scarlet & Violet: Black Bolt #166/086 Special Illustration Rare BGS 9.5","117.78","$265.00","$225.00","$490.00 (10/18/2025)","$326.20","$225.00","$490.00","400.00","5","$1631.00"
"Glaceon 2025 Scarlet & Violet: Prismatic Evolutions #025/131 Holo PSA 10","114.29","$16.00","$14.00","$30.00 (10/13/2025)","$22.00","$14.00","$30.00","0.00","2","$44.00"
"Tympole 2025 Japanese Scarlet & Violet: Black Bolt #107/086 Art Rare PSA 10","108.70","$12.50","$11.50","$24.00 (10/19/2025)","$17.75","$11.50","$24.00","100.00","2","$35.50"
"Amarys 2025 Scarlet & Violet: Prismatic Evolutions #170/131 Special Illustration Rare PSA 10","107.93","$39.45","$36.55","$76.00 (10/15/2025)","$58.37","$36.55","$76.00","50.00","3","$175.12"
"Walking Wake ex 2025 Scarlet & Violet: Prismatic Evolutions #178/131 Hyper Rare (Secret) PSA 10","105.36","$59.00","$56.00","$115.00 (10/22/2025)","$83.40","$56.00","$115.00","-16.67","5","$417.00"
"Umbreon ex 2025 Scarlet & Violet: Prismatic Evolutions #060/131 Double Rare PSA 9","101.97","$19.12","$18.75","$37.87 (10/23/2025)","$24.60","$6.50","$49.00","-20.00","36","$885.67"
"Espeon 2025 Scarlet & Violet: Prismatic Evolutions #033/131 Poke Ball Reverse Holo PSA 8","100.00","$5.00","$5.00","$10.00 (10/06/2025)","$7.66","$5.00","$10.00","200.00","3","$22.99"
"Leafeon ex 2025 Scarlet & Violet: Prismatic Evolutions #006/131 Double Rare PSA 8","100.00","$3.75","$3.75","$7.50 (10/24/2025)","$10.23","$3.25","$18.00","75.00","7","$71.63"
"Pyroar 2025 Scarlet & Violet: Prismatic Evolutions #016/131 Master Ball Reverse Holo PSA 9","100.00","$5.00","$5.00","$10.00 (10/12/2025)","$7.50","$5.00","$10.00","0.00","2","$15.00"
"Mega Gardevoir ex 2025 Japanese Mega Symphonia #42/63 Double Rare PSA 10","100.00","$80.00","$80.00","$160.00 (10/22/2025)","$120.00","$80.00","$160.00","0.00","2","$240.00"
"Exeggcute 2025 Scarlet & Violet: Prismatic Evolutions #001/131 Reverse Holo CGC 10","100.00","$7.80","$7.80","$15.60 (10/19/2025)","$10.40","$7.20","$15.60","0.00","3","$31.20"
"Zamazenta 2025 Scarlet & Violet: Destined Rivals #201/182 Illustration Rare PSA 8","99.87","$7.49","$7.50","$14.99 (10/13/2025)","$11.25","$7.50","$14.99","0.00","2","$22.49"
"Zekrom ex 2025 Scarlet & Violet: Black Bolt #158/086 Ultra Rare (Full Art) CGC 10","99.49","$39.40","$39.60","$79.00 (10/12/2025)","$54.08","$39.00","$79.00","400.00","5","$270.40"
"Team Rocket's Meowth 2025 Scarlet & Violet: Destined Rivals #203/182 Illustration Rare BGS 9.5","94.81","$73.00","$77.00","$150.00 (10/24/2025)","$100.50","$75.00","$150.00","100.00","4","$402.00"
"Tranquill 2025 Scarlet & Violet: Black Bolt #149/086 Illustration Rare PSA 9","93.48","$14.49","$15.50","$29.99 (10/22/2025)","$20.00","$14.50","$29.99","0.00","3","$59.99"
"Cynthia's Garchomp ex 2025 Japanese Scarlet & Violet: Heat Wave Arena #080/063 Super Rare (Full Art) PSA 10","91.12","$21.95","$24.09","$46.05 (10/12/2025)","$31.44","$22.19","$46.05","100.00","4","$125.76"
"Swinub 2025 Japanese Scarlet & Violet: Battle Partners #106/100 Art Rare CGC 10","90.99","$10.00","$10.99","$20.99 (10/24/2025)","$18.14","$10.99","$23.95","14.29","8","$145.12"
"Larry's Skill 2025 Scarlet & Violet: Prismatic Evolutions #139/131 Ultra Rare (Full Art) PSA 9","90.47","$7.69","$8.50","$16.19 (10/18/2025)","$12.30","$6.50","$18.00","0.00","4","$49.19"
"Stunfisk 2025 Japanese Scarlet & Violet: White Flare #115/086 Art Rare CGC 9","88.67","$3.99","$4.50","$8.49 (10/21/2025)","$6.50","$4.50","$8.49","0.00","2","$12.99"
"N's Zoroark ex 2025 Scarlet & Violet: Journey Together #189/159 Hyper Rare (Secret) PSA 10","88.57","$77.50","$87.50","$165.00 (10/19/2025)","$89.14","$62.99","$165.00","16.67","14","$1247.97"
"Glaceon ex 2025 Scarlet & Violet: Prismatic Evolutions #150/131 Special Illustration Rare PSA 8","87.50","$140.00","$160.00","$300.00 (10/15/2025)","$198.40","$143.60","$300.00","0.00","4","$793.60"
"Excadrill ex 2025 Scarlet & Violet: Black Bolt #160/086 Ultra Rare (Full Art) PSA 9","86.67","$6.50","$7.50","$14.00 (10/19/2025)","$11.83","$7.50","$18.99","50.00","3","$35.50"
"Ethan's Typhlosion 2025 Scarlet & Violet: Destined Rivals #190/182 Illustration Rare CGC 9","85.19","$23.00","$27.00","$50.00 (10/15/2025)","$34.25","$27.00","$50.00","0.00","4","$137.00"
"Timburr 2025 Scarlet & Violet: Black Bolt #125/086 Illustration Rare PSA 10","85.19","$69.00","$81.00","$150.00 (10/22/2025)","$123.67","$81.00","$150.00","0.00","3","$371.00"
"Palpitoad 2025 Japanese Scarlet & Violet: Black Bolt #108/086 Art Rare PSA 10","85.05","$34.01","$39.99","$74.00 (10/12/2025)","$58.84","$39.99","$74.00","600.00","7","$411.85"
"Kangaskhan 2025 Scarlet & Violet: Destined Rivals #204/182 Illustration Rare PSA 8","85.00","$8.50","$10.00","$18.50 (10/15/2025)","$18.25","$10.00","$25.00","100.00","6","$109.50"
"Meloetta ex 2025 Japanese Scarlet & Violet: Black Bolt #170/086 Special Art Rare CGC 10","84.62","$19.25","$22.75","$42.00 (10/15/2025)","$32.38","$22.75","$42.00","-50.00","2","$64.75"
"Jolteon 2025 Scarlet & Violet: Prismatic Evolutions #029/131 Poke Ball Reverse Holo PSA 9","84.46","$5.49","$6.50","$11.99 (10/11/2025)","$9.25","$6.50","$11.99","-60.00","2","$18.49"
"Brock's Scouting 2025 Japanese Scarlet & Violet: Battle Partners #123/100 Super Rare (Full Art) CGC 10","83.92","$10.49","$12.50","$22.99 (10/24/2025)","$17.74","$12.50","$22.99","100.00","2","$35.49"
"Dudunsparce ex 2025 Japanese Scarlet & Violet: Battle Partners #120/100 Super Rare (Full Art) CGC 10","83.92","$10.49","$12.50","$22.99 (10/24/2025)","$19.81","$12.50","$23.95","200.00","3","$59.44"
"Raifort 2025 Scarlet & Violet: Prismatic Evolutions #142/131 Ultra Rare (Full Art) CGC 9","82.29","$7.90","$9.60","$17.50 (10/16/2025)","$13.55","$9.60","$17.50","0.00","2","$27.10"
"Team Rocket's Raticate 2025 Scarlet & Violet: Destined Rivals #202/182 Illustration Rare PSA 9","82.07","$11.90","$14.50","$26.40 (10/19/2025)","$21.32","$14.50","$30.00","-29.17","17","$362.38"
"Dewott 2025 Japanese Scarlet & Violet: White Flare #103/086 Art Rare PSA 10","81.93","$24.58","$30.00","$54.58 (10/07/2025)","$42.29","$30.00","$54.58","100.00","2","$84.58"
"Zekrom ex 2025 Japanese Scarlet & Violet: Black Bolt #161/086 Super Rare (Full Art) CGC 9","81.73","$8.99","$11.00","$19.99 (10/16/2025)","$15.49","$11.00","$19.99","100.00","2","$30.99"
"Rotom 2025 Scarlet & Violet: Destined Rivals #197/182 Illustration Rare PSA 10","80.95","$42.50","$52.50","$95.00 (10/20/2025)","$73.06","$42.00","$98.99","33.33","16","$1168.94"
"Rapidash 2025 Japanese Scarlet & Violet: Heat Wave Arena #069/063 Art Rare PSA 9","80.65","$12.50","$15.50","$28.00 (10/17/2025)","$16.58","$8.50","$28.00","200.00","6","$99.49"
"Stunfisk 2025 Scarlet & Violet: White Flare #118/086 Illustration Rare PSA 9","80.00","$6.40","$8.00","$14.40 (10/19/2025)","$11.20","$8.00","$14.40","0.00","2","$22.40"
"Garbodor 2025 Japanese Scarlet & Violet: White Flare #139/086 Art Rare CGC 10","79.42","$12.39","$15.60","$27.99 (10/20/2025)","$20.13","$15.60","$27.99","0.00","3","$60.39"
"Braviary 2025 Scarlet & Violet: Black Bolt #155/086 Illustration Rare PSA 10","79.03","$71.12","$89.99","$161.11 (10/16/2025)","$115.52","$89.99","$161.11","300.00","4","$462.09"
"Eevee 2025 Scarlet & Violet: Prismatic Evolutions #074/131 Base PSA 8","78.67","$5.31","$6.75","$12.06 (10/22/2025)","$11.96","$6.75","$16.50","400.00","5","$59.80"
"Ethan's Typhlosion 2025 Japanese Scarlet & Violet: Heat Wave Arena #070/063 Art Rare PSA 9","77.21","$15.25","$19.74","$34.99 (10/24/2025)","$31.31","$19.49","$44.48","100.00","16","$500.89"
"Team Rocket's Nidoking ex 2025 Japanese Scarlet & Violet: Glory of Team Rocket #126/098 Special Art Rare PSA 9","77.15","$40.12","$52.00","$92.12 (10/01/2025)","$72.06","$52.00","$92.12","100.00","2","$144.12"
"Team Rocket's Murkrow 2025 Scarlet & Violet: Destined Rivals #200/182 Illustration Rare PSA 8","76.47","$6.50","$8.50","$15.00 (10/11/2025)","$11.75","$8.50","$15.00","0.00","2","$23.50"
"Team Rocket's Orbeetle 2025 Japanese Scarlet & Violet: Glory of Team Rocket #104/098 Art Rare PSA 10","75.38","$12.89","$17.10","$29.99 (10/21/2025)","$27.90","$17.10","$39.99","14.29","8","$223.17"
"N's Reshiram 2025 Japanese Scarlet & Violet: Battle Partners #109/100 Art Rare PSA 9","75.00","$10.50","$14.00","$24.50 (10/23/2025)","$19.98","$11.00","$29.00","-5.26","18","$359.68"
"Electivire ex 2025 Scarlet & Violet: Destined Rivals #069/182 Double Rare PSA 10","75.00","$21.00","$28.00","$49.00 (10/04/2025)","$38.50","$28.00","$49.00","0.00","2","$77.00"
"Team Rocket's Meowth 2025 Scarlet & Violet: Destined Rivals #203/182 Illustration Rare CGC 9","75.00","$15.00","$20.00","$35.00 (10/23/2025)","$32.35","$20.00","$44.40","300.00","4","$129.40"
"Cubchoo 2025 Scarlet & Violet: Black Bolt #109/086 Illustration Rare PSA 10","75.00","$52.50","$70.00","$122.50 (10/22/2025)","$142.53","$70.00","$195.50","200.00","6","$855.19"
"Vanillish 2025 Japanese Scarlet & Violet: White Flare #109/086 Art Rare CGC 10","74.94","$11.99","$16.00","$27.99 (10/20/2025)","$23.00","$16.00","$27.99","0.00","3","$68.99"
"Woobat 2025 Scarlet & Violet: White Flare #119/086 Illustration Rare PSA 10","74.55","$41.00","$55.00","$96.00 (10/19/2025)","$75.50","$55.00","$96.00","-33.33","2","$151.00"
"Chandelure 2025 Japanese Scarlet & Violet: Black Bolt #102/086 Art Rare PSA 10","73.45","$19.48","$26.52","$46.00 (10/23/2025)","$36.26","$26.52","$46.00","-33.33","2","$72.52"
"Leavanny 2025 Japanese Scarlet & Violet: White Flare #089/086 Art Rare CGC 10","73.38","$11.00","$14.99","$25.99 (10/15/2025)","$20.49","$14.99","$25.99","0.00","2","$40.98"
"Basculin 2025 Scarlet & Violet: White Flare #108/086 Illustration Rare PSA 10","72.71","$39.99","$55.00","$94.99 (10/20/2025)","$61.25","$19.99","$94.99","100.00","4","$244.98"
"Serperior ex 2025 Japanese Scarlet & Violet: Black Bolt #167/086 Special Art Rare CGC 10","72.09","$15.50","$21.50","$37.00 (10/17/2025)","$29.25","$21.50","$37.00","-50.00","2","$58.50"
"Salamence ex 2025 Scarlet & Violet: Journey Together #177/159 Ultra Rare (Full Art) CGC 10","70.37","$19.00","$27.00","$46.00 (10/04/2025)","$33.33","$23.00","$46.00","0.00","3","$100.00"
"Ceruledge ex 2025 Scarlet & Violet: Prismatic Evolutions #147/131 Special Illustration Rare PSA 9","70.21","$70.20","$99.99","$170.19 (10/23/2025)","$114.21","$85.00","$170.19","44.44","39","$4454.22"
"Sylveon 2025 Scarlet & Violet: Prismatic Evolutions #040/131 Holo PSA 9","69.76","$7.32","$10.50","$17.82 (10/23/2025)","$17.45","$10.50","$24.95","-33.33","8","$139.60"
"Galvantula 2025 Japanese Scarlet & Violet: White Flare #114/086 Art Rare PSA 10","67.57","$12.50","$18.50","$31.00 (10/23/2025)","$24.75","$18.50","$31.00","100.00","2","$49.50"
"Umbreon 2025 Scarlet & Violet: Prismatic Evolutions #059/131 Master Ball Reverse Holo CGC 9","66.67","$16.80","$25.20","$42.00 (10/19/2025)","$33.60","$25.20","$42.00","0.00","2","$67.20"
"Team Rocket's Mewtwo ex 2025 Scarlet & Violet: Destined Rivals #081/182 Double Rare CGC 10","66.67","$9.60","$14.40","$24.00 (10/19/2025)","$19.85","$7.50","$26.00","250.00","7","$138.93"
"Pecharunt ex 2025 Scarlet & Violet: Prismatic Evolutions #163/131 Special Illustration Rare PSA 9","66.67","$10.00","$15.00","$25.00 (10/24/2025)","$22.13","$15.00","$31.20","250.00","7","$154.94"
"Cynthia's Roserade 2025 Japanese Scarlet & Violet: Heat Wave Arena #065/063 Art Rare PSA 9","66.62","$13.99","$21.00","$34.99 (10/24/2025)","$24.00","$20.00","$34.99","100.00","4","$95.99"
"Archen 2025 Japanese Scarlet & Violet: White Flare #129/086 Art Rare CGC 10","66.60","$10.39","$15.60","$25.99 (10/24/2025)","$22.53","$15.60","$25.99","0.00","3","$67.58"
"Hydrapple 2025 Japanese Scarlet & Violet: Heat Wave Arena #068/063 Art Rare CGC 10","66.60","$10.39","$15.60","$25.99 (10/17/2025)","$20.79","$15.60","$25.99","0.00","2","$41.59"
"Lycanroc 2025 Japanese Scarlet & Violet: Battle Partners #107/100 Art Rare CGC 10","66.60","$9.99","$15.00","$24.99 (10/24/2025)","$17.49","$13.20","$24.99","66.67","10","$174.92"
"Team Rocket's Murkrow 2025 Japanese Scarlet & Violet: Glory of Team Rocket #106/098 Art Rare PSA 10","66.54","$18.63","$28.00","$46.63 (10/21/2025)","$42.44","$28.00","$55.59","-72.22","5","$212.22"
"Mamoswine ex 2025 Scarlet & Violet: Journey Together #174/159 Ultra Rare (Full Art) PSA 9","65.09","$7.16","$11.00","$18.16 (10/05/2025)","$15.79","$11.00","$19.99","-69.23","4","$63.15"
"Team Rocket's Orbeetle 2025 Scarlet & Violet: Destined Rivals #198/182 Illustration Rare PSA 9","64.22","$5.78","$9.00","$14.78 (10/23/2025)","$14.84","$9.00","$19.99","25.00","10","$148.40"
"Team Rocket's Houndoom 2025 Japanese Scarlet & Violet: Glory of Team Rocket #100/098 Art Rare CGC 10","63.64","$10.50","$16.50","$27.00 (10/22/2025)","$30.23","$16.50","$49.00","-62.16","14","$423.21"
"Deerling 2025 Scarlet & Violet: White Flare #091/086 Illustration Rare PSA 9","62.60","$11.55","$18.45","$30.00 (10/24/2025)","$22.30","$17.40","$30.00","0.00","3","$66.90"
"Team Rocket's Weezing 2025 Scarlet & Violet: Destined Rivals #199/182 Illustration Rare PSA 8","62.50","$5.00","$8.00","$13.00 (10/19/2025)","$11.83","$8.00","$14.50","50.00","3","$35.50"
"Team Rocket's Spidops 2025 Japanese Scarlet & Violet: Glory of Team Rocket #099/098 Art Rare PSA 10","61.66","$14.49","$23.50","$37.99 (10/19/2025)","$29.56","$23.50","$37.99","-20.00","4","$118.23"
"Jolteon 2025 Scarlet & Violet: Prismatic Evolutions #029/131 Master Ball Reverse Holo PSA 9","61.66","$14.49","$23.50","$37.99 (10/22/2025)","$24.67","$12.52","$37.99","-25.00","3","$74.01"
"Volcanion ex 2025 Scarlet & Violet: Journey Together #182/159 Special Illustration Rare PSA 9","61.06","$9.77","$16.00","$25.77 (10/24/2025)","$24.78","$16.00","$41.90","-29.17","17","$421.34"
"N's Reshiram 2025 Japanese Scarlet & Violet: Battle Partners #109/100 Art Rare CGC 10","60.93","$12.49","$20.50","$32.99 (10/24/2025)","$23.78","$10.00","$32.99","-64.10","14","$332.90"
"Zekrom ex 2025 Scarlet & Violet: Black Bolt #034/086 Double Rare PSA 9","60.80","$4.56","$7.50","$12.06 (10/19/2025)","$11.02","$7.50","$13.50","0.00","3","$33.06"
"Roaring Moon ex 2025 Scarlet & Violet: Prismatic Evolutions #162/131 Special Illustration Rare CGC 10","60.26","$188.00","$312.00","$500.00 (10/23/2025)","$406.00","$312.00","$500.00","100.00","2","$812.00"
"Yanma 2025 Japanese Scarlet & Violet: Heat Wave Arena #064/063 Art Rare CGC 9","60.06","$6.00","$9.99","$15.99 (10/18/2025)","$12.99","$9.99","$15.99","100.00","2","$25.98"
"Emolga 2025 Japanese Scarlet & Violet: Black Bolt #116/086 Art Rare CGC 10","60.00","$7.50","$12.50","$20.00 (10/22/2025)","$16.25","$12.50","$20.00","0.00","2","$32.50"
"Snorlax ex 2025 Scarlet & Violet: Prismatic Evolutions #076/131 Double Rare PSA 10","59.96","$14.99","$25.00","$39.99 (10/19/2025)","$45.00","$25.00","$70.00","0.00","3","$134.99"
"Ethan's Typhlosion 2025 Scarlet & Violet: Destined Rivals #190/182 Illustration Rare CGC 10","59.29","$53.95","$91.00","$144.95 (10/24/2025)","$108.75","$91.00","$144.95","120.00","11","$1196.27"
"Marnie's Grimmsnarl ex 2025 Scarlet & Violet: Destined Rivals #136/182 Double Rare PSA 10","58.73","$13.39","$22.80","$36.19 (10/02/2025)","$29.49","$22.80","$36.19","-33.33","2","$58.99"
"Yanmega ex 2025 Scarlet & Violet: Destined Rivals #228/182 Special Illustration Rare PSA 9","58.54","$12.00","$20.50","$32.50 (10/24/2025)","$26.97","$20.50","$32.50","150.00","5","$134.87"
"Woobat 2025 Scarlet & Violet: White Flare #119/086 Illustration Rare CGC 9","58.33","$7.00","$12.00","$19.00 (10/04/2025)","$15.50","$12.00","$19.00","0.00","2","$31.00"
"Vanillish 2025 Scarlet & Violet: White Flare #112/086 Illustration Rare PSA 10","58.24","$49.50","$85.00","$134.50 (10/16/2025)","$109.75","$85.00","$134.50","100.00","2","$219.50"
"Cetitan ex 2025 Scarlet & Violet: Destined Rivals #210/182 Ultra Rare (Full Art) PSA 9","57.89","$5.50","$9.50","$15.00 (10/11/2025)","$12.25","$9.50","$15.00","0.00","2","$24.50"
"Whimsicott ex 2025 Japanese Scarlet & Violet: White Flare #167/086 Special Art Rare CGC 10","57.58","$9.50","$16.50","$26.00 (10/24/2025)","$22.75","$16.50","$29.00","0.00","4","$91.00"
"Minccino 2025 Scarlet & Violet: Black Bolt #152/086 Illustration Rare PSA 10","57.29","$50.99","$89.00","$139.99 (10/21/2025)","$120.37","$89.00","$139.99","0.00","4","$481.49"
"N's Zoroark ex 2025 Japanese Scarlet & Violet: Battle Partners #131/100 Ultra Rare (Secret) PSA 10","56.52","$16.25","$28.75","$45.00 (10/23/2025)","$37.51","$22.50","$50.00","-45.00","11","$412.66"
"Mandibuzz 2025 Scarlet & Violet: White Flare #145/086 Illustration Rare PSA 9","56.33","$5.07","$9.00","$14.07 (10/19/2025)","$15.40","$9.00","$20.03","300.00","4","$61.60"
"Lillipup 2025 Japanese Scarlet & Violet: White Flare #153/086 Art Rare CGC 10","56.29","$9.00","$15.99","$24.99 (10/20/2025)","$20.49","$15.99","$24.99","100.00","2","$40.98"
"Misty's Lapras 2025 Scarlet & Violet: Destined Rivals #194/182 Illustration Rare CGC 9.5","56.25","$18.00","$32.00","$50.00 (10/09/2025)","$41.00","$32.00","$50.00","-33.33","2","$82.00"
"Salamence ex 2025 Scarlet & Violet: Journey Together #187/159 Special Illustration Rare PSA 10","56.00","$140.00","$250.00","$390.00 (10/22/2025)","$390.31","$240.00","$525.00","-43.06","41","$16002.80"
"Gurdurr 2025 Scarlet & Violet: Black Bolt #126/086 Illustration Rare PSA 9","55.78","$5.55","$9.95","$15.50 (10/11/2025)","$13.17","$9.95","$15.50","66.67","5","$65.85"
"Leafeon 2025 Scarlet & Violet: Prismatic Evolutions #005/131 Poke Ball Reverse Holo PSA 9","55.56","$5.00","$9.00","$14.00 (10/22/2025)","$11.58","$0.99","$18.00","125.00","9","$104.23"
"Zorua 2025 Japanese Scarlet & Violet: White Flare #140/086 Art Rare PSA 9","55.00","$5.50","$10.00","$15.50 (10/19/2025)","$13.67","$10.00","$15.50","0.00","3","$41.00"
"Lugia ex 2025 Scarlet & Violet: Prismatic Evolutions #082/131 Double Rare PSA 10","54.90","$28.00","$51.00","$79.00 (10/21/2025)","$60.00","$49.99","$79.00","-50.00","3","$179.99"
"Crustle 2025 Japanese Scarlet & Violet: Heat Wave Arena #067/063 Art Rare CGC 10","53.78","$8.39","$15.60","$23.99 (10/22/2025)","$21.19","$15.60","$23.99","50.00","3","$63.58"
"Pinsir 2025 Scarlet & Violet: Prismatic Evolutions #003/131 Master Ball Reverse Holo PSA 9","53.69","$3.49","$6.50","$9.99 (10/05/2025)","$8.25","$6.50","$9.99","0.00","2","$16.49"
"Team Rocket's Koffing 2025 Japanese Scarlet & Violet: Glory of Team Rocket #069/098 Base PSA 10","53.49","$11.50","$21.50","$33.00 (10/19/2025)","$27.25","$21.50","$33.00","0.00","2","$54.50"
"Pansage 2025 Japanese Scarlet & Violet: Black Bolt #089/086 Art Rare CGC 10","52.88","$8.99","$17.00","$25.99 (09/28/2025)","$21.49","$17.00","$25.99","-33.33","2","$42.99"
"Team Rocket's Meowth 2025 Japanese Scarlet & Violet: Glory of Team Rocket #109/098 Art Rare CGC 9","52.08","$5.00","$9.60","$14.60 (10/19/2025)","$13.70","$9.60","$16.00","-33.33","4","$54.80"
"Mega Charizard X ex 2025 Japanese Mega: Inferno X #13/80 Double Rare PSA 10","51.86","$82.98","$160.00","$242.98 (10/23/2025)","$201.49","$160.00","$242.98","0.00","2","$402.98"
"Team Rocket's Persian ex 2025 Scarlet & Violet: Destined Rivals #219/182 Ultra Rare (Full Art) CGC 9","51.52","$6.80","$13.20","$20.00 (10/19/2025)","$15.84","$10.80","$22.00","28.57","9","$142.60"
"Jolteon 2025 Scarlet & Violet: Prismatic Evolutions #029/131 Master Ball Reverse Holo CGC 9","51.52","$6.80","$13.20","$20.00 (10/11/2025)","$16.60","$13.20","$20.00","0.00","2","$33.20"
"Iron Leaves ex 2025 Scarlet & Violet: Prismatic Evolutions #176/131 Hyper Rare (Secret) PSA 10","50.94","$27.00","$53.00","$80.00 (10/20/2025)","$69.37","$53.00","$89.99","100.00","6","$416.23"
"Bronzor 2025 Scarlet & Violet: Prismatic Evolutions #066/131 Poke Ball Reverse Holo CGC 9","50.75","$1.01","$1.99","$3.00 (10/20/2025)","$2.50","$1.99","$3.00","0.00","2","$4.99"
"Ferroseed 2025 Scarlet & Violet: White Flare #148/086 Illustration Rare PSA 9","50.50","$7.55","$14.95","$22.50 (10/11/2025)","$17.47","$14.95","$22.50","0.00","3","$52.40"
"Patrat 2025 Scarlet & Violet: White Flare #152/086 Illustration Rare PSA 10","50.40","$40.30","$79.95","$120.25 (10/17/2025)","$106.81","$79.95","$140.50","200.00","3","$320.44"
"Stufful 2025 Japanese Mega Symphonia #75/63 Art Rare PSA 10","50.00","$15.00","$30.00","$45.00 (10/24/2025)","$36.25","$30.00","$45.00","300.00","4","$145.00"
"Vullaby 2025 Scarlet & Violet: White Flare #144/086 Illustration Rare PSA 10","50.00","$40.00","$80.00","$120.00 (10/24/2025)","$100.00","$80.00","$120.00","0.00","2","$200.00"
"Umbreon ex 2025 Scarlet & Violet: Prismatic Evolutions #060/131 Double Rare CGC 10","49.95","$9.99","$20.00","$29.99 (10/17/2025)","$25.67","$10.50","$44.00","50.00","6","$153.99"
"Team Rocket's Wobbuffet 2025 Japanese Scarlet & Violet: Glory of Team Rocket #103/098 Art Rare CGC 10","49.92","$9.98","$20.00","$29.98 (10/15/2025)","$26.66","$20.00","$29.99","-50.00","3","$79.97"
"Sewaddle 2025 Scarlet & Violet: White Flare #087/086 Illustration Rare PSA 9","49.03","$7.11","$14.50","$21.61 (10/16/2025)","$18.87","$14.50","$21.61","0.00","3","$56.61"
"Patrat 2025 Scarlet & Violet: White Flare #072/086 Master Ball Reverse Holo PSA 10","48.94","$11.50","$23.50","$35.00 (10/22/2025)","$29.25","$23.50","$35.00","0.00","2","$58.50"
"Pidove 2025 Scarlet & Violet: Black Bolt #148/086 Illustration Rare PSA 10","48.79","$58.55","$120.00","$178.55 (10/17/2025)","$159.03","$120.00","$181.59","0.00","3","$477.09"
"Archeops 2025 Japanese Scarlet & Violet: White Flare #130/086 Art Rare PSA 10","48.70","$13.10","$26.90","$40.00 (10/22/2025)","$33.45","$26.90","$40.00","100.00","2","$66.90"
"Iono's Bellibolt ex 2025 Scarlet & Violet: Journey Together #053/159 Double Rare CGC 10","48.15","$5.20","$10.80","$16.00 (10/22/2025)","$13.43","$10.80","$16.00","50.00","3","$40.30"
"Team Rocket's Proton 2025 Scarlet & Violet: Destined Rivals #227/182 Ultra Rare (Full Art) PSA 10","48.11","$12.99","$27.00","$39.99 (10/15/2025)","$32.40","$20.00","$42.00","120.00","11","$356.45"
"Electivire ex 2025 Scarlet & Violet: Destined Rivals #212/182 Ultra Rare (Full Art) PSA 9","48.07","$6.49","$13.50","$19.99 (10/23/2025)","$13.98","$7.50","$19.99","100.00","4","$55.94"
"Team Rocket's Murkrow 2025 Scarlet & Violet: Destined Rivals #200/182 Illustration Rare CGC 10","47.86","$13.40","$28.00","$41.40 (10/24/2025)","$36.71","$23.50","$65.00","140.00","12","$440.50"
"Espeon 2025 Scarlet & Violet: Prismatic Evolutions #033/131 Master Ball Reverse Holo CGC 9","47.73","$6.30","$13.20","$19.50 (10/23/2025)","$14.90","$12.00","$19.50","0.00","3","$44.70"
"Yanmega ex 2025 Japanese Scarlet & Violet: Heat Wave Arena #076/063 Super Rare (Full Art) CGC 10","47.37","$7.39","$15.60","$22.99 (10/24/2025)","$19.29","$15.60","$22.99","0.00","2","$38.59"
"Ducklett 2025 Scarlet & Violet: White Flare #109/086 Illustration Rare PSA 8","46.60","$6.99","$15.00","$21.99 (10/20/2025)","$18.49","$15.00","$21.99","100.00","2","$36.99"
"Mega Lucario ex 2025 Japanese Mega Brave #78/63 Super Rare (Full Art) CGC 10","46.37","$20.59","$44.40","$64.99 (10/19/2025)","$42.49","$37.00","$64.99","133.33","14","$594.79"
"Salamence ex 2025 Scarlet & Violet: Journey Together #177/159 Ultra Rare (Full Art) PSA 9","46.15","$3.00","$6.50","$9.50 (10/24/2025)","$15.09","$6.50","$23.79","35.71","19","$286.62"
"Iono's Bellibolt ex 2025 Japanese Scarlet & Violet: Battle Partners #114/100 Super Rare (Full Art) CGC 10","46.10","$11.04","$23.95","$34.99 (10/24/2025)","$29.47","$23.95","$34.99","0.00","2","$58.94"
"Gurdurr 2025 Scarlet & Violet: Black Bolt #126/086 Illustration Rare PSA 8","45.73","$4.55","$9.95","$14.50 (10/15/2025)","$12.22","$9.95","$14.50","0.00","2","$24.45"
"Team Rocket's Persian ex 2025 Scarlet & Violet: Destined Rivals #219/182 Ultra Rare (Full Art) BGS 9.5","45.67","$16.44","$36.00","$52.44 (10/21/2025)","$44.22","$36.00","$52.44","0.00","2","$88.44"
"Seismitoad 2025 Scarlet & Violet: Black Bolt #105/086 Illustration Rare PSA 7","45.51","$45.51","$99.99","$145.50 (10/23/2025)","$122.75","$99.99","$145.50","100.00","2","$245.49"
"Team Rocket's Mewtwo ex 2025 Scarlet & Violet: Destined Rivals #213/182 Ultra Rare (Full Art) PSA 8","45.45","$12.50","$27.50","$40.00 (10/16/2025)","$34.50","$27.50","$40.00","200.00","3","$103.50"
"Raging Bolt ex 2025 Scarlet & Violet: Prismatic Evolutions #166/131 Special Illustration Rare PSA 9","45.43","$37.48","$82.50","$119.98 (10/24/2025)","$83.24","$57.00","$119.98","46.67","22","$1831.18"
"Iono's Bellibolt ex 2025 Japanese Scarlet & Violet: Battle Partners #125/100 Special Art Rare CGC 10","44.93","$31.00","$69.00","$100.00 (10/19/2025)","$77.13","$62.40","$100.00","200.00","3","$231.40"
"Dwebble 2025 Scarlet & Violet: Black Bolt #129/086 Illustration Rare PSA 10","44.90","$110.00","$245.00","$355.00 (10/21/2025)","$293.00","$245.00","$355.00","400.00","5","$1465.00"
"Zamazenta 2025 Scarlet & Violet: Destined Rivals #201/182 Illustration Rare CGC 10","44.79","$12.90","$28.80","$41.70 (10/21/2025)","$34.55","$26.00","$42.00","33.33","4","$138.20"
"Pecharunt ex 2025 Scarlet & Violet: Prismatic Evolutions #163/131 Special Illustration Rare CGC 10","44.33","$21.50","$48.50","$70.00 (10/24/2025)","$59.25","$48.50","$70.00","0.00","2","$118.50"
"Hop's Zacian ex 2025 Scarlet & Violet: Journey Together #186/159 Special Illustration Rare PSA 8","44.00","$11.00","$25.00","$36.00 (10/22/2025)","$33.31","$25.00","$45.00","20.00","6","$199.85"
"Escavalier 2025 Scarlet & Violet: Black Bolt #138/086 Illustration Rare PSA 10","43.77","$24.05","$54.95","$79.00 (10/23/2025)","$68.99","$54.95","$79.00","400.00","5","$344.94"
"Virizion 2025 Scarlet & Violet: White Flare #095/086 Illustration Rare PSA 9","43.59","$8.50","$19.50","$28.00 (10/14/2025)","$23.75","$19.50","$28.00","100.00","2","$47.50"
"Iono's Kilowattrel 2025 Japanese Scarlet & Violet: Battle Partners #104/100 Art Rare CGC 10","43.39","$4.99","$11.50","$16.49 (10/12/2025)","$14.66","$11.50","$16.49","-66.67","3","$43.99"
"Team Rocket's Mewtwo ex 2025 Japanese Scarlet & Violet: Glory of Team Rocket #125/098 Special Art Rare CGC 10","43.06","$155.00","$360.00","$515.00 (10/21/2025)","$356.22","$300.00","$515.00","50.00","9","$3206.01"
"Levincia 2025 Scarlet & Violet: Destined Rivals #244/182 Hyper Rare (Secret) PSA 10","42.91","$10.81","$25.19","$36.00 (10/20/2025)","$33.03","$25.19","$36.00","-16.67","5","$165.17"
"Scraggy 2025 Japanese Scarlet & Violet: White Flare #136/086 Art Rare CGC 10","42.87","$12.00","$27.99","$39.99 (10/15/2025)","$33.79","$22.99","$39.99","150.00","5","$168.95"
"Steelix 2025 Japanese Mega Brave #73/63 Art Rare CGC 10","42.86","$10.80","$25.20","$36.00 (10/24/2025)","$25.71","$13.20","$40.00","154.55","28","$719.86"
"Alakazam 2025 Japanese Mega Symphonia #38/63 Holo PSA 9","42.86","$18.00","$42.00","$60.00 (10/22/2025)","$51.00","$42.00","$60.00","0.00","2","$102.00"
"N's Zoroark ex 2025 Scarlet & Violet: Journey Together #189/159 Hyper Rare (Secret) PSA 8","42.86","$6.00","$14.00","$20.00 (10/23/2025)","$15.25","$12.50","$20.00","400.00","5","$76.25"
"Team Rocket's Hypno 2025 Scarlet & Violet: Destined Rivals #080/182 Base PSA 10","42.86","$7.50","$17.50","$25.00 (10/10/2025)","$21.25","$17.50","$25.00","0.00","2","$42.50"
"Emboar 2025 Japanese Scarlet & Violet: White Flare #098/086 Art Rare PSA 10","42.85","$17.14","$40.00","$57.14 (10/20/2025)","$48.67","$38.00","$59.99","0.00","6","$292.01"
"Misty's Lapras 2025 Japanese Scarlet & Violet: Heat Wave Arena #072/063 Art Rare CGC 10","42.82","$11.99","$28.00","$39.99 (10/18/2025)","$30.16","$20.50","$39.99","-43.75","9","$271.48"
"Ivysaur 2025 Japanese Mega Brave #65/63 Art Rare PSA 9","42.80","$7.49","$17.50","$24.99 (10/24/2025)","$21.24","$17.50","$24.99","0.00","2","$42.49"
"Hearthflame Mask Ogerpon ex 2025 Scarlet & Violet: Prismatic Evolutions #148/131 Special Illustration Rare PSA 9","42.77","$8.23","$19.26","$27.49 (10/19/2025)","$24.71","$16.50","$35.29","-57.14","6","$148.28"
"Krokorok 2025 Scarlet & Violet: Black Bolt #136/086 Illustration Rare PSA 9","42.61","$4.90","$11.50","$16.40 (10/24/2025)","$13.95","$11.50","$16.40","100.00","2","$27.90"
"N's Plot 2025 Japanese Scarlet & Violet: Black Bolt #165/086 Super Rare (Full Art) PSA 10","42.05","$14.80","$35.20","$50.00 (10/22/2025)","$50.80","$35.20","$64.00","33.33","4","$203.20"
"Friends in Paldea 2025 Scarlet & Violet: Prismatic Evolutions #137/131 Ultra Rare (Full Art) PSA 10","41.69","$14.59","$35.00","$49.59 (10/01/2025)","$37.65","$26.00","$49.59","-60.00","4","$150.59"
"Lugia ex 2025 Scarlet & Violet: Prismatic Evolutions #082/131 Double Rare PSA 9","41.64","$4.99","$12.00","$16.99 (10/18/2025)","$16.21","$10.00","$21.25","60.00","8","$129.72"
"Reshiram ex 2025 Japanese Scarlet & Violet: White Flare #160/086 Super Rare (Full Art) CGC 10","41.52","$6.02","$14.50","$20.52 (10/09/2025)","$17.51","$14.50","$20.52","100.00","2","$35.02"
"Team Rocket's Persian ex 2025 Japanese Scarlet & Violet: Glory of Team Rocket #118/098 Super Rare (Full Art) PSA 10","41.29","$19.40","$46.99","$66.39 (10/05/2025)","$56.69","$46.99","$66.39","-33.33","2","$113.38"
"Maractus 2025 Japanese Scarlet & Violet: Battle Partners #101/100 Art Rare CGC 10","40.71","$6.35","$15.60","$21.95 (10/22/2025)","$16.52","$12.00","$21.95","-25.00","3","$49.55"
"Petilil 2025 Scarlet & Violet: Black Bolt #091/086 Illustration Rare PSA 9","40.43","$4.75","$11.75","$16.50 (10/23/2025)","$14.13","$11.75","$16.50","100.00","2","$28.25"
"Zoroark 2025 Japanese Scarlet & Violet: White Flare #141/086 Art Rare CGC 10","40.06","$10.01","$24.99","$35.00 (10/11/2025)","$29.99","$24.99","$35.00","-50.00","2","$59.99"
"Team Rocket's Giovanni 2025 Scarlet & Violet: Destined Rivals #225/182 Ultra Rare (Full Art) PSA 10","40.03","$20.01","$49.99","$70.00 (10/22/2025)","$60.04","$45.00","$94.29","90.00","19","$1140.82"
"Lacey 2025 Scarlet & Violet: Prismatic Evolutions #175/131 Special Illustration Rare PSA 10","40.00","$30.00","$75.00","$105.00 (10/17/2025)","$82.20","$75.00","$105.00","-16.67","5","$410.99"
"Electrike 2025 Scarlet & Violet: Destined Rivals #196/182 Illustration Rare PSA 10","39.99","$18.00","$45.00","$63.00 (10/24/2025)","$63.59","$39.87","$85.85","144.44","22","$1399.09"
"Yanma 2025 Scarlet & Violet: Destined Rivals #183/182 Illustration Rare PSA 10","39.98","$19.99","$50.00","$69.99 (10/22/2025)","$68.29","$50.00","$101.95","11.11","10","$682.94"
"Mega Charizard X ex 2025 Japanese Mega: Inferno X #116/80 Mega Ultra Rare (Secret) PSA 9","39.61","$305.00","$770.00","$1075.00 (10/21/2025)","$745.83","$570.00","$1075.00","0.00","6","$4475.00"
"Larvesta 2025 Japanese Scarlet & Violet: Black Bolt #103/086 Art Rare CGC 10","39.53","$3.40","$8.60","$12.00 (10/15/2025)","$10.30","$8.60","$12.00","-66.67","2","$20.60"
"Reuniclus 2025 Japanese Scarlet & Violet: Black Bolt #125/086 Art Rare CGC 9","39.21","$3.38","$8.62","$12.00 (10/23/2025)","$9.56","$8.07","$12.00","0.00","3","$28.69"
"Durant 2025 Scarlet & Violet: White Flare #150/086 Illustration Rare PSA 9","38.80","$5.80","$14.95","$20.75 (10/24/2025)","$18.05","$14.95","$20.75","300.00","4","$72.19"
"Hydrapple 2025 Japanese Scarlet & Violet: Heat Wave Arena #068/063 Art Rare PSA 10","38.46","$10.00","$26.00","$36.00 (10/23/2025)","$28.76","$22.40","$36.00","-14.29","12","$345.10"
"Dwebble 2025 Japanese Scarlet & Violet: Black Bolt #135/086 Art Rare PSA 10","38.10","$16.00","$42.00","$58.00 (10/20/2025)","$50.00","$42.00","$58.00","0.00","4","$200.00"
"Exeggcute 2025 Scarlet & Violet: Prismatic Evolutions #001/131 Poke Ball Reverse Holo PSA 9","37.93","$2.75","$7.25","$10.00 (10/20/2025)","$8.63","$7.25","$10.00","0.00","2","$17.25"
"Munna 2025 Japanese Scarlet & Violet: Black Bolt #121/086 Art Rare PSA 10","37.93","$11.00","$29.00","$40.00 (10/08/2025)","$33.00","$29.00","$40.00","0.00","3","$99.00"
"Leafeon 2025 Scarlet & Violet: Prismatic Evolutions #005/131 Holo PSA 10","37.90","$10.99","$29.00","$39.99 (10/23/2025)","$34.50","$29.00","$39.99","0.00","2","$68.99"
"Gumshoos 2025 Japanese Mega Brave #75/63 Art Rare PSA 10","37.50","$15.00","$40.00","$55.00 (10/09/2025)","$47.50","$40.00","$55.00","0.00","2","$95.00"
"Zoroark 2025 Scarlet & Violet: White Flare #143/086 Illustration Rare PSA 10","37.44","$82.00","$219.00","$301.00 (10/11/2025)","$260.00","$219.00","$301.00","0.00","2","$520.00"
"Volcanion ex 2025 Scarlet & Violet: Journey Together #182/159 Special Illustration Rare PSA 8","37.27","$5.97","$16.02","$21.99 (10/21/2025)","$19.00","$16.02","$21.99","0.00","2","$38.01"
"Cobalion 2025 Scarlet & Violet: Black Bolt #144/086 Illustration Rare PSA 9","37.12","$5.55","$14.95","$20.50 (10/22/2025)","$18.66","$14.95","$20.52","200.00","3","$55.97"
"Litwick 2025 Scarlet & Violet: White Flare #101/086 Illustration Rare PSA 9","36.71","$11.01","$29.99","$41.00 (10/20/2025)","$27.87","$20.00","$41.00","0.00","4","$111.49"
"Ethan's Ho-Oh ex 2025 Japanese Scarlet & Violet: Heat Wave Arena #077/063 Super Rare (Full Art) CGC 10","36.71","$6.31","$17.19","$23.50 (10/13/2025)","$20.34","$17.19","$23.50","-77.78","2","$40.69"
"Ethan's Ho-Oh ex 2025 Scarlet & Violet: Destined Rivals #230/182 Special Illustration Rare PSA 10","36.66","$205.66","$561.00","$766.66 (10/22/2025)","$683.78","$455.00","$799.99","-3.51","55","$37608.13"
"Salamence ex 2025 Japanese Scarlet & Violet: Battle Partners #119/100 Super Rare (Full Art) CGC 9","36.36","$4.80","$13.20","$18.00 (10/18/2025)","$15.60","$13.20","$18.00","0.00","2","$31.20"
"Leafeon ex 2025 Scarlet & Violet: Prismatic Evolutions #144/131 Special Illustration Rare PSA 8","36.36","$80.00","$220.00","$300.00 (10/15/2025)","$246.67","$220.00","$300.00","-25.00","3","$740.00"
"Hop's Zacian ex 2025 Japanese Scarlet & Violet: Battle Partners #118/100 Super Rare (Full Art) PSA 10","36.00","$9.00","$25.00","$34.00 (10/05/2025)","$29.20","$25.00","$34.00","-70.59","5","$146.00"
"Iono's Bellibolt ex 2025 Scarlet & Violet: Journey Together #188/159 Hyper Rare (Secret) PSA 10","35.87","$33.00","$92.00","$125.00 (10/24/2025)","$90.97","$69.99","$125.00","-43.75","9","$818.74"
"Misty's Psyduck 2025 Japanese Scarlet & Violet: Heat Wave Arena #071/063 Art Rare BGS 10 Pristine","35.37","$29.00","$82.00","$111.00 (10/07/2025)","$96.50","$82.00","$111.00","-33.33","2","$193.00"
"Volcanion ex 2025 Japanese Scarlet & Violet: Battle Partners #124/100 Special Art Rare PSA 10","35.33","$13.95","$39.50","$53.45 (10/24/2025)","$42.21","$26.00","$69.98","25.00","20","$844.29"
"Druddigon 2025 Scarlet & Violet: White Flare #151/086 Illustration Rare PSA 9","35.29","$6.00","$17.00","$23.00 (10/14/2025)","$17.75","$11.50","$23.00","0.00","4","$71.00"
"Cynthia's Roserade 2025 Scarlet & Violet: Destined Rivals #184/182 Illustration Rare CGC 10","35.02","$15.76","$45.00","$60.76 (10/24/2025)","$57.05","$45.00","$74.99","250.00","7","$399.35"
"Gothita 2025 Scarlet & Violet: White Flare #124/086 Illustration Rare PSA 9","34.78","$4.00","$11.50","$15.50 (10/21/2025)","$17.89","$11.50","$20.50","0.00","7","$125.21"
"Eevee 2025 Scarlet & Violet: Prismatic Evolutions #074/131 Base CGC 9","34.74","$3.99","$11.50","$15.49 (10/13/2025)","$14.16","$11.00","$19.99","50.00","3","$42.49"
"Hop's Wooloo 2025 Japanese Scarlet & Violet: Battle Partners #112/100 Art Rare PSA 10","34.62","$8.23","$23.77","$32.00 (10/18/2025)","$35.56","$15.54","$53.88","-40.91","13","$462.23"
"Misty's Lapras 2025 Scarlet & Violet: Destined Rivals #194/182 Illustration Rare CGC 8.5","34.62","$9.00","$26.00","$35.00 (10/16/2025)","$30.50","$26.00","$35.00","0.00","2","$61.00"
"Samurott 2025 Japanese Scarlet & Violet: White Flare #020/086 Reverse Holo CGC 10","34.21","$4.33","$12.67","$17.00 (10/11/2025)","$15.38","$12.00","$20.40","60.00","8","$123.00"
"Team Rocket's Raticate 2025 Scarlet & Violet: Destined Rivals #202/182 Illustration Rare CGC 9.5","34.12","$5.80","$17.00","$22.80 (10/12/2025)","$19.90","$17.00","$22.80","0.00","2","$39.80"
"Leafeon ex 2025 Scarlet & Violet: Prismatic Evolutions #144/131 Special Illustration Rare CGC 10","33.91","$115.30","$340.00","$455.30 (10/08/2025)","$373.10","$324.00","$455.30","0.00","3","$1119.30"
"Drayton 2025 Scarlet & Violet: Prismatic Evolutions #172/131 Special Illustration Rare PSA 8","33.90","$3.56","$10.50","$14.06 (10/19/2025)","$12.28","$10.50","$14.06","0.00","2","$24.56"
"Hearthflame Mask Ogerpon ex 2025 Scarlet & Violet: Prismatic Evolutions #148/131 Special Illustration Rare PSA 10","33.72","$29.00","$86.00","$115.00 (10/19/2025)","$106.00","$85.00","$135.00","50.00","6","$635.99"
"Wellspring Mask Ogerpon ex 2025 Scarlet & Violet: Prismatic Evolutions #152/131 Special Illustration Rare PSA 10","33.72","$29.00","$86.00","$115.00 (10/20/2025)","$91.29","$70.50","$115.00","33.33","8","$730.30"
"Hop's Snorlax 2025 Japanese Scarlet & Violet: Battle Partners #075/100 Holo CGC 10","33.46","$3.51","$10.49","$14.00 (10/23/2025)","$12.25","$10.49","$14.00","100.00","2","$24.49"
"Mega Latias ex 2025 Japanese Mega Symphonia #49/63 Double Rare CGC 9","33.33","$3.00","$9.00","$12.00 (10/13/2025)","$10.00","$8.40","$12.00","0.00","3","$30.00"
"Vaporeon 2025 Scarlet & Violet: Prismatic Evolutions #022/131 Holo CGC 9.5","33.33","$2.40","$7.20","$9.60 (10/19/2025)","$8.40","$7.20","$9.60","100.00","2","$16.80"
"Vaporeon ex 2025 Scarlet & Violet: Prismatic Evolutions #023/131 Double Rare CGC 9","33.33","$2.50","$7.50","$10.00 (10/16/2025)","$9.43","$7.50","$10.80","0.00","3","$28.30"
"Rapidash 2025 Scarlet & Violet: Destined Rivals #189/182 Illustration Rare PSA 8","33.33","$3.75","$11.25","$15.00 (10/23/2025)","$14.93","$11.25","$18.54","200.00","3","$44.79"
"Lillie's Ribombee 2025 Japanese Scarlet & Violet: Battle Partners #105/100 Art Rare BGS 9.5","33.33","$5.00","$15.00","$20.00 (10/17/2025)","$18.17","$15.00","$20.00","0.00","3","$54.50"
"Oshawott 2025 Scarlet & Violet: White Flare #105/086 Illustration Rare PSA 8","33.33","$10.00","$30.00","$40.00 (10/23/2025)","$37.20","$20.00","$61.00","0.00","5","$186.00"
"Wailord 2025 Japanese Scarlet & Violet: Battle Partners #103/100 Art Rare CGC 10","33.32","$5.50","$16.50","$22.00 (10/24/2025)","$20.04","$14.40","$29.99","12.50","18","$360.67"
"Beheeyem 2025 Japanese Scarlet & Violet: Black Bolt #127/086 Art Rare CGC 10","33.32","$6.50","$19.49","$25.99 (10/24/2025)","$21.66","$11.00","$27.99","0.00","3","$64.98"
"Team Rocket's Murkrow 2025 Scarlet & Violet: Destined Rivals #200/182 Illustration Rare CGC 9","33.27","$4.99","$15.00","$19.99 (10/01/2025)","$17.49","$15.00","$19.99","0.00","2","$34.99"
"Gholdengo ex 2025 Scarlet & Violet: Prismatic Evolutions #164/131 Special Illustration Rare PSA 9","33.25","$16.96","$51.00","$67.96 (10/19/2025)","$56.13","$32.00","$95.56","33.33","12","$673.51"
"Atticus 2025 Scarlet & Violet: Prismatic Evolutions #134/131 Ultra Rare (Full Art) PSA 8","33.21","$2.74","$8.25","$10.99 (10/07/2025)","$9.62","$8.25","$10.99","0.00","2","$19.24"
"Excadrill ex 2025 Japanese Scarlet & Violet: Black Bolt #163/086 Super Rare (Full Art) CGC 10","33.20","$2.49","$7.50","$9.99 (10/04/2025)","$8.75","$7.50","$9.99","0.00","2","$17.49"
"Team Rocket's Archer 2025 Japanese Scarlet & Violet: Glory of Team Rocket #120/098 Super Rare (Full Art) PSA 10","32.84","$11.50","$35.00","$46.50 (10/14/2025)","$42.66","$35.00","$54.99","200.00","3","$127.99"
"Mega Gardevoir ex 2025 Japanese Mega Symphonia #92/63 Mega Ultra Rare (Secret) PSA 9","32.80","$82.01","$250.00","$332.01 (10/24/2025)","$267.63","$202.50","$332.01","-63.64","4","$1070.51"
"Spearow 2025 Japanese Mega Brave #74/63 Art Rare PSA 10","32.50","$13.00","$40.00","$53.00 (10/23/2025)","$42.01","$33.02","$53.00","0.00","3","$126.02"
"Electivire ex 2025 Scarlet & Violet: Destined Rivals #212/182 Ultra Rare (Full Art) PSA 10","32.50","$13.00","$40.00","$53.00 (10/19/2025)","$45.11","$25.90","$72.00","-11.11","8","$360.88"
"Team Rocket's Houndoom 2025 Scarlet & Violet: Destined Rivals #191/182 Illustration Rare PSA 10","32.35","$55.00","$170.00","$225.00 (10/24/2025)","$212.26","$170.00","$316.95","-12.50","49","$10400.79"
"Harlequin 2025 Scarlet & Violet: White Flare #163/086 Ultra Rare (Full Art) PSA 9","32.26","$5.00","$15.50","$20.50 (10/23/2025)","$13.91","$10.00","$20.50","50.00","6","$83.45"
"Kyurem ex 2025 Scarlet & Violet: Black Bolt #165/086 Special Illustration Rare CGC 10","32.11","$31.60","$98.40","$130.00 (10/13/2025)","$114.20","$98.40","$130.00","100.00","2","$228.40"
"Team Rocket's Moltres ex 2025 Scarlet & Violet: Destined Rivals #229/182 Special Illustration Rare PSA 10","32.09","$157.67","$491.33","$649.00 (10/24/2025)","$507.70","$405.00","$649.00","-11.11","40","$20307.82"
"Team Rocket's Raticate 2025 Scarlet & Violet: Destined Rivals #202/182 Illustration Rare CGC 10","32.00","$9.60","$30.00","$39.60 (10/19/2025)","$36.53","$30.00","$40.00","-25.00","3","$109.60"
"Hop's Wooloo 2025 Japanese Scarlet & Violet: Battle Partners #112/100 Art Rare PSA 9","31.82","$3.50","$11.00","$14.50 (10/17/2025)","$13.58","$6.49","$19.57","40.00","7","$95.06"
"Marshadow 2025 Japanese Mega Brave #69/63 Art Rare PSA 10","31.33","$28.20","$90.00","$118.20 (10/24/2025)","$163.24","$85.00","$275.00","500.00","18","$2938.39"
"Mega Lucario ex 2025 Japanese Mega Brave #92/63 Mega Ultra Rare (Secret) PSA 9","31.03","$90.00","$290.00","$380.00 (10/24/2025)","$351.58","$270.00","$598.40","-25.00","9","$3164.18"
"Mega Venusaur ex 2025 Mega Evolution #003/132 Double Rare CGC 10","30.95","$7.80","$25.20","$33.00 (10/23/2025)","$29.10","$25.20","$33.00","0.00","2","$58.20"
"Veluza ex 2025 Scarlet & Violet: Journey Together #043/159 Double Rare CGC 9.5","30.95","$2.60","$8.40","$11.00 (10/01/2025)","$9.70","$8.40","$11.00","0.00","2","$19.40"
"Mela 2025 Scarlet & Violet: Prismatic Evolutions #140/131 Ultra Rare (Full Art) PSA 9","30.89","$5.19","$16.80","$21.99 (10/09/2025)","$19.39","$16.80","$21.99","-71.43","2","$38.79"
"Zekrom ex 2025 Japanese Scarlet & Violet: Black Bolt #037/086 Double Rare CGC 9","30.00","$3.00","$10.00","$13.00 (10/05/2025)","$11.50","$10.00","$13.00","0.00","2","$23.00"
"Yanma 2025 Scarlet & Violet: Destined Rivals #183/182 Illustration Rare PSA 9","29.94","$4.94","$16.50","$21.44 (10/23/2025)","$17.05","$12.00","$23.95","8.33","13","$221.69"
"Cynthia's Garchomp ex 2025 Scarlet & Violet: Destined Rivals #232/182 Special Illustration Rare CGC 10","29.70","$110.50","$372.00","$482.50 (10/13/2025)","$445.67","$372.00","$575.00","50.00","3","$1337.00"
"Team Rocket's Zapdos 2025 Scarlet & Violet: Destined Rivals #070/182 Holo PSA 9","29.68","$8.01","$26.99","$35.00 (10/14/2025)","$30.99","$26.99","$35.00","0.00","2","$61.99"
"Team Rocket's Moltres ex 2025 Japanese Scarlet & Violet: Glory of Team Rocket #124/098 Special Art Rare BGS 10 Pristine","29.48","$73.99","$251.01","$325.00 (10/05/2025)","$288.00","$251.01","$325.00","0.00","2","$576.01"
"Judge 2025 Scarlet & Violet: Destined Rivals #222/182 Ultra Rare (Full Art) PSA 9","29.41","$1.25","$4.25","$5.50 (10/20/2025)","$4.88","$4.25","$5.50","100.00","2","$9.75"
"N's Plan 2025 Scarlet & Violet: Black Bolt #170/086 Special Illustration Rare CGC 9","29.06","$15.69","$54.00","$69.69 (10/23/2025)","$61.84","$54.00","$69.69","0.00","2","$123.69"
"Flareon ex 2025 Scarlet & Violet: Prismatic Evolutions #146/131 Special Illustration Rare PSA 9","29.03","$45.00","$155.00","$200.00 (10/24/2025)","$190.35","$143.50","$319.00","72.41","50","$9517.66"
"Team Rocket's Murkrow 2025 Scarlet & Violet: Destined Rivals #200/182 Illustration Rare PSA 9","28.88","$5.13","$17.74","$22.87 (10/24/2025)","$20.12","$9.50","$30.00","-9.09","20","$402.31"
"Team Rocket's Meowth 2025 Scarlet & Violet: Destined Rivals #203/182 Illustration Rare CGC 10","28.88","$14.90","$51.60","$66.50 (10/24/2025)","$78.10","$47.00","$149.00","266.67","11","$859.15"
"Mega Gardevoir ex 2025 Japanese Mega Symphonia #42/63 Double Rare CGC 9","28.57","$2.40","$8.40","$10.80 (10/19/2025)","$9.60","$8.40","$10.80","0.00","2","$19.20"
"Jolteon ex 2025 Scarlet & Violet: Prismatic Evolutions #153/131 Special Illustration Rare CGC 10","28.42","$67.50","$237.50","$305.00 (10/20/2025)","$274.39","$230.35","$344.11","400.00","5","$1371.96"
"Team Rocket's Nidoking ex 2025 Japanese Scarlet & Violet: Glory of Team Rocket #063/098 Double Rare CGC 10","28.21","$4.40","$15.60","$20.00 (10/22/2025)","$17.30","$15.60","$20.00","0.00","4","$69.20"
"N's Zoroark ex 2025 Scarlet & Violet: Journey Together #098/159 Double Rare PSA 10","28.18","$10.99","$39.00","$49.99 (10/06/2025)","$44.50","$39.00","$49.99","-60.00","2","$88.99"
"Flareon ex 2025 Scarlet & Violet: Prismatic Evolutions #014/131 Double Rare PSA 8","28.00","$3.36","$12.00","$15.36 (10/23/2025)","$13.17","$9.00","$15.36","400.00","5","$65.86"
"Glaceon 2025 Scarlet & Violet: Prismatic Evolutions #025/131 Poke Ball Reverse Holo PSA 8","27.78","$2.50","$9.00","$11.50 (10/14/2025)","$10.25","$9.00","$11.50","100.00","2","$20.50"
"Swanna 2025 Scarlet & Violet: White Flare #110/086 Illustration Rare PSA 10","27.66","$19.50","$70.50","$90.00 (10/24/2025)","$80.25","$70.50","$90.00","0.00","2","$160.50"
"Axew 2025 Scarlet & Violet: Black Bolt #145/086 Illustration Rare PSA 9","27.56","$5.51","$19.99","$25.50 (10/24/2025)","$25.28","$19.95","$33.00","250.00","7","$176.94"
"Lacey 2025 Scarlet & Violet: Prismatic Evolutions #175/131 Special Illustration Rare PSA 9","27.04","$7.44","$27.51","$34.95 (10/17/2025)","$32.39","$15.00","$57.50","-37.50","5","$161.96"
"Mienfoo 2025 Scarlet & Violet: White Flare #133/086 Illustration Rare PSA 9","27.02","$4.04","$14.95","$18.99 (10/24/2025)","$19.06","$14.50","$29.99","50.00","6","$114.38"
"Cofagrigus 2025 Scarlet & Violet: White Flare #123/086 Illustration Rare CGC 10","26.92","$8.40","$31.20","$39.60 (10/05/2025)","$35.40","$31.20","$39.60","0.00","2","$70.80"
"Umbreon 2025 Scarlet & Violet: Prismatic Evolutions #059/131 Holo PSA 10","26.92","$10.50","$39.00","$49.50 (10/17/2025)","$42.36","$24.00","$50.00","9.09","12","$508.27"
"Team Rocket's Wobbuffet 2025 Japanese Scarlet & Violet: Glory of Team Rocket #103/098 Art Rare PSA 10","26.84","$11.07","$41.25","$52.32 (10/21/2025)","$43.85","$30.00","$60.46","-27.78","26","$1140.13"
"Ethan's Ho-Oh ex 2025 Japanese Scarlet & Violet: Heat Wave Arena #086/063 Special Art Rare PSA 9","26.69","$27.60","$103.40","$131.00 (10/07/2025)","$117.20","$103.40","$131.00","0.00","2","$234.40"
"Marnie's Grimmsnarl ex 2025 Scarlet & Violet: Destined Rivals #136/182 Double Rare PSA 8","26.27","$2.07","$7.88","$9.95 (10/22/2025)","$8.57","$7.49","$9.95","0.00","3","$25.71"
"Crustle 2025 Scarlet & Violet: Destined Rivals #186/182 Illustration Rare PSA 10","26.09","$12.00","$46.00","$58.00 (10/16/2025)","$56.14","$45.14","$75.00","50.00","9","$505.29"
"Iron Leaves ex 2025 Scarlet & Violet: Prismatic Evolutions #176/131 Hyper Rare (Secret) PSA 9","25.93","$3.50","$13.50","$17.00 (10/23/2025)","$18.32","$13.50","$22.63","25.00","5","$91.62"
"Pansear 2025 Scarlet & Violet: White Flare #099/086 Illustration Rare PSA 9","25.93","$3.50","$13.50","$17.00 (10/24/2025)","$15.67","$13.50","$17.00","50.00","3","$47.00"
"Musharna 2025 Japanese Scarlet & Violet: Black Bolt #122/086 Art Rare CGC 10","25.56","$5.29","$20.70","$25.99 (10/24/2025)","$23.34","$20.70","$25.99","0.00","2","$46.69"
"Espeon 2025 Scarlet & Violet: Prismatic Evolutions #033/131 Master Ball Reverse Holo PSA 8","25.45","$5.09","$20.00","$25.09 (10/06/2025)","$22.53","$20.00","$25.09","50.00","3","$67.59"
"Articuno 2025 Japanese Scarlet & Violet: Battle Partners #102/100 Art Rare PSA 10","25.31","$10.13","$40.00","$50.13 (10/24/2025)","$46.02","$25.00","$76.00","46.85","163","$7500.80"
"Team Rocket's Nidoking ex 2025 Scarlet & Violet: Destined Rivals #233/182 Special Illustration Rare PSA 8","25.24","$27.20","$107.75","$134.95 (10/15/2025)","$121.35","$107.75","$134.95","-71.43","2","$242.70"
"Stunfisk 2025 Japanese Scarlet & Violet: White Flare #115/086 Art Rare PSA 10","25.03","$10.01","$39.99","$50.00 (10/18/2025)","$41.00","$33.00","$50.00","200.00","3","$122.99"
"Team Rocket's Persian ex 2025 Scarlet & Violet: Destined Rivals #219/182 Ultra Rare (Full Art) PSA 10","25.01","$12.00","$47.99","$59.99 (10/22/2025)","$53.79","$42.00","$70.00","5.88","18","$968.28"
"Whimsicott ex 2025 Scarlet & Violet: White Flare #165/086 Special Illustration Rare PSA 9","25.00","$6.00","$24.00","$30.00 (10/20/2025)","$27.33","$24.00","$30.00","0.00","3","$82.00"
"Team Rocket's Murkrow 2025 Scarlet & Violet: Destined Rivals #200/182 Illustration Rare PSA 10","25.00","$20.00","$80.00","$100.00 (10/25/2025)","$101.86","$70.00","$133.50","3.13","33","$3361.51"
"Shuckle 2025 Japanese Mega Symphonia #64/63 Art Rare PSA 10","25.00","$10.00","$40.00","$50.00 (10/13/2025)","$50.50","$40.00","$62.00","0.00","4","$201.99"
"Wellspring Mask Ogerpon ex 2025 Scarlet & Violet: Prismatic Evolutions #152/131 Special Illustration Rare PSA 9","25.00","$5.00","$20.00","$25.00 (10/18/2025)","$21.28","$15.00","$26.99","250.00","7","$148.99"
"Riolu 2025 Japanese Mega Brave #68/63 Art Rare CGC 10","25.00","$7.00","$28.00","$35.00 (10/22/2025)","$24.89","$19.20","$35.00","-25.00","15","$373.40"
"Mega Absol ex 2025 Japanese Mega Brave #38/63 Double Rare PSA 10","25.00","$15.00","$60.00","$75.00 (10/22/2025)","$67.50","$60.00","$75.00","0.00","2","$135.00"
"Ethan's Ho-Oh ex 2025 Scarlet & Violet: Destined Rivals #230/182 Special Illustration Rare PSA 8","25.00","$40.00","$160.00","$200.00 (10/24/2025)","$198.78","$160.00","$250.00","50.00","9","$1788.99"
"Team Rocket's Raticate 2025 Japanese Scarlet & Violet: Glory of Team Rocket #108/098 Art Rare CGC 10","24.95","$5.19","$20.80","$25.99 (10/24/2025)","$21.92","$15.00","$25.99","-50.00","7","$153.43"
"Beartic 2025 Scarlet & Violet: Black Bolt #110/086 Illustration Rare PSA 10","24.59","$15.00","$61.00","$76.00 (10/14/2025)","$68.50","$61.00","$76.00","0.00","2","$137.00"
"Lycanroc 2025 Japanese Scarlet & Violet: Battle Partners #107/100 Art Rare PSA 9","24.58","$2.95","$12.00","$14.95 (09/30/2025)","$13.97","$12.00","$15.50","0.00","3","$41.90"
"Cryogonal 2025 Scarlet & Violet: Black Bolt #111/086 Illustration Rare PSA 10","24.50","$24.50","$100.00","$124.50 (10/16/2025)","$112.25","$100.00","$124.50","0.00","2","$224.50"
"Ethan's Ho-Oh ex 2025 Scarlet & Violet: Destined Rivals #239/182 Hyper Rare (Secret) CGC 9","24.32","$4.50","$18.50","$23.00 (10/16/2025)","$20.75","$18.50","$23.00","100.00","2","$41.50"
"Servine 2025 Scarlet & Violet: Black Bolt #088/086 Illustration Rare PSA 9","24.29","$3.40","$14.00","$17.40 (10/23/2025)","$16.63","$14.00","$19.95","500.00","6","$99.80"
"Lillie's Clefairy ex 2025 Japanese Scarlet & Violet: Battle Partners #115/100 Super Rare (Full Art) PSA 9","24.24","$4.00","$16.50","$20.50 (10/10/2025)","$18.50","$16.50","$20.50","100.00","2","$37.00"
"Musharna 2025 Scarlet & Violet: Black Bolt #117/086 Illustration Rare PSA 9","24.00","$3.00","$12.50","$15.50 (10/05/2025)","$14.00","$12.50","$15.50","-33.33","2","$28.00"
"Zekrom ex 2025 Scarlet & Violet: Black Bolt #172/086 Black White Rare (Secret) BGS 9.5","23.96","$122.22","$510.00","$632.22 (10/16/2025)","$610.56","$500.00","$800.00","300.00","4","$2442.22"
"Fennel 2025 Scarlet & Violet: Black Bolt #162/086 Ultra Rare (Full Art) PSA 10","23.81","$10.00","$42.00","$52.00 (10/19/2025)","$48.50","$42.00","$57.99","50.00","6","$290.99"
"Blaziken 2025 Scarlet & Violet: Destined Rivals #192/182 Illustration Rare PSA 9","23.71","$5.75","$24.25","$30.00 (10/23/2025)","$24.31","$10.52","$35.00","-5.41","35","$850.96"
"Scolipede 2025 Scarlet & Violet: Black Bolt #134/086 Illustration Rare PSA 10","23.58","$20.99","$89.00","$109.99 (10/09/2025)","$99.50","$89.00","$109.99","100.00","2","$198.99"
"Eri 2025 Scarlet & Violet: Prismatic Evolutions #136/131 Ultra Rare (Full Art) PSA 8","23.53","$2.00","$8.50","$10.50 (10/09/2025)","$9.50","$8.50","$10.50","0.00","2","$19.00"
"N's Zoroark ex 2025 Japanese Scarlet & Violet: Battle Partners #127/100 Special Art Rare PSA 10","23.36","$20.32","$87.00","$107.32 (10/24/2025)","$92.15","$52.00","$149.95","52.17","35","$3225.23"
"Team Rocket's Orbeetle 2025 Scarlet & Violet: Destined Rivals #198/182 Illustration Rare PSA 10","23.31","$13.98","$60.00","$73.98 (10/24/2025)","$83.86","$57.00","$120.00","50.00","15","$1257.95"
"Scream Tail 2025 Scarlet & Violet: Prismatic Evolutions #042/131 Base PSA 9","23.08","$1.50","$6.50","$8.00 (10/19/2025)","$7.25","$6.50","$8.00","0.00","2","$14.50"
"Serperior ex 2025 Scarlet & Violet: Black Bolt #164/086 Special Illustration Rare CGC 9","22.97","$9.37","$40.80","$50.17 (10/07/2025)","$45.48","$40.80","$50.17","0.00","2","$90.97"
"Chandelure 2025 Scarlet & Violet: White Flare #103/086 Illustration Rare PSA 9","22.85","$7.44","$32.56","$40.00 (10/17/2025)","$33.62","$21.53","$40.00","66.67","5","$168.09"
"Team Rocket's Weezing 2025 Scarlet & Violet: Destined Rivals #199/182 Illustration Rare PSA 9","22.28","$6.83","$30.67","$37.50 (10/24/2025)","$24.95","$11.50","$37.50","0.00","27","$673.61"
"Kangaskhan 2025 Scarlet & Violet: Destined Rivals #204/182 Illustration Rare CGC 9","22.09","$3.17","$14.33","$17.50 (10/09/2025)","$15.13","$13.00","$17.50","0.00","4","$60.50"
"Dawn 2025 Japanese Mega: Inferno X #115/80 Special Art Rare PSA 10","21.99","$77.50","$352.50","$430.00 (10/21/2025)","$442.50","$320.00","$635.00","0.00","4","$1770.00"
"Dwebble 2025 Scarlet & Violet: Black Bolt #129/086 Illustration Rare PSA 9","21.95","$9.00","$41.00","$50.00 (10/24/2025)","$40.09","$27.00","$50.00","100.00","8","$320.74"
"Samurott 2025 Scarlet & Violet: White Flare #107/086 Illustration Rare PSA 9","21.62","$8.00","$37.00","$45.00 (10/24/2025)","$35.35","$27.00","$45.00","600.00","7","$247.45"
"Munna 2025 Scarlet & Violet: Black Bolt #116/086 Illustration Rare PSA 10","21.58","$20.50","$95.00","$115.50 (10/17/2025)","$105.25","$95.00","$115.50","100.00","2","$210.50"
"Misty's Gyarados 2025 Scarlet & Violet: Destined Rivals #049/182 Holo PSA 10","21.43","$30.00","$140.00","$170.00 (10/24/2025)","$155.00","$140.00","$170.00","0.00","2","$310.00"
"Teal Mask Ogerpon ex 2025 Scarlet & Violet: Prismatic Evolutions #012/131 Double Rare PSA 9","21.40","$2.75","$12.85","$15.60 (09/28/2025)","$14.22","$12.85","$15.60","100.00","2","$28.45"
"Team Rocket's Meowth 2025 Japanese Scarlet & Violet: Glory of Team Rocket #109/098 Art Rare PSA 10","21.30","$11.26","$52.87","$64.13 (10/24/2025)","$65.24","$39.00","$108.99","-16.07","47","$3066.48"
"Gothorita 2025 Scarlet & Violet: White Flare #125/086 Illustration Rare PSA 9","21.21","$3.50","$16.50","$20.00 (10/21/2025)","$17.73","$16.50","$20.00","0.00","4","$70.90"
"Mega Gardevoir ex 2025 Japanese Mega Symphonia #92/63 Mega Ultra Rare (Secret) PSA 10","21.09","$148.05","$701.95","$850.00 (10/24/2025)","$751.30","$701.95","$850.00","-66.67","3","$2253.90"
"Team Rocket's Crobat ex 2025 Scarlet & Violet: Destined Rivals #122/182 Double Rare PSA 9","21.08","$1.37","$6.50","$7.87 (10/09/2025)","$7.19","$6.50","$7.87","0.00","2","$14.37"
"Tirtouga 2025 Scarlet & Violet: Black Bolt #106/086 Illustration Rare PSA 10","21.05","$20.00","$95.00","$115.00 (10/20/2025)","$106.67","$95.00","$115.00","200.00","3","$320.00"
"Ceruledge ex 2025 Scarlet & Violet: Prismatic Evolutions #147/131 Special Illustration Rare PSA 10","21.05","$60.00","$285.00","$345.00 (10/21/2025)","$344.15","$264.00","$499.99","-15.79","32","$11012.91"
"Houndstone 2025 Japanese Mega Symphonia #73/63 Art Rare PSA 10","20.95","$4.66","$22.24","$26.90 (10/23/2025)","$24.57","$22.24","$26.90","0.00","2","$49.14"
"Ethan's Ho-Oh ex 2025 Japanese Scarlet & Violet: Heat Wave Arena #090/063 Ultra Rare (Secret) PSA 10","20.83","$10.00","$48.00","$58.00 (10/18/2025)","$54.74","$48.00","$59.00","-28.57","5","$273.69"
"Eevee ex 2025 Scarlet & Violet: Prismatic Evolutions #167/131 Special Illustration Rare PSA 10","20.81","$105.50","$507.00","$612.50 (10/24/2025)","$566.41","$380.00","$675.00","-12.50","35","$19824.46"
"Blitzle 2025 Scarlet & Violet: White Flare #114/086 Illustration Rare PSA 10","20.24","$14.31","$70.69","$85.00 (10/17/2025)","$78.92","$70.00","$100.00","300.00","4","$315.69"
"Spearow 2025 Japanese Mega Brave #74/63 Art Rare CGC 9.5","20.00","$2.00","$10.00","$12.00 (10/19/2025)","$11.00","$10.00","$12.00","0.00","2","$22.00"
"Mega Absol ex 2025 Japanese Mega Brave #38/63 Double Rare CGC 10","20.00","$2.60","$13.00","$15.60 (10/19/2025)","$13.65","$13.00","$15.60","33.33","4","$54.60"
"Bloodmoon Ursaluna ex 2025 Scarlet & Violet: Prismatic Evolutions #168/131 Special Illustration Rare PSA 9","20.00","$15.00","$75.00","$90.00 (10/15/2025)","$81.14","$69.00","$100.00","-30.00","7","$567.99"
"Articuno 2025 Japanese Scarlet & Violet: Battle Partners #102/100 Art Rare BGS 9.5","20.00","$5.00","$25.00","$30.00 (10/23/2025)","$24.17","$17.50","$30.00","50.00","3","$72.50"
"Team Rocket's Nidoking ex 2025 Scarlet & Violet: Destined Rivals #233/182 Special Illustration Rare CGC 8.5","20.00","$20.00","$100.00","$120.00 (10/05/2025)","$110.00","$100.00","$120.00","100.00","2","$220.00"
"N's Zoroark ex 2025 Scarlet & Violet: Journey Together #175/159 Ultra Rare (Full Art) PSA 9","20.00","$2.10","$10.50","$12.60 (10/21/2025)","$15.03","$10.00","$21.50","-3.45","28","$420.75"
"Lillie's Clefairy ex 2025 Japanese Scarlet & Violet: Battle Partners #126/100 Special Art Rare CGC 10","19.99","$35.99","$180.00","$215.99 (10/05/2025)","$176.50","$133.50","$215.99","-25.00","3","$529.49"
"Lillie's Clefairy ex 2025 Scarlet & Violet: Journey Together #056/159 Double Rare PSA 8","19.94","$1.33","$6.67","$8.00 (10/09/2025)","$7.33","$6.67","$8.00","-33.33","2","$14.67"
"Kyurem ex 2025 Scarlet & Violet: Black Bolt #165/086 Special Illustration Rare PSA 10","19.91","$53.14","$266.86","$320.00 (10/23/2025)","$262.72","$182.50","$360.00","30.00","39","$10245.96"
"Umbreon ex 2025 Scarlet & Violet: Prismatic Evolutions #060/131 Double Rare PSA 8","19.84","$2.98","$15.02","$18.00 (10/08/2025)","$14.17","$9.50","$18.00","0.00","3","$42.52"
"Ethan's Ho-Oh ex 2025 Scarlet & Violet: Destined Rivals #209/182 Ultra Rare (Full Art) PSA 10","19.79","$12.37","$62.50","$74.87 (10/24/2025)","$70.64","$57.76","$101.00","-38.46","24","$1695.48"
"Mega Venusaur ex 2025 Japanese Mega Brave #76/63 Super Rare (Full Art) CGC 10","19.79","$7.60","$38.40","$46.00 (10/24/2025)","$33.70","$23.00","$46.00","-36.84","12","$404.39"
"Whirlipede 2025 Scarlet & Violet: Black Bolt #133/086 Illustration Rare PSA 10","19.70","$13.00","$66.00","$79.00 (10/20/2025)","$72.50","$66.00","$79.00","100.00","2","$145.00"
"Zekrom ex 2025 Scarlet & Violet: Black Bolt #172/086 Black White Rare (Secret) CGC 10","19.70","$130.00","$660.00","$790.00 (10/07/2025)","$667.33","$552.00","$790.00","50.00","3","$2002.00"
"Stunfisk 2025 Scarlet & Violet: White Flare #118/086 Illustration Rare PSA 10","19.63","$10.50","$53.50","$64.00 (10/17/2025)","$57.00","$51.00","$64.00","0.00","3","$171.00"
"Jolteon ex 2025 Scarlet & Violet: Prismatic Evolutions #030/131 Double Rare PSA 9","19.60","$2.45","$12.50","$14.95 (10/21/2025)","$16.63","$9.50","$24.99","-8.33","11","$182.91"
"Team Rocket's Houndoom 2025 Scarlet & Violet: Destined Rivals #191/182 Illustration Rare PSA 9","19.54","$5.67","$29.00","$34.67 (10/24/2025)","$32.67","$17.50","$60.00","13.51","42","$1372.26"
"Blaziken 2025 Japanese Scarlet & Violet: Glory of Team Rocket #101/098 Art Rare PSA 10","19.45","$7.78","$39.99","$47.77 (10/23/2025)","$46.04","$33.50","$73.95","-7.41","25","$1151.00"
"Reshiram ex 2025 Scarlet & Violet: White Flare #173/086 Black White Rare (Secret) BGS 9.5","19.41","$113.55","$585.00","$698.55 (10/21/2025)","$641.77","$585.00","$698.55","0.00","2","$1283.55"
"Mega Absol ex 2025 Japanese Mega Brave #89/63 Special Art Rare CGC 9","19.35","$7.20","$37.20","$44.40 (10/19/2025)","$35.03","$23.50","$44.40","0.00","3","$105.10"
"Crispin 2025 Scarlet & Violet: Prismatic Evolutions #171/131 Special Illustration Rare PSA 9","19.20","$4.51","$23.49","$28.00 (10/10/2025)","$25.74","$23.49","$28.00","-33.33","2","$51.49"
"Salamence ex 2025 Scarlet & Violet: Journey Together #187/159 Special Illustration Rare CGC 10","19.11","$26.08","$136.48","$162.56 (10/06/2025)","$149.52","$136.48","$162.56","-33.33","2","$299.04"
"Lillie's Clefairy ex 2025 Scarlet & Violet: Journey Together #184/159 Special Illustration Rare PSA 10","19.00","$107.00","$563.00","$670.00 (10/24/2025)","$638.57","$350.00","$799.99","-3.13","62","$39591.14"
"Oshawott 2025 Scarlet & Violet: White Flare #105/086 Illustration Rare PSA 9","18.92","$10.50","$55.50","$66.00 (10/19/2025)","$58.71","$45.50","$80.00","366.67","14","$822.00"
"Team Rocket's Mewtwo ex 2025 Scarlet & Violet: Destined Rivals #213/182 Ultra Rare (Full Art) CGC 10","18.73","$11.20","$59.80","$71.00 (10/23/2025)","$94.82","$49.20","$250.00","-37.14","22","$2085.99"
"Misty's Lapras 2025 Japanese Scarlet & Violet: Heat Wave Arena #072/063 Art Rare PSA 9","18.70","$5.04","$26.95","$31.99 (10/24/2025)","$25.36","$20.00","$35.00","-18.75","13","$329.65"
"Zorua 2025 Japanese Scarlet & Violet: White Flare #140/086 Art Rare CGC 9.5","18.65","$3.73","$20.00","$23.73 (10/23/2025)","$21.24","$20.00","$23.73","0.00","6","$127.46"
"Herdier 2025 Scarlet & Violet: White Flare #155/086 Illustration Rare PSA 10","18.53","$25.01","$134.99","$160.00 (10/20/2025)","$147.50","$134.99","$160.00","100.00","2","$294.99"
"Team Rocket's Houndoom 2025 Scarlet & Violet: Destined Rivals #191/182 Illustration Rare CGC 9","18.27","$3.80","$20.80","$24.60 (10/19/2025)","$22.32","$15.60","$30.00","-16.67","5","$111.60"
"Liepard 2025 Scarlet & Violet: White Flare #137/086 Illustration Rare PSA 9","18.18","$6.00","$33.00","$39.00 (10/06/2025)","$36.00","$33.00","$39.00","100.00","2","$72.00"
"Umbreon ex 2025 Scarlet & Violet: Prismatic Evolutions #060/131 Double Rare PSA 10","18.17","$9.00","$49.50","$58.50 (10/24/2025)","$61.47","$41.00","$115.00","-9.26","49","$3011.95"
"Janine's Secret Art 2025 Scarlet & Violet: Prismatic Evolutions #173/131 Special Illustration Rare PSA 10","18.13","$14.50","$80.00","$94.50 (10/16/2025)","$95.66","$80.00","$105.60","150.00","5","$478.30"
"Riolu 2025 Japanese Mega Brave #68/63 Art Rare CGC 9","18.06","$2.60","$14.40","$17.00 (10/16/2025)","$12.83","$10.80","$17.00","100.00","6","$77.00"
"Iron Leaves ex 2025 Scarlet & Violet: Prismatic Evolutions #176/131 Hyper Rare (Secret) CGC 10","17.86","$5.00","$28.00","$33.00 (10/20/2025)","$30.50","$28.00","$33.00","100.00","2","$61.00"
"Misty's Lapras 2025 Scarlet & Violet: Destined Rivals #194/182 Illustration Rare PSA 10","17.81","$42.83","$240.50","$283.33 (10/24/2025)","$279.01","$220.50","$360.00","-5.08","56","$15624.49"
"Vaporeon ex 2025 Scarlet & Violet: Prismatic Evolutions #149/131 Special Illustration Rare PSA 9","17.79","$35.50","$199.50","$235.00 (10/24/2025)","$224.41","$149.99","$400.00","66.67","35","$7854.42"
"Arven's Greedent 2025 Scarlet & Violet: Destined Rivals #205/182 Illustration Rare PSA 10","17.71","$8.50","$48.00","$56.50 (10/14/2025)","$56.82","$48.00","$64.98","40.00","7","$397.71"
"Ceruledge ex 2025 Scarlet & Violet: Prismatic Evolutions #147/131 Special Illustration Rare BGS 9.5","17.65","$30.00","$170.00","$200.00 (10/08/2025)","$185.00","$170.00","$200.00","0.00","2","$370.00"
"Leafeon 2025 Scarlet & Violet: Prismatic Evolutions #005/131 Holo PSA 8","17.53","$1.49","$8.50","$9.99 (10/15/2025)","$9.25","$8.50","$9.99","0.00","2","$18.49"
"Espeon 2025 Scarlet & Violet: Prismatic Evolutions #033/131 Poke Ball Reverse Holo PSA 10","17.50","$7.00","$40.00","$47.00 (10/11/2025)","$43.50","$40.00","$47.00","100.00","2","$87.00"
"Sigilyph 2025 Scarlet & Violet: White Flare #121/086 Illustration Rare PSA 10","17.43","$15.25","$87.50","$102.75 (10/08/2025)","$92.58","$81.00","$102.75","200.00","3","$277.75"
"N's Plan 2025 Scarlet & Violet: Black Bolt #163/086 Ultra Rare (Full Art) PSA 9","17.39","$2.00","$11.50","$13.50 (10/09/2025)","$12.50","$11.50","$13.50","100.00","2","$25.00"
"Team Rocket's Crobat ex 2025 Japanese Scarlet & Violet: Glory of Team Rocket #131/098 Ultra Rare (Secret) PSA 10","17.39","$8.00","$46.00","$54.00 (10/14/2025)","$50.00","$46.00","$54.00","-50.00","2","$100.00"
"Cynthia's Garchomp ex 2025 Japanese Scarlet & Violet: Heat Wave Arena #087/063 Special Art Rare PSA 10","17.32","$51.66","$298.33","$349.99 (10/24/2025)","$345.31","$231.80","$530.00","400.00","45","$15539.14"
"Vaporeon ex 2025 Scarlet & Violet: Prismatic Evolutions #149/131 Special Illustration Rare CGC 9","17.30","$29.50","$170.50","$200.00 (10/14/2025)","$185.25","$170.50","$200.00","100.00","2","$370.50"
"Amarys 2025 Scarlet & Violet: Prismatic Evolutions #170/131 Special Illustration Rare PSA 8","17.23","$2.94","$17.06","$20.00 (10/10/2025)","$18.53","$17.06","$20.00","0.00","2","$37.06"
"Team Rocket's Mewtwo ex 2025 Japanese Scarlet & Violet: Glory of Team Rocket #125/098 Special Art Rare PSA 10","17.23","$70.54","$409.46","$480.00 (10/24/2025)","$494.60","$370.00","$653.91","-2.78","70","$34622.34"
"Oshawott 2025 Scarlet & Violet: White Flare #105/086 Illustration Rare PSA 10","17.17","$68.68","$400.00","$468.68 (10/24/2025)","$437.67","$390.00","$500.00","133.33","7","$3063.68"
"Cofagrigus 2025 Scarlet & Violet: White Flare #123/086 Illustration Rare PSA 10","17.00","$25.50","$150.00","$175.50 (10/18/2025)","$163.25","$140.00","$177.50","0.00","4","$652.99"
"N's Zoroark ex 2025 Japanese Scarlet & Violet: Battle Partners #117/100 Super Rare (Full Art) CGC 10","16.91","$1.88","$11.12","$13.00 (09/26/2025)","$12.06","$11.12","$13.00","0.00","2","$24.12"
"Landorus 2025 Scarlet & Violet: Black Bolt #131/086 Illustration Rare PSA 9","16.85","$3.10","$18.40","$21.50 (10/23/2025)","$20.47","$18.40","$21.50","200.00","3","$61.40"
"Umbreon 2025 Scarlet & Violet: Prismatic Evolutions #059/131 Poke Ball Reverse Holo PSA 10","16.83","$10.94","$65.00","$75.94 (10/24/2025)","$64.04","$47.00","$90.00","-18.18","9","$576.32"
"Darumaka 2025 Scarlet & Violet: Black Bolt #097/086 Illustration Rare PSA 9","16.74","$2.51","$14.99","$17.50 (10/23/2025)","$16.87","$14.50","$20.00","0.00","4","$67.49"
"Umbreon ex 2025 Scarlet & Violet: Prismatic Evolutions #161/131 Special Illustration Rare CGC 9.5","16.33","$199.99","$1225.00","$1424.99 (10/21/2025)","$1283.33","$1200.00","$1424.99","200.00","3","$3849.99"
"Ethan's Typhlosion 2025 Scarlet & Violet: Destined Rivals #190/182 Illustration Rare PSA 10","16.23","$57.95","$357.00","$414.95 (10/24/2025)","$339.60","$256.65","$420.00","-10.53","34","$11546.56"
"Salamence ex 2025 Scarlet & Violet: Journey Together #187/159 Special Illustration Rare BGS 9","16.08","$11.42","$71.00","$82.42 (10/14/2025)","$76.71","$71.00","$82.42","0.00","2","$153.42"
"Team Rocket's Moltres ex 2025 Scarlet & Violet: Destined Rivals #229/182 Special Illustration Rare PSA 8","15.87","$21.43","$135.00","$156.43 (10/23/2025)","$151.54","$128.00","$179.99","60.00","8","$1212.33"
"Team Rocket's Meowth 2025 Scarlet & Violet: Destined Rivals #149/182 Base PSA 10","15.85","$11.49","$72.51","$84.00 (10/15/2025)","$71.02","$53.55","$84.00","0.00","5","$355.08"
"Team Rocket's Archer 2025 Scarlet & Violet: Destined Rivals #223/182 Ultra Rare (Full Art) PSA 9","15.79","$0.75","$4.75","$5.50 (10/20/2025)","$10.08","$4.75","$20.00","50.00","3","$30.25"
"Furret 2025 Japanese Scarlet & Violet: Battle Partners #110/100 Art Rare PSA 10","15.79","$6.00","$38.00","$44.00 (10/24/2025)","$35.04","$20.99","$55.00","-6.67","28","$981.04"
"Espeon 2025 Scarlet & Violet: Prismatic Evolutions #033/131 Holo PSA 10","15.58","$7.01","$44.99","$52.00 (09/29/2025)","$48.50","$44.99","$52.00","100.00","2","$96.99"
"Snivy 2025 Scarlet & Violet: Black Bolt #087/086 Illustration Rare PSA 9","15.38","$4.00","$26.00","$30.00 (10/22/2025)","$27.00","$21.00","$30.00","66.67","5","$134.99"
"Ethan's Typhlosion 2025 Japanese Scarlet & Violet: Heat Wave Arena #070/063 Art Rare PSA 10","15.29","$8.67","$56.67","$65.33 (10/24/2025)","$69.55","$40.00","$197.20","77.42","110","$7650.89"
"Excadrill ex 2025 Japanese Scarlet & Violet: Black Bolt #171/086 Special Art Rare CGC 10","15.12","$4.99","$33.00","$37.99 (10/24/2025)","$35.50","$33.00","$37.99","100.00","2","$70.99"
"Volcarona 2025 Scarlet & Violet: Black Bolt #100/086 Illustration Rare PSA 9","15.03","$6.01","$39.99","$46.00 (10/12/2025)","$43.00","$39.99","$46.00","100.00","2","$85.99"
"Roaring Moon ex 2025 Scarlet & Violet: Prismatic Evolutions #162/131 Special Illustration Rare PSA 8","15.00","$30.00","$200.00","$230.00 (10/13/2025)","$215.00","$200.00","$230.00","-66.67","2","$430.00"
"Minccino 2025 Japanese Scarlet & Violet: Black Bolt #157/086 Art Rare CGC 10","14.77","$1.48","$10.02","$11.50 (10/20/2025)","$10.76","$10.02","$11.50","0.00","2","$21.52"
"Umbreon ex 2025 Scarlet & Violet: Prismatic Evolutions #161/131 Special Illustration Rare CGC 10","14.65","$326.00","$2225.00","$2551.00 (10/13/2025)","$2231.50","$1925.00","$2551.00","0.00","4","$8926.00"
"Ceruledge ex 2025 Scarlet & Violet: Prismatic Evolutions #147/131 Special Illustration Rare CGC 10","14.62","$22.00","$150.50","$172.50 (10/22/2025)","$172.00","$150.50","$190.00","0.00","4","$688.00"
"Sylveon ex 2025 Scarlet & Violet: Prismatic Evolutions #156/131 Special Illustration Rare PSA 10","14.58","$175.00","$1200.00","$1375.00 (10/23/2025)","$1361.92","$850.00","$2499.95","-18.18","36","$49029.05"
"Zekrom ex 2025 Japanese Scarlet & Violet: Black Bolt #169/086 Special Art Rare PSA 10","14.45","$37.75","$261.25","$299.00 (10/21/2025)","$272.98","$219.50","$365.00","130.77","30","$8189.25"
"N's Reshiram 2025 Japanese Scarlet & Violet: Battle Partners #109/100 Art Rare PSA 10","14.35","$6.04","$42.11","$48.15 (10/24/2025)","$48.68","$22.00","$105.00","31.16","181","$8811.59"
"Samurott 2025 Japanese Scarlet & Violet: White Flare #104/086 Art Rare PSA 10","14.31","$6.26","$43.74","$50.00 (10/23/2025)","$48.54","$43.74","$65.00","0.00","6","$291.22"
"Yamask 2025 Scarlet & Violet: White Flare #122/086 Illustration Rare PSA 10","14.29","$10.00","$70.00","$80.00 (10/17/2025)","$91.90","$70.00","$132.50","150.00","5","$459.50"
"Helioptile 2025 Japanese Mega Symphonia #70/63 Art Rare PSA 10","14.29","$5.00","$35.00","$40.00 (10/14/2025)","$38.33","$35.00","$40.00","0.00","3","$115.00"
"Inteleon 2025 Japanese Mega Symphonia #69/63 Art Rare CGC 9","14.29","$1.20","$8.40","$9.60 (10/12/2025)","$9.00","$8.40","$9.60","0.00","2","$18.00"
"Team Rocket's Giovanni 2025 Japanese Scarlet & Violet: Glory of Team Rocket #129/098 Special Art Rare PSA 10","14.28","$14.99","$105.00","$119.99 (10/04/2025)","$112.50","$105.00","$119.99","-33.33","2","$224.99"
"Ethan's Adventure 2025 Scarlet & Violet: Destined Rivals #236/182 Special Illustration Rare PSA 9","14.04","$8.00","$57.00","$65.00 (10/23/2025)","$59.39","$47.00","$75.00","-33.33","10","$593.89"
"Mega Kangaskhan ex 2025 Japanese Mega Symphonia #89/63 Special Art Rare PSA 10","13.70","$22.60","$165.00","$187.60 (10/22/2025)","$149.50","$103.50","$192.00","30.00","13","$1943.55"
"Seismitoad 2025 Scarlet & Violet: Black Bolt #105/086 Illustration Rare PSA 10","13.52","$131.00","$969.00","$1100.00 (10/19/2025)","$1167.49","$969.00","$1300.01","0.00","22","$25684.87"
"N's PP Up 2025 Scarlet & Violet: Journey Together #153/159 Reverse Holo PSA 9","13.48","$5.39","$39.99","$45.38 (10/13/2025)","$42.69","$39.99","$45.38","0.00","2","$85.37"
"Zamazenta 2025 Japanese Scarlet & Violet: Glory of Team Rocket #107/098 Art Rare PSA 10","13.33","$6.00","$45.00","$51.00 (10/24/2025)","$39.27","$31.00","$51.00","-15.38","11","$431.94"
"Mega Lucario ex 2025 Mega Evolution #160/132 Ultra Rare (Full Art) PSA 9","13.21","$7.00","$53.00","$60.00 (10/19/2025)","$56.50","$53.00","$60.00","0.00","2","$113.00"
"Mega Charizard X ex 2025 Japanese Mega: Inferno X #110/80 Special Art Rare PSA 9","13.21","$126.00","$954.00","$1080.00 (10/23/2025)","$970.00","$766.00","$1185.00","0.00","4","$3880.00"
"Serperior ex 2025 Japanese Scarlet & Violet: Black Bolt #167/086 Special Art Rare PSA 10","13.09","$10.99","$84.00","$94.99 (10/21/2025)","$77.33","$53.00","$99.99","125.00","9","$695.99"
"Atticus 2025 Scarlet & Violet: Prismatic Evolutions #133/131 Ultra Rare (Full Art) PSA 10","13.01","$4.03","$30.97","$35.00 (10/12/2025)","$32.98","$30.97","$35.00","-60.00","2","$65.97"
"Stoutland 2025 Japanese Scarlet & Violet: White Flare #155/086 Art Rare CGC 10","13.00","$2.99","$23.00","$25.99 (10/01/2025)","$24.49","$23.00","$25.99","0.00","2","$48.99"
"Eevee ex 2025 Scarlet & Violet: Black Star Promo #SVP174 Super-Premium Collection BGS 8.5","12.90","$4.00","$31.00","$35.00 (10/23/2025)","$33.00","$31.00","$35.00","0.00","2","$66.00"
"Flareon ex 2025 Scarlet & Violet: Prismatic Evolutions #146/131 Special Illustration Rare PSA 8","12.86","$18.00","$140.00","$158.00 (10/20/2025)","$152.66","$140.00","$159.99","50.00","3","$457.99"
"Lillie's Clefairy ex 2025 Scarlet & Violet: Journey Together #173/159 Ultra Rare (Full Art) PSA 10","12.80","$5.99","$46.75","$52.74 (10/24/2025)","$51.91","$40.00","$64.99","-42.68","47","$2439.81"
"Gumshoos 2025 Japanese Mega Brave #75/63 Art Rare CGC 9.5","12.50","$1.20","$9.60","$10.80 (10/19/2025)","$10.00","$9.60","$10.80","200.00","3","$30.00"
"Zekrom ex 2025 Scarlet & Violet: Black Bolt #172/086 Black White Rare (Secret) CGC 9","12.50","$48.00","$384.00","$432.00 (10/06/2025)","$408.00","$384.00","$432.00","100.00","2","$816.00"
"Arven's Mabosstiff ex 2025 Japanese Scarlet & Violet: Heat Wave Arena #088/063 Special Art Rare PSA 10","12.50","$4.00","$32.00","$36.00 (10/23/2025)","$30.37","$18.50","$36.00","33.33","4","$121.49"
"Team Rocket's Ariana 2025 Scarlet & Violet: Destined Rivals #237/182 Special Illustration Rare CGC 10","12.49","$9.99","$80.00","$89.99 (10/17/2025)","$83.33","$80.00","$89.99","0.00","3","$249.99"
"Jamming Tower 2025 Japanese Scarlet & Violet: Glory of Team Rocket #132/098 Ultra Rare (Secret) PSA 10","12.48","$4.99","$40.00","$44.99 (10/18/2025)","$42.50","$40.00","$44.99","0.00","2","$84.99"
"Zorua 2025 Japanese Scarlet & Violet: White Flare #140/086 Art Rare CGC 10","12.12","$3.27","$26.98","$30.25 (10/20/2025)","$27.42","$15.50","$45.00","0.00","7","$191.92"
"Arven's Greedent 2025 Japanese Scarlet & Violet: Heat Wave Arena #075/063 Art Rare CGC 10","12.07","$1.81","$14.99","$16.80 (10/12/2025)","$15.89","$14.99","$16.80","-33.33","2","$31.79"
"Team Rocket's Raticate 2025 Scarlet & Violet: Destined Rivals #202/182 Illustration Rare BGS 9.5","12.07","$4.20","$34.80","$39.00 (10/20/2025)","$36.90","$34.80","$39.00","0.00","2","$73.80"
"Klinklang 2025 Japanese Scarlet & Violet: White Flare #148/086 Art Rare CGC 10","12.00","$3.00","$24.99","$27.99 (10/20/2025)","$26.49","$24.99","$27.99","0.00","2","$52.98"
"Misty's Lapras 2025 Japanese Scarlet & Violet: Heat Wave Arena #072/063 Art Rare PSA 10","11.82","$6.00","$50.75","$56.75 (10/24/2025)","$56.63","$32.00","$94.00","20.00","48","$2718.40"
"Cynthia's Garchomp ex 2025 Japanese Scarlet & Violet: Heat Wave Arena #087/063 Special Art Rare CGC 10","11.80","$25.96","$219.99","$245.95 (10/22/2025)","$215.48","$177.00","$245.95","500.00","6","$1292.88"
"Hop's Wooloo 2025 Japanese Scarlet & Violet: Battle Partners #112/100 Art Rare CGC 10","11.80","$2.00","$16.95","$18.95 (10/22/2025)","$18.00","$15.60","$20.50","100.00","4","$72.00"
"Iron Leaves ex 2025 Scarlet & Violet: Prismatic Evolutions #176/131 Hyper Rare (Secret) PSA 8","11.76","$1.00","$8.50","$9.50 (10/20/2025)","$9.60","$5.50","$15.00","66.67","5","$48.00"
"Salamence ex 2025 Japanese Scarlet & Violet: Battle Partners #129/100 Special Art Rare CGC 9.5","11.65","$3.50","$30.00","$33.50 (10/16/2025)","$32.33","$30.00","$36.99","0.00","3","$96.99"
"Eevee ex 2025 Scarlet & Violet: Black Star Promo #SVP174 Super-Premium Collection PSA 9","11.57","$7.05","$60.94","$68.00 (10/23/2025)","$52.66","$17.40","$89.99","-28.85","74","$3896.51"
"Tornadus 2025 Japanese Scarlet & Violet: White Flare #078/086 Master Ball Reverse Holo PSA 10","11.54","$3.00","$26.00","$29.00 (10/24/2025)","$27.50","$26.00","$29.00","0.00","2","$55.00"
"Pikachu ex 2025 Scarlet & Violet: Prismatic Evolutions #028/131 Double Rare PSA 10","11.52","$5.99","$52.00","$57.99 (10/11/2025)","$58.91","$47.00","$79.00","200.00","9","$530.22"
"Maractus 2025 Japanese Scarlet & Violet: Black Bolt #093/086 Art Rare CGC 10","11.50","$2.99","$26.00","$28.99 (10/20/2025)","$25.11","$15.60","$28.99","0.00","5","$125.57"
"N's Zoroark ex 2025 Scarlet & Violet: Journey Together #185/159 Special Illustration Rare BGS 9.5","11.46","$9.25","$80.75","$90.00 (10/05/2025)","$85.38","$80.75","$90.00","100.00","2","$170.75"
"Brassius 2025 Scarlet & Violet: Prismatic Evolutions #135/131 Ultra Rare (Full Art) PSA 10","11.27","$4.51","$39.99","$44.50 (10/14/2025)","$42.99","$39.99","$49.00","200.00","3","$128.98"
"Alakazam 2025 Japanese Mega Symphonia #71/63 Art Rare PSA 10","11.25","$9.00","$80.00","$89.00 (10/18/2025)","$87.08","$60.60","$100.00","1300.00","14","$1219.19"
"Espeon ex 2025 Scarlet & Violet: Prismatic Evolutions #034/131 Double Rare PSA 10","11.13","$5.51","$49.49","$55.00 (10/22/2025)","$48.86","$27.00","$79.00","100.00","22","$1074.93"
"Mega Absol ex 2025 Japanese Mega Brave #89/63 Special Art Rare CGC 10","11.11","$6.00","$54.00","$60.00 (10/22/2025)","$54.47","$44.40","$69.00","0.00","9","$490.20"
"Braviary 2025 Japanese Scarlet & Violet: White Flare #157/086 Art Rare CGC 10","11.11","$1.50","$13.50","$15.00 (10/22/2025)","$15.65","$13.00","$25.99","0.00","6","$93.89"
"Team Rocket's Moltres ex 2025 Scarlet & Violet: Destined Rivals #208/182 Ultra Rare (Full Art) CGC 9","11.11","$2.00","$18.00","$20.00 (10/24/2025)","$19.33","$18.00","$20.00","-72.73","3","$58.00"
"Lillie's Clefairy ex 2025 Japanese Scarlet & Violet: Battle Partners #126/100 Special Art Rare BGS 9.5","11.11","$20.00","$180.00","$200.00 (10/15/2025)","$190.00","$180.00","$200.00","0.00","2","$380.00"
"Gothita 2025 Scarlet & Violet: White Flare #124/086 Illustration Rare PSA 10","11.11","$10.00","$90.00","$100.00 (10/13/2025)","$95.00","$90.00","$100.00","0.00","2","$190.00"
"Jolteon ex 2025 Scarlet & Violet: Prismatic Evolutions #153/131 Special Illustration Rare PSA 10","11.11","$64.99","$585.00","$649.99 (10/23/2025)","$598.59","$445.85","$750.00","-52.38","20","$11971.84"
"Mega Latias ex 2025 Japanese Mega Symphonia #88/63 Special Art Rare PSA 10","10.91","$19.92","$182.58","$202.50 (10/24/2025)","$195.71","$156.50","$280.00","9.09","48","$9393.96"
"Team Rocket's Mewtwo ex 2025 Scarlet & Violet: Destined Rivals #213/182 Ultra Rare (Full Art) CGC 9.5","10.77","$4.20","$39.00","$43.20 (09/28/2025)","$39.84","$39.00","$43.20","400.00","5","$199.20"
"Cynthia's Garchomp ex 2025 Scarlet & Violet: Destined Rivals #104/182 Double Rare PSA 10","10.76","$2.69","$25.00","$27.69 (10/19/2025)","$30.61","$25.00","$39.75","0.00","4","$122.43"
"N's Zoroark ex 2025 Scarlet & Violet: Journey Together #175/159 Ultra Rare (Full Art) PSA 8","10.71","$1.50","$14.00","$15.50 (10/18/2025)","$14.75","$14.00","$15.50","-50.00","2","$29.50"
"Braviary 2025 Scarlet & Violet: Black Bolt #155/086 Illustration Rare PSA 9","10.37","$1.55","$14.95","$16.50 (10/24/2025)","$16.73","$14.95","$20.50","100.00","4","$66.90"
"Team Rocket's Mewtwo ex 2025 Scarlet & Violet: Destined Rivals #231/182 Special Illustration Rare CGC 8.5","10.34","$45.00","$435.00","$480.00 (10/17/2025)","$457.50","$435.00","$480.00","0.00","4","$1830.00"
"Team Rocket's Meowth 2025 Scarlet & Violet: Destined Rivals #203/182 Illustration Rare PSA 9","10.25","$4.00","$39.00","$43.00 (10/24/2025)","$41.11","$29.99","$60.00","22.86","43","$1767.60"
"Hop's Zacian ex 2025 Scarlet & Violet: Journey Together #111/159 Double Rare PSA 10","10.16","$2.49","$24.50","$26.99 (09/29/2025)","$25.74","$24.50","$26.99","0.00","2","$51.49"
"Lillie's Clefairy ex 2025 Scarlet & Violet: Journey Together #184/159 Special Illustration Rare PSA 9","10.01","$15.01","$149.99","$165.00 (10/24/2025)","$181.73","$130.00","$225.00","-7.94","58","$10540.26"
"Zoroark 2025 Japanese Scarlet & Violet: White Flare #141/086 Art Rare PSA 10","10.00","$5.00","$50.00","$55.00 (10/23/2025)","$52.50","$50.00","$55.00","0.00","2","$105.00"
"Mega Absol ex 2025 Japanese Mega Brave #79/63 Super Rare (Full Art) CGC 9","10.00","$1.20","$12.00","$13.20 (10/19/2025)","$12.40","$12.00","$13.20","50.00","3","$37.20"
"Minccino 2025 Scarlet & Violet: Black Bolt #152/086 Illustration Rare PSA 9","9.88","$2.10","$21.25","$23.35 (10/11/2025)","$24.87","$21.25","$30.00","0.00","3","$74.60"
"Team Rocket's Meowth 2025 Scarlet & Violet: Destined Rivals #203/182 Illustration Rare PSA 10","9.84","$21.50","$218.50","$240.00 (10/24/2025)","$252.91","$200.00","$315.00","0.00","49","$12392.37"
"Jolteon ex 2025 Scarlet & Violet: Prismatic Evolutions #030/131 Double Rare PSA 10","9.80","$5.00","$51.00","$56.00 (10/21/2025)","$46.98","$36.00","$56.00","-15.00","17","$798.65"
"Misty's Lapras 2025 Scarlet & Violet: Destined Rivals #194/182 Illustration Rare BGS 9","9.76","$4.00","$41.00","$45.00 (10/23/2025)","$43.00","$41.00","$45.00","0.00","2","$86.00"
"Kangaskhan 2025 Japanese Scarlet & Violet: Glory of Team Rocket #110/098 Art Rare PSA 10","9.71","$2.72","$28.00","$30.72 (10/23/2025)","$39.54","$24.40","$55.00","-45.95","20","$790.74"
"Trubbish 2025 Scarlet & Violet: White Flare #140/086 Illustration Rare PSA 9","9.70","$1.45","$14.95","$16.40 (10/23/2025)","$16.89","$14.95","$22.50","0.00","7","$118.25"
"Team Rocket's Mewtwo ex 2025 Scarlet & Violet: Destined Rivals #240/182 Hyper Rare (Secret) PSA 9","9.67","$7.49","$77.50","$84.99 (10/23/2025)","$79.87","$61.00","$94.99","45.45","16","$1277.93"
"Lillie's Clefairy ex 2025 Scarlet & Violet: Journey Together #184/159 Special Illustration Rare CGC 8.5","9.59","$14.00","$146.00","$160.00 (10/14/2025)","$153.00","$146.00","$160.00","100.00","2","$306.00"
"Eevee ex 2025 Scarlet & Violet: Prismatic Evolutions #167/131 Special Illustration Rare PSA 9","9.58","$12.17","$127.00","$139.16 (10/22/2025)","$135.96","$86.85","$199.99","35.71","38","$5166.51"
"Yanmega ex 2025 Scarlet & Violet: Destined Rivals #206/182 Ultra Rare (Full Art) PSA 9","9.52","$1.00","$10.50","$11.50 (10/20/2025)","$10.00","$6.50","$11.50","33.33","4","$40.00"
"Zekrom ex 2025 Scarlet & Violet: Black Bolt #166/086 Special Illustration Rare CGC 10","9.52","$24.00","$252.00","$276.00 (10/05/2025)","$268.00","$252.00","$276.00","50.00","3","$804.00"
"Arven's Greedent 2025 Scarlet & Violet: Destined Rivals #205/182 Illustration Rare PSA 9","9.41","$1.41","$14.99","$16.40 (10/21/2025)","$16.46","$14.99","$17.99","-25.00","3","$49.38"
"Zekrom ex 2025 Scarlet & Violet: Black Bolt #166/086 Special Illustration Rare CGC 9","9.38","$18.00","$192.00","$210.00 (10/12/2025)","$208.00","$192.00","$222.00","0.00","3","$624.00"
"Team Rocket's Crobat ex 2025 Scarlet & Violet: Destined Rivals #234/182 Special Illustration Rare CGC 8.5","9.33","$8.40","$90.00","$98.40 (10/12/2025)","$102.97","$90.00","$120.50","200.00","3","$308.90"
"Clamperl 2025 Scarlet & Violet: Destined Rivals #195/182 Illustration Rare PSA 9","9.33","$1.40","$15.00","$16.40 (10/23/2025)","$15.43","$5.50","$29.00","28.57","18","$277.79"
"Iron Valiant ex 2025 Scarlet & Violet: Prismatic Evolutions #157/131 Special Illustration Rare PSA 9","9.19","$5.05","$54.95","$60.00 (10/18/2025)","$53.90","$48.00","$65.00","20.00","12","$646.75"
"Bouffalant ex 2025 Scarlet & Violet: White Flare #162/086 Ultra Rare (Full Art) PSA 10","9.09","$3.00","$33.00","$36.00 (10/23/2025)","$31.90","$18.50","$37.00","150.00","5","$159.50"
"Team Rocket's Nidoking ex 2025 Japanese Scarlet & Violet: Glory of Team Rocket #126/098 Special Art Rare PSA 10","9.07","$10.89","$120.00","$130.89 (10/21/2025)","$138.76","$96.00","$191.37","285.71","27","$3746.49"
"Team Rocket's Moltres ex 2025 Japanese Scarlet & Violet: Glory of Team Rocket #124/098 Special Art Rare PSA 9","9.05","$9.95","$110.00","$119.95 (10/24/2025)","$101.83","$85.00","$119.95","200.00","6","$610.95"
"N's Zoroark ex 2025 Scarlet & Violet: Journey Together #185/159 Special Illustration Rare PSA 10","8.99","$16.50","$183.50","$200.00 (10/23/2025)","$219.25","$183.50","$350.00","-65.08","22","$4823.52"
"Suicune 2025 Scarlet & Violet: Prismatic Evolutions #024/131 Poke Ball Reverse Holo CGC 10","8.97","$1.40","$15.60","$17.00 (10/20/2025)","$16.30","$15.60","$17.00","0.00","2","$32.60"
"Mega Gardevoir ex 2025 Japanese Mega Symphonia #87/63 Special Art Rare CGC 10","8.97","$21.00","$234.00","$255.00 (10/06/2025)","$238.00","$225.00","$255.00","-50.00","3","$714.00"
"Shedinja 2025 Japanese Mega Symphonia #72/63 Art Rare PSA 10","8.89","$4.00","$45.00","$49.00 (10/17/2025)","$47.00","$45.00","$49.00","100.00","2","$94.00"
"Glaceon ex 2025 Scarlet & Violet: Prismatic Evolutions #026/131 Double Rare PSA 9","8.75","$1.40","$16.00","$17.40 (10/21/2025)","$17.44","$9.50","$28.00","0.00","14","$244.15"
"Espeon ex 2025 Scarlet & Violet: Prismatic Evolutions #155/131 Special Illustration Rare CGC 9","8.70","$20.01","$229.99","$250.00 (10/15/2025)","$231.00","$216.00","$250.00","300.00","4","$923.99"
"Flareon 2025 Scarlet & Violet: Prismatic Evolutions #013/131 Master Ball Reverse Holo PSA 9","8.70","$2.00","$23.00","$25.00 (10/22/2025)","$22.00","$17.50","$25.00","-44.44","5","$110.00"
"Hilda 2025 Scarlet & Violet: White Flare #171/086 Special Illustration Rare PSA 7","8.70","$4.00","$46.00","$50.00 (10/17/2025)","$58.00","$46.00","$74.99","300.00","4","$231.99"
"Leafeon ex 2025 Scarlet & Violet: Prismatic Evolutions #144/131 Special Illustration Rare PSA 9","8.50","$22.87","$268.98","$291.85 (10/23/2025)","$282.12","$220.00","$449.99","25.71","44","$12413.18"
"Arven's Mabosstiff ex 2025 Scarlet & Violet: Destined Rivals #218/182 Ultra Rare (Full Art) PSA 10","8.35","$3.08","$36.87","$39.95 (10/23/2025)","$34.02","$21.50","$43.74","22.22","11","$374.27"
"Team Rocket's Murkrow 2025 Scarlet & Violet: Destined Rivals #200/182 Illustration Rare BGS 9.5","8.31","$1.62","$19.50","$21.12 (10/15/2025)","$20.31","$19.50","$21.12","0.00","2","$40.62"
"Team Rocket's Moltres ex 2025 Scarlet & Violet: Destined Rivals #031/182 Double Rare PSA 9","8.28","$1.30","$15.70","$17.00 (10/22/2025)","$15.66","$14.95","$17.00","0.00","4","$62.64"
"Tepig 2025 Scarlet & Violet: White Flare #096/086 Illustration Rare PSA 9","8.22","$2.05","$24.95","$27.00 (10/23/2025)","$25.55","$22.50","$28.00","233.33","10","$255.50"
"Seismitoad 2025 Japanese Scarlet & Violet: Black Bolt #109/086 Art Rare PSA 9","8.21","$5.71","$69.54","$75.25 (10/19/2025)","$77.97","$63.00","$113.50","57.14","11","$857.70"
"Hop's Zacian ex 2025 Scarlet & Violet: Journey Together #186/159 Special Illustration Rare PSA 10","8.14","$12.41","$152.50","$164.91 (10/23/2025)","$159.94","$110.00","$199.90","-50.98","25","$3998.41"
"Arven's Mabosstiff ex 2025 Scarlet & Violet: Destined Rivals #235/182 Special Illustration Rare PSA 10","8.12","$6.01","$73.99","$80.00 (10/23/2025)","$102.26","$55.00","$138.72","75.00","14","$1431.69"
"Steelix 2025 Mega Evolution #150/132 Illustration Rare PSA 10","8.11","$24.00","$296.00","$320.00 (10/24/2025)","$308.00","$296.00","$320.00","0.00","2","$616.00"
"Team Rocket's Crobat ex 2025 Scarlet & Violet: Destined Rivals #234/182 Special Illustration Rare CGC 10","8.10","$17.00","$210.00","$227.00 (10/23/2025)","$164.77","$110.40","$227.00","-41.67","7","$1153.39"
"Mamoswine ex 2025 Japanese Scarlet & Violet: Battle Partners #116/100 Super Rare (Full Art) CGC 10","8.00","$2.00","$24.99","$26.99 (10/24/2025)","$26.32","$23.99","$29.99","200.00","3","$78.97"
"Hydrapple 2025 Japanese Scarlet & Violet: Heat Wave Arena #068/063 Art Rare CGC 8.5","8.00","$0.80","$10.00","$10.80 (10/19/2025)","$10.40","$10.00","$10.80","0.00","2","$20.80"
"Ethan's Ho-Oh ex 2025 Japanese Scarlet & Violet: Heat Wave Arena #086/063 Special Art Rare PSA 10","7.87","$14.96","$189.99","$204.95 (10/24/2025)","$230.23","$185.00","$297.52","-29.17","17","$3913.95"
"Cobalion 2025 Scarlet & Violet: Black Bolt #144/086 Illustration Rare PSA 10","7.79","$10.51","$134.99","$145.50 (10/24/2025)","$152.62","$134.99","$170.00","0.00","4","$610.49"
"Sawk 2025 Japanese Scarlet & Violet: White Flare #128/086 Art Rare CGC 10","7.70","$2.00","$25.99","$27.99 (10/20/2025)","$26.99","$25.99","$27.99","100.00","2","$53.98"
"Ferroseed 2025 Japanese Scarlet & Violet: White Flare #144/086 Art Rare CGC 10","7.70","$2.00","$25.99","$27.99 (10/20/2025)","$26.99","$25.99","$27.99","0.00","2","$53.98"
"Deino 2025 Japanese Scarlet & Violet: White Flare #142/086 Art Rare CGC 10","7.70","$2.00","$25.99","$27.99 (10/20/2025)","$26.99","$25.99","$27.99","-33.33","2","$53.98"
"Roggenrola 2025 Japanese Scarlet & Violet: White Flare #125/086 Art Rare CGC 10","7.70","$2.00","$25.99","$27.99 (10/20/2025)","$26.99","$25.99","$27.99","0.00","2","$53.98"
"Roaring Moon 2025 Scarlet & Violet: Prismatic Evolutions #065/131 Poke Ball Reverse Holo PSA 9","7.54","$0.49","$6.50","$6.99 (10/12/2025)","$6.75","$4.99","$8.50","0.00","4","$26.98"
"Sandile 2025 Japanese Scarlet & Violet: Black Bolt #141/086 Art Rare CGC 10","7.34","$1.14","$15.60","$16.74 (10/20/2025)","$16.36","$8.50","$24.99","200.00","3","$49.09"
"Misty's Psyduck 2025 Scarlet & Violet: Destined Rivals #193/182 Illustration Rare CGC 10","7.14","$10.00","$140.00","$150.00 (10/19/2025)","$168.83","$140.00","$234.00","-14.29","6","$1013.00"
"Lillie's Clefairy ex 2025 Scarlet & Violet: Journey Together #184/159 Special Illustration Rare PSA 8","7.14","$9.99","$140.00","$149.99 (10/17/2025)","$144.94","$136.00","$156.00","166.67","8","$1159.49"
"Salamence ex 2025 Japanese Scarlet & Violet: Battle Partners #129/100 Special Art Rare PSA 10","7.11","$4.69","$66.00","$70.69 (10/24/2025)","$74.02","$42.00","$154.99","57.35","107","$7920.42"
"Team Rocket's Mewtwo ex 2025 Scarlet & Violet: Destined Rivals #213/182 Ultra Rare (Full Art) BGS 10 Pristine","7.04","$12.50","$177.50","$190.00 (10/24/2025)","$183.75","$177.50","$190.00","0.00","2","$367.50"
"Team Rocket's Mewtwo ex 2025 Japanese Scarlet & Violet: Glory of Team Rocket #039/098 Double Rare PSA 10","6.83","$2.62","$38.38","$41.00 (10/24/2025)","$38.84","$32.00","$43.99","-50.00","4","$155.37"
"Misty's Lapras 2025 Scarlet & Violet: Destined Rivals #194/182 Illustration Rare PSA 9","6.78","$3.47","$51.20","$54.67 (10/24/2025)","$47.23","$30.00","$70.64","31.82","58","$2739.45"
"Team Rocket's Orbeetle 2025 Scarlet & Violet: Destined Rivals #198/182 Illustration Rare CGC 10","6.74","$3.00","$44.50","$47.50 (10/10/2025)","$46.50","$44.00","$51.00","200.00","3","$139.50"
"N's Zorua 2025 Japanese Scarlet & Violet: Battle Partners #108/100 Art Rare PSA 9","6.67","$0.90","$13.50","$14.40 (10/23/2025)","$14.28","$11.55","$15.98","0.00","5","$71.41"
"Gothitelle 2025 Japanese Scarlet & Violet: White Flare #123/086 Art Rare PSA 10","6.67","$2.00","$30.00","$32.00 (10/14/2025)","$31.00","$30.00","$32.00","-33.33","2","$62.00"
"Sylveon ex 2025 Scarlet & Violet: Prismatic Evolutions #156/131 Special Illustration Rare CGC 9.5","6.29","$22.50","$357.49","$379.99 (10/16/2025)","$364.99","$349.98","$379.99","0.00","3","$1094.97"
"Ethan's Ho-Oh ex 2025 Scarlet & Violet: Destined Rivals #230/182 Special Illustration Rare PSA 9","6.20","$13.01","$210.00","$223.01 (10/21/2025)","$229.39","$180.00","$299.95","-35.00","13","$2982.07"
"Ducklett 2025 Scarlet & Violet: White Flare #109/086 Illustration Rare PSA 9","6.06","$2.00","$33.00","$35.00 (10/22/2025)","$34.00","$32.00","$35.00","0.00","5","$170.00"
"Glaceon ex 2025 Scarlet & Violet: Prismatic Evolutions #150/131 Special Illustration Rare PSA 9","6.06","$10.00","$165.00","$175.00 (10/23/2025)","$207.60","$165.00","$249.99","-33.33","26","$5397.57"
"Zorua 2025 Scarlet & Violet: White Flare #142/086 Illustration Rare PSA 8","6.06","$1.00","$16.50","$17.50 (10/14/2025)","$17.00","$16.50","$17.50","0.00","2","$34.00"
"N's Zoroark ex 2025 Scarlet & Violet: Journey Together #175/159 Ultra Rare (Full Art) CGC 10","6.06","$1.00","$16.50","$17.50 (10/20/2025)","$14.33","$8.99","$17.50","-40.00","3","$42.99"
"Ethan's Adventure 2025 Scarlet & Violet: Destined Rivals #236/182 Special Illustration Rare CGC 8.5","6.05","$2.60","$43.00","$45.60 (10/05/2025)","$44.30","$43.00","$45.60","0.00","2","$88.60"
"Salamence ex 2025 Scarlet & Violet: Journey Together #187/159 Special Illustration Rare PSA 9","6.00","$4.50","$75.00","$79.50 (10/23/2025)","$80.84","$57.00","$113.09","-21.43","55","$4446.26"
"Genesect ex 2025 Scarlet & Violet: Black Bolt #169/086 Special Illustration Rare PSA 10","5.71","$10.00","$175.00","$185.00 (10/24/2025)","$184.18","$133.50","$300.00","181.82","31","$5709.57"
"Beheeyem 2025 Scarlet & Violet: Black Bolt #121/086 Illustration Rare PSA 9","5.65","$0.99","$17.51","$18.50 (10/22/2025)","$16.80","$14.40","$18.50","0.00","3","$50.41"
"Ducklett 2025 Japanese Scarlet & Violet: White Flare #106/086 Art Rare CGC 10","5.62","$1.49","$26.50","$27.99 (10/22/2025)","$27.24","$26.50","$27.99","100.00","2","$54.49"
"Team Rocket's Mewtwo ex 2025 Japanese Scarlet & Violet: Glory of Team Rocket #114/098 Super Rare (Full Art) PSA 10","5.56","$4.00","$72.00","$76.00 (10/23/2025)","$84.37","$64.00","$115.00","8.33","26","$2193.68"
"Exeggutor 2025 Japanese Mega Brave #66/63 Art Rare CGC 9","5.56","$0.60","$10.80","$11.40 (10/19/2025)","$11.20","$10.80","$12.00","50.00","3","$33.60"
"Darumaka 2025 Scarlet & Violet: Black Bolt #097/086 Illustration Rare PSA 10","5.43","$5.00","$92.00","$97.00 (10/20/2025)","$104.17","$92.00","$123.50","0.00","3","$312.50"
"Iron Hands ex 2025 Scarlet & Violet: Prismatic Evolutions #154/131 Special Illustration Rare PSA 9","5.41","$2.00","$37.00","$39.00 (10/24/2025)","$38.14","$33.00","$50.00","12.50","9","$343.24"
"Articuno 2025 Japanese Scarlet & Violet: Battle Partners #102/100 Art Rare CGC 9","5.27","$1.00","$18.99","$19.99 (10/24/2025)","$15.96","$10.80","$19.99","-52.94","8","$127.72"
"Rapidash 2025 Scarlet & Violet: Destined Rivals #189/182 Illustration Rare PSA 9","5.26","$1.00","$19.00","$20.00 (10/24/2025)","$20.46","$14.50","$29.95","-9.38","29","$593.30"
"Hop's Zacian ex 2025 Scarlet & Violet: Journey Together #186/159 Special Illustration Rare PSA 9","5.26","$2.00","$38.00","$40.00 (10/19/2025)","$41.10","$29.00","$65.00","-24.00","19","$780.95"
"Team Rocket's Raticate 2025 Scarlet & Violet: Destined Rivals #202/182 Illustration Rare CGC 9","5.22","$0.60","$11.50","$12.10 (10/12/2025)","$11.90","$11.00","$13.20","0.00","3","$35.70"
"N's Zoroark ex 2025 Scarlet & Violet: Journey Together #189/159 Hyper Rare (Secret) PSA 9","5.13","$1.00","$19.50","$20.50 (10/24/2025)","$22.46","$9.50","$43.00","11.54","29","$651.44"
"Cynthia's Garchomp ex 2025 Scarlet & Violet: Destined Rivals #232/182 Special Illustration Rare PSA 9","4.69","$15.00","$320.00","$335.00 (10/24/2025)","$325.74","$250.00","$349.99","-11.76","15","$4886.16"
"Salamence ex 2025 Scarlet & Violet: Journey Together #187/159 Special Illustration Rare CGC 9.5","4.65","$4.00","$86.00","$90.00 (10/15/2025)","$88.00","$86.00","$90.00","100.00","2","$176.00"
"Team Rocket's Mewtwo ex 2025 Scarlet & Violet: Destined Rivals #231/182 Special Illustration Rare PSA 9","4.55","$25.02","$549.98","$575.00 (10/24/2025)","$618.11","$399.99","$835.00","7.32","44","$27196.62"
"Team Rocket's Mewtwo ex 2025 Scarlet & Violet: Destined Rivals #231/182 Special Illustration Rare CGC 10","4.55","$50.01","$1099.99","$1150.00 (10/15/2025)","$950.00","$300.00","$1250.00","-33.33","4","$3799.99"
"Volcanion ex 2025 Scarlet & Violet: Journey Together #182/159 Special Illustration Rare PSA 10","4.55","$5.00","$110.00","$115.00 (10/23/2025)","$120.84","$104.49","$150.00","47.37","28","$3383.45"
"Glaceon 2025 Scarlet & Violet: Prismatic Evolutions #025/131 Master Ball Reverse Holo PSA 10","4.53","$13.01","$286.99","$300.00 (10/14/2025)","$293.50","$286.99","$300.00","0.00","2","$586.99"
"Sylveon ex 2025 Scarlet & Violet: Prismatic Evolutions #156/131 Special Illustration Rare PSA 9","4.48","$15.00","$335.00","$350.00 (10/24/2025)","$370.75","$295.00","$490.98","-8.70","42","$15571.54"
"Team Rocket's Mewtwo ex 2025 Scarlet & Violet: Destined Rivals #213/182 Ultra Rare (Full Art) PSA 10","4.46","$6.25","$140.00","$146.25 (10/24/2025)","$142.10","$105.00","$179.71","1.82","56","$7957.46"
"Zorua 2025 Scarlet & Violet: White Flare #142/086 Illustration Rare PSA 10","4.45","$8.01","$179.99","$188.00 (10/23/2025)","$189.07","$177.50","$200.00","600.00","7","$1323.49"
"Pikachu ex 2025 Scarlet & Violet: Prismatic Evolutions #179/131 Hyper Rare (Secret) BGS 9","4.43","$2.76","$62.24","$65.00 (09/26/2025)","$63.62","$62.24","$65.00","0.00","2","$127.24"
"Cetitan ex 2025 Scarlet & Violet: Destined Rivals #210/182 Ultra Rare (Full Art) PSA 10","4.38","$1.26","$28.74","$30.00 (10/21/2025)","$30.63","$28.74","$35.00","-50.00","4","$122.51"
"Glaceon 2025 Scarlet & Violet: Prismatic Evolutions #025/131 Master Ball Reverse Holo PSA 9","4.30","$0.99","$23.00","$23.99 (10/24/2025)","$22.33","$20.00","$23.99","0.00","3","$66.99"
"Zekrom ex 2025 Scarlet & Violet: Black Bolt #172/086 Black White Rare (Secret) PSA 9","4.17","$18.63","$446.37","$465.00 (10/24/2025)","$434.74","$361.00","$500.00","20.00","30","$13042.22"
"Cynthia's Garchomp ex 2025 Scarlet & Violet: Destined Rivals #232/182 Special Illustration Rare PSA 8","4.17","$10.01","$239.99","$250.00 (10/18/2025)","$239.16","$227.50","$250.00","-57.14","3","$717.49"
"Emboar 2025 Scarlet & Violet: White Flare #098/086 Illustration Rare PSA 9","4.17","$2.00","$48.00","$50.00 (10/07/2025)","$49.00","$48.00","$50.00","100.00","2","$98.00"
"Terapagos ex 2025 Scarlet & Violet: Prismatic Evolutions #169/131 Special Illustration Rare PSA 10","4.17","$4.30","$103.20","$107.50 (10/18/2025)","$121.34","$103.20","$153.00","-28.57","5","$606.70"
"N's Reshiram 2025 Japanese Scarlet & Violet: Battle Partners #109/100 Art Rare CGC 9.5","4.11","$0.79","$19.20","$19.99 (10/23/2025)","$19.06","$18.00","$19.99","-57.14","3","$57.19"
"Snorlax ex 2025 Scarlet & Violet: Prismatic Evolutions #076/131 Double Rare CGC 10","4.00","$1.00","$25.00","$26.00 (10/17/2025)","$25.50","$25.00","$26.00","100.00","2","$51.00"
"Rotom 2025 Japanese Scarlet & Violet: Heat Wave Arena #074/063 Art Rare PSA 10","3.96","$0.99","$25.00","$25.99 (10/24/2025)","$32.78","$20.00","$41.00","27.27","14","$458.97"
"Serperior ex 2025 Scarlet & Violet: Black Bolt #156/086 Ultra Rare (Full Art) PSA 9","3.88","$0.66","$17.01","$17.67 (10/20/2025)","$19.03","$14.95","$25.00","0.00","5","$95.16"
"Slowpoke 2025 Scarlet & Violet: Prismatic Evolutions #018/131 Master Ball Reverse Holo PSA 10","3.85","$3.00","$78.00","$81.00 (10/19/2025)","$76.00","$69.00","$81.00","0.00","4","$304.00"
"Pidove 2025 Scarlet & Violet: Black Bolt #148/086 Illustration Rare PSA 9","3.79","$0.55","$14.50","$15.05 (10/17/2025)","$15.86","$14.50","$18.02","200.00","3","$47.57"
"Krookodile 2025 Japanese Scarlet & Violet: Black Bolt #143/086 Art Rare CGC 10","3.71","$1.00","$26.99","$27.99 (10/20/2025)","$27.66","$26.99","$27.99","200.00","3","$82.97"
"Vulpix 2025 Japanese Mega Brave #67/63 Art Rare CGC 9","3.70","$0.40","$10.80","$11.20 (10/19/2025)","$11.04","$10.80","$12.00","150.00","5","$55.20"
"Team Rocket's Archer 2025 Scarlet & Violet: Destined Rivals #223/182 Ultra Rare (Full Art) PSA 10","3.60","$1.08","$30.00","$31.08 (10/18/2025)","$33.93","$21.36","$54.00","0.00","9","$305.38"
"Team Rocket's Crobat ex 2025 Japanese Scarlet & Violet: Glory of Team Rocket #117/098 Super Rare (Full Art) CGC 10","3.57","$1.00","$27.99","$28.99 (10/24/2025)","$28.49","$27.99","$28.99","100.00","2","$56.98"
"Yanmega ex 2025 Scarlet & Violet: Destined Rivals #228/182 Special Illustration Rare PSA 10","3.45","$3.00","$87.00","$90.00 (10/24/2025)","$93.56","$78.00","$141.56","54.55","17","$1590.48"
"Team Rocket's Nidoking ex 2025 Scarlet & Violet: Destined Rivals #233/182 Special Illustration Rare PSA 10","3.45","$14.99","$435.00","$449.99 (10/23/2025)","$434.10","$371.00","$599.00","-50.94","26","$11286.62"
"Genesect ex 2025 Scarlet & Violet: Black Bolt #169/086 Special Illustration Rare PSA 9","3.43","$1.99","$58.00","$59.99 (10/21/2025)","$54.50","$41.00","$74.00","33.33","8","$435.99"
"Victini 2025 Scarlet & Violet: White Flare #172/086 Black White Rare (Secret) PSA 9","3.39","$15.00","$443.00","$458.00 (10/24/2025)","$430.02","$330.00","$550.00","144.44","44","$18920.69"
"Team Rocket's Mewtwo ex 2025 Japanese Scarlet & Violet: Glory of Team Rocket #125/098 Special Art Rare PSA 9","3.36","$9.75","$290.00","$299.75 (10/23/2025)","$303.63","$270.00","$329.50","-20.00","4","$1214.50"
"Hop's Zacian ex 2025 Japanese Scarlet & Violet: Battle Partners #128/100 Special Art Rare PSA 10","3.35","$1.74","$52.00","$53.74 (10/20/2025)","$51.32","$43.00","$63.50","-29.17","17","$872.40"
"Zamazenta 2025 Japanese Scarlet & Violet: Glory of Team Rocket #107/098 Art Rare PSA 9","3.34","$0.50","$14.99","$15.49 (10/16/2025)","$15.24","$14.99","$15.49","100.00","2","$30.48"
"Mega Venusaur ex 2025 Japanese Mega Brave #03/63 Double Rare CGC 9.5","3.33","$0.40","$12.00","$12.40 (10/19/2025)","$11.76","$9.60","$15.60","400.00","5","$58.80"
"Team Rocket's Articuno 2025 Scarlet & Violet: Destined Rivals #051/182 Holo PSA 9","3.33","$1.00","$30.00","$31.00 (10/15/2025)","$30.50","$30.00","$31.00","0.00","2","$61.00"
"Blitzle 2025 Scarlet & Violet: White Flare #114/086 Illustration Rare PSA 9","3.33","$0.50","$15.00","$15.50 (10/20/2025)","$13.67","$10.50","$15.50","200.00","3","$41.00"
"Mega Lucario ex 2025 Mega Evolution #188/132 Mega Hyper Rare (Secret) PSA 9","3.25","$20.50","$630.00","$650.50 (10/23/2025)","$682.72","$590.00","$900.00","0.00","16","$10923.55"
"Iron Hands ex 2025 Scarlet & Violet: Prismatic Evolutions #154/131 Special Illustration Rare PSA 10","3.18","$4.77","$150.00","$154.77 (10/22/2025)","$166.18","$144.99","$180.00","12.50","9","$1495.60"
"Misty's Psyduck 2025 Scarlet & Violet: Destined Rivals #193/182 Illustration Rare CGC 9","3.16","$1.80","$57.00","$58.80 (10/19/2025)","$64.79","$57.00","$80.00","300.00","8","$518.31"
"Blaziken 2025 Japanese Scarlet & Violet: Glory of Team Rocket #101/098 Art Rare PSA 9","3.13","$0.50","$16.00","$16.50 (10/21/2025)","$19.17","$16.00","$25.00","0.00","3","$57.50"
"Cynthia's Garchomp ex 2025 Scarlet & Violet: Destined Rivals #232/182 Special Illustration Rare PSA 10","2.87","$23.33","$811.67","$835.00 (10/24/2025)","$866.88","$550.00","$1079.51","-31.65","54","$46811.29"
"Shroodle 2025 Japanese Mega Brave #72/63 Art Rare PSA 10","2.86","$1.00","$35.00","$36.00 (10/19/2025)","$34.33","$32.00","$36.00","0.00","3","$103.00"
"Throh 2025 Scarlet & Violet: Black Bolt #128/086 Illustration Rare PSA 9","2.86","$0.50","$17.50","$18.00 (10/23/2025)","$15.67","$11.50","$18.00","0.00","3","$47.00"
"Glaceon ex 2025 Scarlet & Violet: Prismatic Evolutions #150/131 Special Illustration Rare BGS 9","2.86","$5.00","$175.00","$180.00 (10/05/2025)","$177.50","$175.00","$180.00","-33.33","2","$355.00"
"Palpitoad 2025 Scarlet & Violet: Black Bolt #104/086 Illustration Rare PSA 9","2.81","$0.59","$20.99","$21.58 (10/19/2025)","$30.43","$20.99","$44.99","500.00","6","$182.55"
"Misty's Psyduck 2025 Japanese Scarlet & Violet: Heat Wave Arena #071/063 Art Rare PSA 9","2.57","$0.97","$37.77","$38.74 (10/24/2025)","$35.75","$17.99","$59.99","9.52","23","$822.22"
"Zekrom ex 2025 Scarlet & Violet: Black Bolt #172/086 Black White Rare (Secret) PSA 8","2.56","$9.00","$351.00","$360.00 (10/24/2025)","$329.55","$277.64","$360.00","-40.00","3","$988.64"
"Dudunsparce ex 2025 Scarlet & Violet: Journey Together #178/159 Ultra Rare (Full Art) PSA 10","2.54","$0.99","$39.00","$39.99 (10/15/2025)","$36.33","$29.99","$39.99","0.00","3","$108.98"
"Iono's Bellibolt ex 2025 Japanese Scarlet & Violet: Battle Partners #130/100 Ultra Rare (Secret) PSA 9","2.50","$0.50","$20.00","$20.50 (10/06/2025)","$20.25","$20.00","$20.50","100.00","2","$40.50"
"Ethan's Ho-Oh ex 2025 Scarlet & Violet: Destined Rivals #230/182 Special Illustration Rare PSA 7","2.50","$4.37","$175.00","$179.37 (09/26/2025)","$177.91","$166.24","$192.50","50.00","3","$533.74"
"Clamperl 2025 Japanese Scarlet & Violet: Glory of Team Rocket #102/098 Art Rare PSA 10","2.23","$0.72","$32.28","$33.00 (10/10/2025)","$32.64","$32.28","$33.00","-75.00","2","$65.28"
"Walking Wake ex 2025 Scarlet & Violet: Prismatic Evolutions #178/131 Hyper Rare (Secret) PSA 9","2.18","$0.49","$22.50","$22.99 (10/22/2025)","$18.64","$14.01","$22.99","0.00","7","$130.49"
"Patrat 2025 Japanese Scarlet & Violet: White Flare #151/086 Art Rare PSA 10","1.94","$1.01","$51.99","$53.00 (10/23/2025)","$52.50","$51.99","$53.00","0.00","2","$104.99"
"Deerling 2025 Scarlet & Violet: White Flare #091/086 Illustration Rare PSA 10","1.93","$2.51","$129.99","$132.50 (10/23/2025)","$130.83","$129.99","$132.50","0.00","3","$392.49"
"Salamence ex 2025 Scarlet & Violet: Journey Together #187/159 Special Illustration Rare PSA 8","1.91","$1.34","$70.00","$71.34 (10/19/2025)","$76.72","$70.00","$88.83","-50.00","3","$230.17"
"Hop's Zacian ex 2025 Scarlet & Violet: Journey Together #186/159 Special Illustration Rare CGC 10","1.91","$1.45","$76.04","$77.49 (10/21/2025)","$78.02","$69.99","$85.49","0.00","7","$546.11"
"Marshadow 2025 Japanese Mega Brave #69/63 Art Rare CGC 10","1.89","$0.69","$36.60","$37.29 (10/23/2025)","$33.91","$27.60","$42.00","122.22","20","$678.28"
"Team Rocket's Moltres ex 2025 Japanese Scarlet & Violet: Glory of Team Rocket #112/098 Super Rare (Full Art) PSA 10","1.76","$0.92","$52.50","$53.42 (10/23/2025)","$48.10","$34.00","$54.99","-33.33","4","$192.41"
"N's Zoroark ex 2025 Scarlet & Violet: Journey Together #175/159 Ultra Rare (Full Art) PSA 10","1.73","$0.62","$35.88","$36.50 (10/24/2025)","$38.80","$29.00","$50.00","-43.24","21","$814.84"
"Lillie's Ribombee 2025 Japanese Scarlet & Violet: Battle Partners #105/100 Art Rare PSA 10","1.63","$0.77","$47.48","$48.25 (10/24/2025)","$49.19","$29.00","$120.00","-27.03","108","$5312.95"
"Haxorus 2025 Scarlet & Violet: Black Bolt #147/086 Illustration Rare PSA 10","1.61","$5.00","$310.00","$315.00 (10/23/2025)","$301.67","$275.00","$325.00","500.00","6","$1809.99"
"Tepig 2025 Scarlet & Violet: White Flare #096/086 Illustration Rare PSA 10","1.47","$2.50","$170.00","$172.50 (10/17/2025)","$159.71","$75.00","$180.50","133.33","7","$1118.00"
"Seismitoad 2025 Scarlet & Violet: Black Bolt #105/086 Illustration Rare PSA 9","1.10","$2.22","$201.25","$203.47 (10/24/2025)","$226.06","$179.50","$278.30","20.59","41","$9268.63"
"Zamazenta 2025 Scarlet & Violet: Destined Rivals #201/182 Illustration Rare PSA 9","1.10","$0.25","$22.75","$23.00 (10/24/2025)","$20.32","$10.50","$25.09","15.00","23","$467.28"
"Carracosta 2025 Scarlet & Violet: Black Bolt #107/086 Illustration Rare PSA 10","1.00","$1.00","$100.00","$101.00 (10/21/2025)","$100.33","$100.00","$101.00","0.00","3","$301.00"
"Iono's Bellibolt ex 2025 Scarlet & Violet: Journey Together #183/159 Special Illustration Rare PSA 9","0.72","$0.33","$46.00","$46.33 (10/24/2025)","$53.18","$32.12","$113.97","34.38","43","$2286.91"
"Vaporeon ex 2025 Scarlet & Violet: Prismatic Evolutions #149/131 Special Illustration Rare PSA 10","0.50","$6.01","$1199.99","$1206.00 (10/21/2025)","$1046.88","$744.00","$1304.14","-15.63","27","$28265.85"
"Flareon 2025 Scarlet & Violet: Prismatic Evolutions #013/131 Master Ball Reverse Holo PSA 10","0.39","$0.65","$167.52","$168.17 (10/08/2025)","$156.77","$120.00","$168.17","66.67","5","$783.85"
"Swanna 2025 Scarlet & Violet: White Flare #110/086 Illustration Rare PSA 9","0.33","$0.05","$14.95","$15.00 (10/19/2025)","$14.85","$11.50","$17.01","150.00","5","$74.27"
"Krookodile 2025 Scarlet & Violet: Black Bolt #137/086 Illustration Rare CGC 10","0.30","$0.30","$99.70","$100.00 (10/22/2025)","$99.85","$99.70","$100.00","0.00","2","$199.70"
"Reshiram ex 2025 Scarlet & Violet: White Flare #173/086 Black White Rare (Secret) PSA 10","0.29","$2.67","$921.00","$923.67 (10/24/2025)","$975.29","$800.00","$1224.99","5.33","79","$77047.92"
"Zekrom ex 2025 Scarlet & Violet: Black Bolt #172/086 Black White Rare (Secret) PSA 10","0.18","$2.27","$1275.00","$1277.27 (10/24/2025)","$1290.54","$1100.00","$1537.00","14.71","78","$100662.35"
"Lillie's Clefairy ex 2025 Japanese Scarlet & Violet: Battle Partners #126/100 Special Art Rare PSA 10","0.15","$0.44","$299.56","$300.00 (10/24/2025)","$307.64","$219.60","$529.99","70.00","51","$15689.84"
"Meloetta ex 2025 Scarlet & Violet: Black Bolt #159/086 Ultra Rare (Full Art) PSA 10","0.06","$0.02","$39.95","$39.98 (10/21/2025)","$33.62","$21.50","$40.00","1000.00","11","$369.79"
"Maractus 2025 Japanese Scarlet & Violet: Battle Partners #101/100 Art Rare PSA 10","0.04","$0.01","$24.99","$25.00 (10/22/2025)","$27.57","$24.99","$32.42","-40.00","6","$165.41"
"Axew 2025 Japanese Scarlet & Violet: Black Bolt #150/086 Art Rare CGC 10","0.03","$0.01","$29.99","$30.00 (10/07/2025)","$29.99","$29.99","$30.00","0.00","2","$59.99"
"Umbreon 2025 Scarlet & Violet: Prismatic Evolutions #059/131 Reverse Holo PSA 10","0.03","$0.01","$34.99","$35.00 (10/22/2025)","$41.17","$34.00","$50.00","133.33","7","$288.17"
"Darmanitan 2025 Japanese Scarlet & Violet: Black Bolt #099/086 Art Rare PSA 10","0.03","$0.01","$39.99","$40.00 (10/23/2025)","$40.00","$39.99","$40.00","-62.50","3","$119.99"
"Flareon ex 2025 Scarlet & Violet: Prismatic Evolutions #146/131 Special Illustration Rare CGC 9","0.02","$0.04","$179.95","$179.99 (10/14/2025)","$162.15","$126.50","$179.99","200.00","3","$486.44"
"Umbreon 2025 Scarlet & Violet: Prismatic Evolutions #059/131 Master Ball Reverse Holo PSA 9","0.01","$0.01","$79.99","$80.00 (10/23/2025)","$76.63","$44.45","$95.02","8.33","13","$996.19"
"Mega Absol ex 2025 Japanese Mega Brave #79/63 Super Rare (Full Art) CGC 10","0.00","$0.00","$22.80","$22.80 (10/19/2025)","$21.90","$19.20","$25.20","166.67","8","$175.20"
"Garganacl 2025 Japanese Mega Brave #70/63 Art Rare PSA 8","0.00","$0.00","$8.45","$8.45 (10/03/2025)","$8.45","$8.45","$8.45","0.00","1","$8.45"
"Acerola's Mischief 2025 Japanese Mega Symphonia #90/63 Special Art Rare PSA 10","0.00","$0.00","$320.00","$320.00 (10/09/2025)","$320.00","$320.00","$320.00","-90.00","1","$320.00"
"Zekrom ex 2025 Japanese Scarlet & Violet: Black Bolt #169/086 Special Art Rare PSA 8","0.00","$0.00","$127.50","$127.50 (10/10/2025)","$127.50","$127.50","$127.50","0.00","1","$127.50"
"Zekrom ex 2025 Japanese Scarlet & Violet: Black Bolt #169/086 Special Art Rare BGS 10 Black Label","0.00","$0.00","$2175.00","$2175.00 (10/12/2025)","$2175.00","$2175.00","$2175.00","0.00","1","$2175.00"
"Zekrom ex 2025 Japanese Scarlet & Violet: Black Bolt #169/086 Special Art Rare BGS 9.5","0.00","$0.00","$156.00","$156.00 (10/19/2025)","$156.00","$156.00","$156.00","0.00","1","$156.00"
"Gothitelle 2025 Japanese Scarlet & Violet: White Flare #123/086 Art Rare CGC 10","0.00","$0.00","$15.60","$15.60 (10/05/2025)","$15.60","$15.60","$15.60","0.00","1","$15.60"
"Brassius 2025 Scarlet & Violet: Prismatic Evolutions #135/131 Ultra Rare (Full Art) CGC 10","0.00","$0.00","$10.00","$10.00 (10/07/2025)","$10.00","$10.00","$10.00","0.00","1","$10.00"
"Kangaskhan 2025 Scarlet & Violet: Destined Rivals #204/182 Illustration Rare BGS 9","0.00","$0.00","$15.50","$15.50 (10/23/2025)","$15.50","$15.50","$15.50","0.00","1","$15.50"
"Leafeon ex 2025 Scarlet & Violet: Prismatic Evolutions #144/131 Special Illustration Rare CGC 9","0.00","$0.00","$288.00","$288.00 (10/12/2025)","$288.00","$288.00","$288.00","0.00","1","$288.00"
"Kyurem ex 2025 Scarlet & Violet: Black Bolt #157/086 Ultra Rare (Full Art) PSA 9","0.00","$0.00","$19.99","$19.99 (10/23/2025)","$19.99","$19.99","$19.99","-66.67","1","$19.99"
"Mega Gardevoir ex 2025 Japanese Mega Symphonia #42/63 Double Rare PSA 9","0.00","$0.00","$8.88","$8.88 (10/18/2025)","$8.88","$8.88","$8.88","0.00","1","$8.88"
"Duraludon 2025 Scarlet & Violet: Prismatic Evolutions #069/131 Reverse Holo CGC 10","0.00","$0.00","$14.00","$14.00 (10/07/2025)","$14.00","$14.00","$14.00","0.00","1","$14.00"
"Pidove 2025 Japanese Scarlet & Violet: Black Bolt #153/086 Art Rare CGC 10","0.00","$0.00","$21.50","$21.50 (09/28/2025)","$21.50","$21.50","$21.50","0.00","1","$21.50"
"Emboar 2025 Japanese Scarlet & Violet: White Flare #013/086 Master Ball Reverse Holo CGC 8","0.00","$0.00","$5.99","$5.99 (09/26/2025)","$5.99","$5.99","$5.99","0.00","1","$5.99"
"Sandile 2025 Japanese Scarlet & Violet: Black Bolt #141/086 Art Rare CGC 9","0.00","$0.00","$9.85","$9.85 (10/14/2025)","$9.85","$9.85","$9.85","0.00","1","$9.85"
"Iono's Bellibolt ex 2025 Scarlet & Violet: Journey Together #172/159 Ultra Rare (Full Art) CGC 8.5","0.00","$0.00","$9.75","$9.75 (10/12/2025)","$9.75","$9.75","$9.75","0.00","1","$9.75"
"Ethan's Ho-Oh ex 2025 Scarlet & Violet: Destined Rivals #209/182 Ultra Rare (Full Art) BGS 10 Pristine","0.00","$0.00","$115.50","$115.50 (10/21/2025)","$115.50","$115.50","$115.50","0.00","1","$115.50"
"Team Rocket's Mewtwo ex 2025 Scarlet & Violet: Destined Rivals #213/182 Ultra Rare (Full Art) CGC 8","0.00","$0.00","$25.00","$25.00 (10/16/2025)","$25.00","$25.00","$25.00","0.00","1","$25.00"
"Team Rocket's Mewtwo ex 2025 Scarlet & Violet: Destined Rivals #213/182 Ultra Rare (Full Art) CGC 7.5","0.00","$0.00","$28.00","$28.00 (09/28/2025)","$28.00","$28.00","$28.00","0.00","1","$28.00"
"Salamence ex 2025 Japanese Scarlet & Violet: Battle Partners #129/100 Special Art Rare BGS 9.5","0.00","$0.00","$70.64","$70.64 (10/12/2025)","$70.64","$70.64","$70.64","0.00","1","$70.64"
"N's Plan 2025 Scarlet & Violet: Black Bolt #163/086 Ultra Rare (Full Art) CGC 9.5","0.00","$0.00","$13.20","$13.20 (09/28/2025)","$13.20","$13.20","$13.20","-50.00","1","$13.20"
"Gothita 2025 Scarlet & Violet: White Flare #124/086 Illustration Rare CGC 9","0.00","$0.00","$10.80","$10.80 (10/19/2025)","$10.80","$10.80","$10.80","0.00","1","$10.80"
"Iono's Bellibolt ex 2025 Scarlet & Violet: Journey Together #183/159 Special Illustration Rare CGC 9","0.00","$0.00","$50.00","$50.00 (10/06/2025)","$50.00","$50.00","$50.00","0.00","1","$50.00"
"Reshiram ex 2025 Japanese Scarlet & Violet: White Flare #174/086 Black White Rare (Secret) BGS 9.5","0.00","$0.00","$400.00","$400.00 (10/14/2025)","$400.00","$400.00","$400.00","0.00","1","$400.00"
"Mystery Garden 2025 Japanese Mega Symphonia #86/63 Super Rare (Full Art) CGC 10","0.00","$0.00","$13.20","$13.20 (09/28/2025)","$13.20","$13.20","$13.20","0.00","1","$13.20"
"Fennel 2025 Japanese Scarlet & Violet: Black Bolt #166/086 Super Rare (Full Art) PSA 10","0.00","$0.00","$47.90","$47.90 (09/28/2025)","$47.90","$47.90","$47.90","-50.00","1","$47.90"
"Fennel 2025 Japanese Scarlet & Violet: Black Bolt #166/086 Super Rare (Full Art) PSA 9","0.00","$0.00","$14.00","$14.00 (09/28/2025)","$14.00","$14.00","$14.00","0.00","1","$14.00"
"Mega Charizard X ex 2025 Japanese Mega: Inferno X #116/80 Mega Ultra Rare (Secret) PSA 8","0.00","$0.00","$620.00","$620.00 (10/17/2025)","$620.00","$620.00","$620.00","0.00","1","$620.00"
"Eevee 2025 Scarlet & Violet: Prismatic Evolutions #074/131 Base CGC 10","0.00","$0.00","$31.00","$31.00 (09/27/2025)","$31.00","$31.00","$31.00","-50.00","1","$31.00"
"Pineco 2025 Scarlet & Violet: Destined Rivals #004/182 Reverse Holo PSA 9","0.00","$0.00","$7.50","$7.50 (09/30/2025)","$7.50","$7.50","$7.50","0.00","1","$7.50"
"Snover 2025 Mega Evolution #140/132 Illustration Rare CGC 9","0.00","$0.00","$29.00","$29.00 (10/16/2025)","$29.00","$29.00","$29.00","0.00","1","$29.00"
"Inteleon 2025 Japanese Mega Symphonia #69/63 Art Rare CGC 10","0.00","$0.00","$20.40","$20.40 (10/12/2025)","$20.40","$20.40","$20.40","100.00","2","$40.80"
"Team Rocket's Wobbuffet 2025 Japanese Scarlet & Violet: Glory of Team Rocket #103/098 Art Rare BGS 10 Pristine","0.00","$0.00","$34.80","$34.80 (09/28/2025)","$34.80","$34.80","$34.80","-50.00","1","$34.80"
"Mamoswine ex 2025 Scarlet & Violet: Journey Together #079/159 Double Rare PSA 9","0.00","$0.00","$19.99","$19.99 (10/11/2025)","$19.99","$19.99","$19.99","0.00","1","$19.99"
"Team Rocket's Zapdos 2025 Japanese Scarlet & Violet: Glory of Team Rocket #033/098 Holo PSA 7","0.00","$0.00","$13.31","$13.31 (10/21/2025)","$13.31","$13.31","$13.31","0.00","1","$13.31"
"Ducklett 2025 Scarlet & Violet: White Flare #109/086 Illustration Rare PSA 7","0.00","$0.00","$15.00","$15.00 (10/16/2025)","$15.00","$15.00","$15.00","0.00","1","$15.00"
"Scream Tail 2025 Scarlet & Violet: Prismatic Evolutions #042/131 Master Ball Reverse Holo PSA 10","0.00","$0.00","$59.95","$59.95 (10/12/2025)","$59.95","$59.95","$59.95","0.00","1","$59.95"
"Mandibuzz 2025 Scarlet & Violet: White Flare #145/086 Illustration Rare CGC 9","0.00","$0.00","$19.00","$19.00 (09/29/2025)","$19.00","$19.00","$19.00","0.00","1","$19.00"
"Sparkling Crystal 2025 Scarlet & Violet: Prismatic Evolutions #129/131 Holo (ACE SPEC) PSA 8","0.00","$0.00","$9.99","$9.99 (10/15/2025)","$9.99","$9.99","$9.99","0.00","1","$9.99"
"Sylveon 2025 Scarlet & Violet: Prismatic Evolutions #040/131 Holo CGC 10","0.00","$0.00","$39.95","$39.95 (10/11/2025)","$39.95","$39.95","$39.95","-50.00","1","$39.95"
"Krookodile 2025 Scarlet & Violet: Black Bolt #137/086 Illustration Rare PSA 10","0.00","$0.00","$215.00","$215.00 (10/08/2025)","$215.00","$215.00","$215.00","0.00","1","$215.00"
"Krookodile 2025 Scarlet & Violet: Black Bolt #137/086 Illustration Rare PSA 8","0.00","$0.00","$9.38","$9.38 (10/12/2025)","$9.38","$9.38","$9.38","0.00","1","$9.38"
"Seismitoad 2025 Scarlet & Violet: Black Bolt #105/086 Illustration Rare CGC 9","0.00","$0.00","$180.00","$180.00 (10/12/2025)","$180.00","$180.00","$180.00","0.00","1","$180.00"
"Misty's Psyduck 2025 Scarlet & Violet: Destined Rivals #193/182 Illustration Rare CGC 7.5","0.00","$0.00","$50.00","$50.00 (10/12/2025)","$50.00","$50.00","$50.00","0.00","1","$50.00"
"Iono's Kilowattrel 2025 Japanese Scarlet & Violet: Battle Partners #104/100 Art Rare BGS 9.5","0.00","$0.00","$20.00","$20.00 (10/15/2025)","$20.00","$20.00","$20.00","-50.00","1","$20.00"
"Ninjask 2025 Japanese Mega Symphonia #65/63 Art Rare CGC 10","0.00","$0.00","$15.60","$15.60 (10/12/2025)","$15.60","$15.60","$15.60","-50.00","1","$15.60"
"Ninjask 2025 Japanese Mega Symphonia #65/63 Art Rare CGC 9","0.00","$0.00","$10.80","$10.80 (10/19/2025)","$10.80","$10.80","$10.80","0.00","1","$10.80"
"Mega Lucario ex 2025 Japanese Mega Brave #88/63 Special Art Rare CGC 9.5","0.00","$0.00","$105.60","$105.60 (10/12/2025)","$105.60","$79.20","$132.00","100.00","2","$211.20"
"Hop's Wooloo 2025 Japanese Scarlet & Violet: Battle Partners #112/100 Art Rare CGC 9.5","0.00","$0.00","$10.80","$10.80 (09/28/2025)","$10.80","$10.80","$10.80","0.00","1","$10.80"
"Excadrill ex 2025 Scarlet & Violet: Black Bolt #160/086 Ultra Rare (Full Art) PSA 5","0.00","$0.00","$5.50","$5.50 (10/05/2025)","$5.50","$5.50","$5.50","0.00","1","$5.50"
"Salamence ex 2025 Scarlet & Violet: Journey Together #114/159 Double Rare SGC 10","0.00","$0.00","$26.21","$26.21 (10/23/2025)","$26.21","$26.21","$26.21","0.00","1","$26.21"
"Walking Wake ex 2025 Scarlet & Violet: Prismatic Evolutions #178/131 Hyper Rare (Secret) CGC 10","0.00","$0.00","$36.00","$36.00 (10/20/2025)","$36.00","$36.00","$36.00","0.00","1","$36.00"
"Walking Wake ex 2025 Scarlet & Violet: Prismatic Evolutions #178/131 Hyper Rare (Secret) CGC 9","0.00","$0.00","$17.00","$17.00 (10/21/2025)","$17.00","$17.00","$17.00","0.00","1","$17.00"
"Raging Bolt ex 2025 Scarlet & Violet: Prismatic Evolutions #166/131 Special Illustration Rare BGS 9","0.00","$0.00","$55.20","$55.20 (09/28/2025)","$55.20","$55.20","$55.20","0.00","1","$55.20"
"Mega Manectric ex 2025 Japanese Mega Symphonia #32/63 Double Rare CGC 8","0.00","$0.00","$12.00","$12.00 (09/28/2025)","$12.00","$12.00","$12.00","0.00","1","$12.00"
"Ninjask 2025 Mega Evolution #137/132 Illustration Rare PSA 10","0.00","$0.00","$14.99","$14.99 (10/04/2025)","$14.99","$14.99","$14.99","0.00","1","$14.99"
"Ninjask 2025 Mega Evolution #137/132 Illustration Rare CGC 10","0.00","$0.00","$24.00","$24.00 (10/12/2025)","$24.00","$24.00","$24.00","0.00","1","$24.00"
"Ninjask 2025 Mega Evolution #137/132 Illustration Rare CGC 9","0.00","$0.00","$25.00","$25.00 (10/16/2025)","$25.00","$25.00","$25.00","0.00","1","$25.00"
"Scraggy 2025 Scarlet & Violet: White Flare #057/086 Poke Ball Reverse Holo PSA 9","0.00","$0.00","$40.00","$40.00 (10/16/2025)","$40.00","$40.00","$40.00","0.00","1","$40.00"
"Serperior ex 2025 Scarlet & Violet: Black Bolt #164/086 Special Illustration Rare CGC 10","0.00","$0.00","$88.75","$88.75 (10/12/2025)","$88.75","$88.75","$88.75","0.00","1","$88.75"
"Lopunny 2025 Scarlet & Violet: Prismatic Evolutions #084/131 Master Ball Reverse Holo PSA 8","0.00","$0.00","$18.00","$18.00 (09/28/2025)","$18.00","$18.00","$18.00","0.00","1","$18.00"
"Jolteon ex 2025 Scarlet & Violet: Prismatic Evolutions #030/131 Double Rare CGC 10","0.00","$0.00","$32.00","$32.00 (10/22/2025)","$32.00","$32.00","$32.00","-75.00","1","$32.00"
"Ralts 2025 Mega Evolution #058/132 Reverse Holo CGC 10","0.00","$0.00","$12.00","$12.00 (10/12/2025)","$12.00","$12.00","$12.00","0.00","1","$12.00"
"Pikachu ex 2025 Scarlet & Violet: Prismatic Evolutions #179/131 Hyper Rare (Secret) PSA 7","0.00","$0.00","$20.00","$20.00 (10/07/2025)","$20.00","$20.00","$20.00","0.00","1","$20.00"
"Team Rocket's Nidoking ex 2025 Japanese Scarlet & Violet: Glory of Team Rocket #063/098 Double Rare CGC 7.5","0.00","$0.00","$6.00","$6.00 (10/19/2025)","$6.00","$6.00","$6.00","0.00","1","$6.00"
"Emcee's Hype 2025 Scarlet & Violet: Destined Rivals #220/182 Ultra Rare (Full Art) CGC 9.5","0.00","$0.00","$15.60","$15.60 (09/28/2025)","$15.60","$15.60","$15.60","0.00","1","$15.60"
"Emcee's Hype 2025 Scarlet & Violet: Destined Rivals #220/182 Ultra Rare (Full Art) CGC 9","0.00","$0.00","$7.01","$7.01 (10/20/2025)","$7.01","$7.01","$7.01","0.00","1","$7.01"
"Oshawott 2025 Japanese Scarlet & Violet: White Flare #018/086 Master Ball Reverse Holo PSA 10","0.00","$0.00","$29.00","$29.00 (10/23/2025)","$29.00","$29.00","$29.00","0.00","1","$29.00"
"Iron Crown ex 2025 Scarlet & Violet: Prismatic Evolutions #158/131 Special Illustration Rare PSA 8","0.00","$0.00","$33.00","$33.00 (10/11/2025)","$33.00","$33.00","$33.00","-66.67","1","$33.00"
"Arven's Greedent 2025 Scarlet & Violet: Destined Rivals #205/182 Illustration Rare PSA 8","0.00","$0.00","$0.99","$0.99 (10/06/2025)","$0.99","$0.99","$0.99","0.00","1","$0.99"
"Throh 2025 Scarlet & Violet: Black Bolt #128/086 Illustration Rare CGC 9","0.00","$0.00","$9.60","$9.60 (10/05/2025)","$9.60","$9.60","$9.60","0.00","1","$9.60"
"Lillie's Determination 2025 Mega Evolution #169/132 Ultra Rare (Full Art) CGC 9.5","0.00","$0.00","$28.00","$28.00 (10/13/2025)","$28.00","$28.00","$28.00","0.00","1","$28.00"
"Lillie's Determination 2025 Mega Evolution #169/132 Ultra Rare (Full Art) CGC 9","0.00","$0.00","$32.00","$32.00 (10/14/2025)","$32.00","$32.00","$32.00","0.00","1","$32.00"
"Levincia 2025 Japanese Scarlet & Violet: Heat Wave Arena #092/063 Ultra Rare (Secret) PSA 10","0.00","$0.00","$38.00","$38.00 (10/03/2025)","$38.00","$38.00","$38.00","0.00","1","$38.00"
"Arven's Greedent 2025 Japanese Scarlet & Violet: Heat Wave Arena #075/063 Art Rare PSA 9","0.00","$0.00","$14.99","$14.99 (10/07/2025)","$14.99","$14.99","$14.99","-50.00","1","$14.99"
"Dragapult ex 2025 Scarlet & Violet: Prismatic Evolutions #165/131 Special Illustration Rare PSA 8","0.00","$0.00","$56.56","$56.56 (09/30/2025)","$56.56","$56.56","$56.56","0.00","1","$56.56"
"Jolteon ex 2025 Scarlet & Violet: Prismatic Evolutions #030/131 Double Rare CGC 9.5","0.00","$0.00","$13.20","$13.20 (10/05/2025)","$13.20","$13.20","$13.20","0.00","1","$13.20"
"Team Rocket's Nidoking ex 2025 Scarlet & Violet: Destined Rivals #233/182 Special Illustration Rare BGS 10 Pristine","0.00","$0.00","$525.00","$525.00 (10/12/2025)","$525.00","$525.00","$525.00","0.00","1","$525.00"
"Team Rocket's Nidoking ex 2025 Scarlet & Violet: Destined Rivals #233/182 Special Illustration Rare SGC 9","0.00","$0.00","$116.50","$116.50 (10/05/2025)","$116.50","$116.50","$116.50","0.00","1","$116.50"
"Team Rocket's Nidoking ex 2025 Scarlet & Violet: Destined Rivals #233/182 Special Illustration Rare CGC 8","0.00","$0.00","$99.00","$99.00 (09/26/2025)","$99.00","$99.00","$99.00","0.00","1","$99.00"
"Cottonee 2025 Scarlet & Violet: Prismatic Evolutions #007/131 Poke Ball Reverse Holo PSA 9","0.00","$0.00","$12.00","$12.00 (09/27/2025)","$12.00","$12.00","$12.00","0.00","1","$12.00"
"Umbreon 2025 Scarlet & Violet: Prismatic Evolutions #059/131 Master Ball Reverse Holo BGS 10 Pristine","0.00","$0.00","$787.00","$787.00 (10/03/2025)","$787.00","$787.00","$787.00","0.00","1","$787.00"
"Jolteon ex 2025 Scarlet & Violet: Prismatic Evolutions #153/131 Special Illustration Rare CGC 9.5","0.00","$0.00","$198.00","$198.00 (10/12/2025)","$198.00","$198.00","$198.00","0.00","2","$396.00"
"Bouffalant ex 2025 Scarlet & Violet: White Flare #170/086 Special Illustration Rare PSA 9","0.00","$0.00","$25.00","$25.00 (10/17/2025)","$25.00","$25.00","$25.00","0.00","1","$25.00"
"Mega Lucario ex 2025 Mega Evolution #179/132 Special Illustration Rare CGC 10","0.00","$0.00","$393.00","$393.00 (10/24/2025)","$393.00","$393.00","$393.00","0.00","1","$393.00"
"Eevee ex 2025 Scarlet & Violet: Prismatic Evolutions #167/131 Special Illustration Rare CGC 9.5","0.00","$0.00","$150.00","$150.00 (10/12/2025)","$150.00","$150.00","$150.00","0.00","1","$150.00"
"Hop's Zacian ex 2025 Scarlet & Violet: Journey Together #186/159 Special Illustration Rare CGC 9.5","0.00","$0.00","$46.80","$46.80 (10/05/2025)","$46.80","$46.80","$46.80","-50.00","1","$46.80"
"Team Rocket's Mewtwo ex 2025 Scarlet & Violet: Destined Rivals #231/182 Special Illustration Rare PSA 7","0.00","$0.00","$480.00","$480.00 (10/19/2025)","$480.00","$480.00","$480.00","0.00","1","$480.00"
"Acerola's Mischief 2025 Japanese Mega Symphonia #84/63 Super Rare (Full Art) PSA 8","0.00","$0.00","$9.50","$9.50 (10/24/2025)","$9.50","$9.50","$9.50","0.00","1","$9.50"
"Mienshao 2025 Japanese Scarlet & Violet: White Flare #132/086 Art Rare PSA 8","0.00","$0.00","$14.50","$14.50 (10/07/2025)","$14.50","$14.50","$14.50","0.00","1","$14.50"
"Meloetta ex 2025 Japanese Scarlet & Violet: Black Bolt #170/086 Special Art Rare CGC 9","0.00","$0.00","$14.07","$14.07 (10/14/2025)","$14.07","$14.07","$14.07","0.00","1","$14.07"
"Leavanny 2025 Scarlet & Violet: White Flare #089/086 Illustration Rare PSA 10","0.00","$0.00","$167.99","$167.99 (10/12/2025)","$167.99","$167.99","$167.99","0.00","1","$167.99"
"Leavanny 2025 Scarlet & Violet: White Flare #089/086 Illustration Rare PSA 9","0.00","$0.00","$20.75","$20.75 (10/24/2025)","$20.75","$20.75","$20.75","0.00","1","$20.75"
"Acerola's Mischief 2025 Japanese Mega Symphonia #84/63 Super Rare (Full Art) CGC 10","0.00","$0.00","$25.20","$25.20 (10/12/2025)","$25.20","$25.20","$25.20","0.00","1","$25.20"
"Klang 2025 Japanese Scarlet & Violet: White Flare #147/086 Art Rare PSA 10","0.00","$0.00","$50.00","$50.00 (10/23/2025)","$50.00","$50.00","$50.00","100.00","2","$100.00"
"Steelix 2025 Mega Evolution #150/132 Illustration Rare PSA 8","0.00","$0.00","$20.25","$20.25 (10/16/2025)","$20.25","$20.25","$20.25","0.00","1","$20.25"
"Clamperl 2025 Scarlet & Violet: Destined Rivals #195/182 Illustration Rare BGS 9.5","0.00","$0.00","$25.20","$25.20 (09/28/2025)","$25.20","$25.20","$25.20","0.00","1","$25.20"
"Vullaby 2025 Japanese Scarlet & Violet: Black Bolt #144/086 Art Rare PSA 10","0.00","$0.00","$34.90","$34.90 (09/26/2025)","$34.90","$34.90","$34.90","0.00","1","$34.90"
"Team Rocket's Tyranitar 2025 Scarlet & Violet: Destined Rivals #096/182 Holo PSA 7","0.00","$0.00","$31.00","$31.00 (10/01/2025)","$31.00","$31.00","$31.00","0.00","1","$31.00"
"Team Rocket's Tyranitar 2025 Scarlet & Violet: Destined Rivals #096/182 Holo PSA 5","0.00","$0.00","$102.50","$102.50 (10/04/2025)","$102.50","$102.50","$102.50","0.00","1","$102.50"
"Gumshoos 2025 Japanese Mega Brave #75/63 Art Rare CGC 10","0.00","$0.00","$16.50","$16.50 (10/20/2025)","$16.50","$16.50","$16.50","-66.67","1","$16.50"
"Gumshoos 2025 Japanese Mega Brave #75/63 Art Rare CGC 9","0.00","$0.00","$8.40","$8.40 (10/05/2025)","$8.40","$8.40","$8.40","0.00","1","$8.40"
"Galvantula 2025 Scarlet & Violet: White Flare #117/086 Illustration Rare PSA 9","0.00","$0.00","$22.99","$22.99 (10/10/2025)","$22.99","$22.99","$22.99","0.00","1","$22.99"
"Roggenrola 2025 Scarlet & Violet: White Flare #046/086 Master Ball Reverse Holo PSA 10","0.00","$0.00","$45.00","$45.00 (10/14/2025)","$45.00","$45.00","$45.00","0.00","1","$45.00"
"Ethan's Adventure 2025 Scarlet & Violet: Destined Rivals #236/182 Special Illustration Rare CGC 10","0.00","$0.00","$120.00","$120.00 (10/11/2025)","$120.00","$120.00","$120.00","-66.67","1","$120.00"
"Team Rocket's Petrel 2025 Scarlet & Violet: Destined Rivals #226/182 Ultra Rare (Full Art) CGC 10","0.00","$0.00","$13.50","$13.50 (10/13/2025)","$13.50","$13.50","$13.50","0.00","1","$13.50"
"Purrloin 2025 Japanese Scarlet & Violet: White Flare #134/086 Art Rare CGC 8.5","0.00","$0.00","$13.99","$13.99 (10/10/2025)","$13.99","$13.99","$13.99","0.00","1","$13.99"
"Mega Kangaskhan ex 2025 Japanese Mega Symphonia #51/63 Double Rare PSA 6","0.00","$0.00","$7.50","$7.50 (10/22/2025)","$7.50","$7.50","$7.50","0.00","1","$7.50"
"Joltik 2025 Scarlet & Violet: White Flare #116/086 Illustration Rare PSA 10","0.00","$0.00","$132.50","$132.50 (10/17/2025)","$132.50","$132.50","$132.50","-50.00","1","$132.50"
"Roaring Moon ex 2025 Scarlet & Violet: Prismatic Evolutions #162/131 Special Illustration Rare BGS 9.5","0.00","$0.00","$749.89","$749.89 (10/07/2025)","$749.89","$749.89","$749.89","-50.00","1","$749.89"
"Iono's Bellibolt ex 2025 Scarlet & Violet: Journey Together #172/159 Ultra Rare (Full Art) BGS 9.5","0.00","$0.00","$19.99","$19.99 (10/03/2025)","$19.99","$19.99","$19.99","0.00","1","$19.99"
"N's Zoroark ex 2025 Japanese Scarlet & Violet: Battle Partners #061/100 Double Rare CGC 10","0.00","$0.00","$19.99","$19.99 (10/15/2025)","$19.99","$19.99","$19.99","0.00","1","$19.99"
"Braviary 2025 Scarlet & Violet: Black Bolt #155/086 Illustration Rare CGC 9","0.00","$0.00","$9.60","$9.60 (10/05/2025)","$9.60","$9.60","$9.60","0.00","1","$9.60"
"Ethan's Ho-Oh ex 2025 Scarlet & Violet: Destined Rivals #239/182 Hyper Rare (Secret) PSA 8","0.00","$0.00","$25.59","$25.59 (10/04/2025)","$25.59","$25.59","$25.59","0.00","1","$25.59"
"Hydrapple 2025 Japanese Scarlet & Violet: Heat Wave Arena #068/063 Art Rare CGC 9","0.00","$0.00","$8.40","$8.40 (09/28/2025)","$8.40","$8.40","$8.40","0.00","1","$8.40"
"Lampent 2025 Japanese Scarlet & Violet: Black Bolt #101/086 Art Rare PSA 9","0.00","$0.00","$10.50","$10.50 (10/22/2025)","$10.50","$10.50","$10.50","0.00","1","$10.50"
"Mega Absol ex 2025 Mega Evolution #161/132 Ultra Rare (Full Art) PSA 10","0.00","$0.00","$207.50","$207.50 (10/16/2025)","$207.50","$207.50","$207.50","0.00","1","$207.50"
"Larvesta 2025 Scarlet & Violet: Black Bolt #099/086 Illustration Rare PSA 8","0.00","$0.00","$9.95","$9.95 (09/28/2025)","$9.95","$9.95","$9.95","0.00","1","$9.95"
"Gigalith 2025 Scarlet & Violet: White Flare #129/086 Illustration Rare PSA 10","0.00","$0.00","$137.50","$137.50 (10/01/2025)","$137.50","$137.50","$137.50","0.00","1","$137.50"
"Team Rocket's Moltres ex 2025 Scarlet & Violet: Destined Rivals #229/182 Special Illustration Rare BGS 9","0.00","$0.00","$157.50","$157.50 (10/08/2025)","$157.50","$157.50","$157.50","0.00","1","$157.50"
"Dondozo ex 2025 Japanese Scarlet & Violet: Heat Wave Arena #032/063 Double Rare PSA 10","0.00","$0.00","$14.50","$14.50 (10/12/2025)","$14.50","$13.50","$15.50","0.00","2","$29.00"
"Alakazam 2025 Japanese Mega Symphonia #71/63 Art Rare PSA 9","0.00","$0.00","$22.50","$22.50 (10/24/2025)","$22.50","$22.50","$22.50","-50.00","1","$22.50"
"Mega Absol ex 2025 Japanese Mega Brave #89/63 Special Art Rare PSA 9","0.00","$0.00","$49.00","$49.00 (10/17/2025)","$49.00","$49.00","$49.00","0.00","1","$49.00"
"Tornadus 2025 Japanese Scarlet & Violet: White Flare #158/086 Art Rare PSA 10","0.00","$0.00","$25.90","$25.90 (10/05/2025)","$25.90","$25.90","$25.90","-75.00","1","$25.90"
"Shuckle 2025 Japanese Mega Symphonia #64/63 Art Rare CGC 10","0.00","$0.00","$19.60","$19.60 (10/12/2025)","$19.60","$19.20","$20.40","200.00","3","$58.80"
"Serperior ex 2025 Scarlet & Violet: Black Bolt #003/086 Double Rare PSA 10","0.00","$0.00","$154.00","$154.00 (09/26/2025)","$154.00","$154.00","$154.00","0.00","1","$154.00"
"Serperior ex 2025 Scarlet & Violet: Black Bolt #003/086 Double Rare PSA 9","0.00","$0.00","$60.00","$60.00 (09/26/2025)","$60.00","$60.00","$60.00","0.00","1","$60.00"
"Glaceon ex 2025 Scarlet & Violet: Prismatic Evolutions #150/131 Special Illustration Rare SGC 9","0.00","$0.00","$195.00","$195.00 (10/08/2025)","$195.00","$195.00","$195.00","0.00","1","$195.00"
"Stunfisk 2025 Scarlet & Violet: White Flare #118/086 Illustration Rare CGC 10","0.00","$0.00","$28.00","$28.00 (10/07/2025)","$28.00","$28.00","$28.00","-66.67","1","$28.00"
"Stunfisk 2025 Scarlet & Violet: White Flare #118/086 Illustration Rare CGC 9","0.00","$0.00","$6.99","$6.99 (10/19/2025)","$6.99","$6.99","$6.99","0.00","1","$6.99"
"Ogre's Mask 2025 Scarlet & Violet: Prismatic Evolutions #118/131 Poke Ball Reverse Holo PSA 10","0.00","$0.00","$17.50","$17.50 (10/11/2025)","$17.50","$17.50","$17.50","0.00","1","$17.50"
"Fan Rotom 2025 Scarlet & Violet: Prismatic Evolutions #085/131 Master Ball Reverse Holo PSA 9","0.00","$0.00","$9.01","$9.01 (10/11/2025)","$9.01","$9.01","$9.01","0.00","1","$9.01"
"Ortega 2025 Scarlet & Violet: Prismatic Evolutions #141/131 Ultra Rare (Full Art) PSA 8","0.00","$0.00","$4.26","$4.26 (10/03/2025)","$4.26","$4.26","$4.26","0.00","1","$4.26"
"Zamazenta 2025 Japanese Scarlet & Violet: Glory of Team Rocket #107/098 Art Rare BGS 9.5","0.00","$0.00","$16.50","$16.50 (10/05/2025)","$16.50","$16.50","$16.50","0.00","1","$16.50"
"Elgyem 2025 Scarlet & Violet: Black Bolt #120/086 Illustration Rare PSA 10","0.00","$0.00","$225.00","$225.00 (10/13/2025)","$225.00","$225.00","$225.00","0.00","1","$225.00"
"Elgyem 2025 Scarlet & Violet: Black Bolt #120/086 Illustration Rare PSA 8","0.00","$0.00","$14.50","$14.50 (10/14/2025)","$14.50","$14.50","$14.50","0.00","1","$14.50"
"Xerneas 2025 Mega Evolution #064/132 Reverse Holo CGC 10","0.00","$0.00","$12.00","$12.00 (10/12/2025)","$12.00","$12.00","$12.00","0.00","1","$12.00"
"Max Rod 2025 Scarlet & Violet: Prismatic Evolutions #116/131 Holo (ACE SPEC) BGS 9.5","0.00","$0.00","$14.74","$14.74 (10/07/2025)","$14.74","$14.74","$14.74","0.00","1","$14.74"
"Audino 2025 Scarlet & Violet: Black Bolt #151/086 Illustration Rare PSA 10","0.00","$0.00","$324.00","$324.00 (10/14/2025)","$324.00","$324.00","$324.00","0.00","1","$324.00"
"Mamoswine ex 2025 Scarlet & Violet: Journey Together #174/159 Ultra Rare (Full Art) CGC 10","0.00","$0.00","$29.99","$29.99 (10/15/2025)","$29.99","$29.99","$29.99","0.00","1","$29.99"
"Ninjask 2025 Mega Evolution #017/132 Reverse Holo CGC 10","0.00","$0.00","$7.20","$7.20 (10/12/2025)","$7.20","$7.20","$7.20","0.00","1","$7.20"
"Meloetta ex 2025 Scarlet & Violet: Black Bolt #044/086 Double Rare PSA 9","0.00","$0.00","$9.99","$9.99 (10/11/2025)","$9.99","$9.99","$9.99","0.00","1","$9.99"
"Mega Latias ex 2025 Mega Evolution #181/132 Special Illustration Rare PSA 9","0.00","$0.00","$200.50","$200.50 (10/23/2025)","$202.83","$200.50","$207.50","0.00","3","$608.50"
"Air Balloon 2025 Japanese Mega Brave #84/63 Super Rare (Full Art) CGC 10","0.00","$0.00","$12.00","$12.00 (10/05/2025)","$12.00","$12.00","$12.00","0.00","1","$12.00"
"Alomomola 2025 Japanese Scarlet & Violet: Black Bolt #027/086 Reverse Holo CGC 10","0.00","$0.00","$30.00","$30.00 (09/28/2025)","$30.00","$30.00","$30.00","0.00","1","$30.00"
"Drilbur 2025 Japanese Scarlet & Violet: Black Bolt #130/086 Art Rare PSA 10","0.00","$0.00","$31.00","$31.00 (10/05/2025)","$31.00","$31.00","$31.00","0.00","1","$31.00"
"Drilbur 2025 Japanese Scarlet & Violet: Black Bolt #130/086 Art Rare PSA 9","0.00","$0.00","$14.00","$14.00 (10/15/2025)","$14.00","$14.00","$14.00","0.00","1","$14.00"
"Tornadus 2025 Japanese Scarlet & Violet: White Flare #078/086 Master Ball Reverse Holo CGC 10","0.00","$0.00","$26.00","$26.00 (10/04/2025)","$26.00","$26.00","$26.00","0.00","1","$26.00"
"Meganium 2025 Mega Evolution #010/132 Holo CGC 10","0.00","$0.00","$12.00","$12.00 (10/12/2025)","$12.00","$10.80","$13.20","0.00","2","$24.00"
"Meganium 2025 Mega Evolution #010/132 Holo CGC 9.5","0.00","$0.00","$9.60","$9.60 (10/12/2025)","$9.60","$9.60","$9.60","0.00","1","$9.60"
"Jellicent ex 2025 Japanese Scarlet & Violet: White Flare #162/086 Super Rare (Full Art) CGC 9","0.00","$0.00","$3.35","$3.35 (10/14/2025)","$3.35","$3.35","$3.35","0.00","1","$3.35"
"Reuniclus 2025 Japanese Scarlet & Violet: Black Bolt #125/086 Art Rare CGC 10","0.00","$0.00","$8.00","$8.00 (10/20/2025)","$8.00","$8.00","$8.00","0.00","1","$8.00"
"Cryogonal 2025 Japanese Scarlet & Violet: Black Bolt #115/086 Art Rare CGC 10","0.00","$0.00","$25.99","$25.99 (10/24/2025)","$25.99","$25.99","$25.99","0.00","1","$25.99"
"Team Rocket's Moltres ex 2025 Scarlet & Violet: Destined Rivals #208/182 Ultra Rare (Full Art) CGC 9.5","0.00","$0.00","$25.00","$25.00 (10/24/2025)","$25.00","$25.00","$25.00","-75.00","1","$25.00"
"Team Rocket's Weezing 2025 Scarlet & Violet: Destined Rivals #199/182 Illustration Rare PSA 6","0.00","$0.00","$6.50","$6.50 (10/14/2025)","$6.50","$6.50","$6.50","0.00","1","$6.50"
"Scrafty 2025 Scarlet & Violet: White Flare #139/086 Illustration Rare CGC 9.5","0.00","$0.00","$34.80","$34.80 (10/05/2025)","$34.80","$34.80","$34.80","0.00","1","$34.80"
"Shaymin 2025 Scarlet & Violet: Destined Rivals #185/182 Illustration Rare BGS 9.5","0.00","$0.00","$30.00","$30.00 (10/01/2025)","$30.00","$30.00","$30.00","0.00","1","$30.00"
"Mienshao 2025 Scarlet & Violet: White Flare #134/086 Illustration Rare CGC 10","0.00","$0.00","$40.00","$40.00 (10/21/2025)","$40.00","$40.00","$40.00","0.00","1","$40.00"
"Darmanitan 2025 Scarlet & Violet: Black Bolt #098/086 Illustration Rare PSA 10","0.00","$0.00","$104.75","$104.75 (10/16/2025)","$104.75","$97.00","$112.50","100.00","2","$209.50"
"Darmanitan 2025 Scarlet & Violet: Black Bolt #098/086 Illustration Rare CGC 9.5","0.00","$0.00","$9.60","$9.60 (10/12/2025)","$9.60","$9.60","$9.60","0.00","1","$9.60"
"Kadabra 2025 Mega Evolution #055/132 Reverse Holo CGC 9","0.00","$0.00","$7.20","$7.20 (10/12/2025)","$7.20","$7.20","$7.20","0.00","1","$7.20"
"Mega Camerupt ex 2025 Mega Evolution #022/132 Double Rare CGC 9","0.00","$0.00","$9.60","$9.60 (10/12/2025)","$9.60","$9.60","$9.60","0.00","1","$9.60"
"Rockruff 2025 Scarlet & Violet: Journey Together #084/159 Reverse Holo CGC 10","0.00","$0.00","$6.01","$6.01 (10/21/2025)","$6.01","$6.01","$6.01","0.00","1","$6.01"
"Sawsbuck 2025 Japanese Scarlet & Violet: White Flare #092/086 Art Rare PSA 10","0.00","$0.00","$17.50","$17.50 (10/14/2025)","$17.50","$17.50","$17.50","0.00","1","$17.50"
"Seismitoad 2025 Scarlet & Violet: Black Bolt #021/086 Poke Ball Reverse Holo PSA 10","0.00","$0.00","$249.99","$249.99 (10/11/2025)","$249.99","$249.99","$249.99","0.00","1","$249.99"
"Hippowdon 2025 Scarlet & Violet: Prismatic Evolutions #053/131 Base PSA 9","0.00","$0.00","$32.00","$32.00 (10/14/2025)","$32.00","$32.00","$32.00","0.00","1","$32.00"
"Axew 2025 Scarlet & Violet: Black Bolt #068/086 Master Ball Reverse Holo PSA 10","0.00","$0.00","$25.01","$25.01 (10/19/2025)","$25.01","$25.01","$25.01","0.00","1","$25.01"
"Axew 2025 Scarlet & Violet: Black Bolt #068/086 Master Ball Reverse Holo CGC 9","0.00","$0.00","$19.00","$19.00 (10/03/2025)","$19.00","$19.00","$19.00","0.00","1","$19.00"
"Larvitar 2025 Scarlet & Violet: Prismatic Evolutions #047/131 Poke Ball Reverse Holo PSA 10","0.00","$0.00","$30.00","$30.00 (09/26/2025)","$30.00","$30.00","$30.00","0.00","1","$30.00"
"Sandile 2025 Scarlet & Violet: Black Bolt #057/086 Master Ball Reverse Holo CGC 10","0.00","$0.00","$14.40","$14.40 (10/19/2025)","$14.40","$14.40","$14.40","0.00","1","$14.40"
"Houndoom 2025 Scarlet & Violet: Prismatic Evolutions #063/131 Master Ball Reverse Holo PSA 10","0.00","$0.00","$33.33","$33.33 (10/11/2025)","$33.33","$33.33","$33.33","0.00","1","$33.33"
"Cynthia's Garchomp ex 2025 Japanese Scarlet & Violet: Heat Wave Arena #044/063 Double Rare PSA 9","0.00","$0.00","$12.00","$12.00 (10/12/2025)","$12.00","$12.00","$12.00","0.00","1","$12.00"
"Salamence ex 2025 Scarlet & Violet: Journey Together #187/159 Special Illustration Rare CGC 9","0.00","$0.00","$64.00","$64.00 (10/09/2025)","$64.00","$64.00","$64.00","0.00","1","$64.00"
"Zorua 2025 Scarlet & Violet: White Flare #142/086 Illustration Rare CGC 8","0.00","$0.00","$9.00","$9.00 (10/14/2025)","$9.00","$9.00","$9.00","0.00","1","$9.00"
"Misty's Psyduck 2025 Scarlet & Violet: Destined Rivals #045/182 Base PSA 9","0.00","$0.00","$17.50","$17.50 (10/09/2025)","$17.50","$17.50","$17.50","0.00","1","$17.50"
"Gothorita 2025 Scarlet & Violet: White Flare #042/086 Master Ball Reverse Holo PSA 9","0.00","$0.00","$8.16","$8.16 (10/20/2025)","$8.16","$8.16","$8.16","0.00","1","$8.16"
"Serperior ex 2025 Scarlet & Violet: Black Bolt #156/086 Ultra Rare (Full Art) CGC 10","0.00","$0.00","$19.20","$19.20 (10/05/2025)","$19.20","$19.20","$19.20","-66.67","1","$19.20"
"Tranquill 2025 Scarlet & Violet: Black Bolt #149/086 Illustration Rare CGC 10","0.00","$0.00","$19.20","$19.20 (10/05/2025)","$19.20","$19.20","$19.20","0.00","1","$19.20"
"Tranquill 2025 Scarlet & Violet: Black Bolt #149/086 Illustration Rare CGC 9","0.00","$0.00","$13.20","$13.20 (09/28/2025)","$13.20","$13.20","$13.20","0.00","1","$13.20"
"Dunsparce 2025 Scarlet & Violet: Prismatic Evolutions #079/131 Master Ball Reverse Holo PSA 8","0.00","$0.00","$4.99","$4.99 (10/08/2025)","$4.99","$4.99","$4.99","0.00","1","$4.99"
"N's Reshiram 2025 Japanese Scarlet & Violet: Battle Partners #109/100 Art Rare CGC 8","0.00","$0.00","$10.80","$10.80 (10/12/2025)","$10.80","$10.80","$10.80","0.00","1","$10.80"
"Team Rocket's Ariana 2025 Scarlet & Violet: Destined Rivals #237/182 Special Illustration Rare CGC 9.5","0.00","$0.00","$28.00","$28.00 (10/20/2025)","$28.00","$28.00","$28.00","0.00","1","$28.00"
"Ethan's Typhlosion 2025 Scarlet & Violet: Destined Rivals #190/182 Illustration Rare BGS 9.5","0.00","$0.00","$147.50","$147.50 (10/11/2025)","$147.50","$147.50","$147.50","0.00","1","$147.50"
"Glaceon ex 2025 Scarlet & Violet: Prismatic Evolutions #026/131 Double Rare PSA 8","0.00","$0.00","$14.50","$14.50 (10/16/2025)","$14.50","$14.50","$14.50","-75.00","1","$14.50"
"Eevee 2025 Scarlet & Violet: Prismatic Evolutions #074/131 Poke Ball Reverse Holo PSA 8","0.00","$0.00","$14.99","$14.99 (10/13/2025)","$14.99","$14.99","$14.99","0.00","2","$29.98"
"Joltik 2025 Japanese Scarlet & Violet: White Flare #113/086 Art Rare CGC 9","0.00","$0.00","$8.50","$8.50 (10/22/2025)","$8.50","$8.50","$8.50","0.00","1","$8.50"
"Krokorok 2025 Scarlet & Violet: Black Bolt #136/086 Illustration Rare PSA 10","0.00","$0.00","$81.00","$81.00 (09/27/2025)","$81.00","$81.00","$81.00","0.00","1","$81.00"
"Crustle 2025 Japanese Scarlet & Violet: Black Bolt #136/086 Art Rare PSA 10","0.00","$0.00","$39.99","$39.99 (10/03/2025)","$39.99","$39.99","$39.99","-50.00","1","$39.99"
"Eevee ex 2025 Scarlet & Violet: Black Star Promo #SVP174 Super-Premium Collection BGS 9.5","0.00","$0.00","$325.00","$325.00 (10/20/2025)","$325.00","$325.00","$325.00","0.00","1","$325.00"
"Keldeo ex 2025 Japanese Scarlet & Violet: White Flare #161/086 Super Rare (Full Art) PSA 9","0.00","$0.00","$8.50","$8.50 (10/15/2025)","$8.50","$8.50","$8.50","0.00","1","$8.50"
"Yanmega ex 2025 Scarlet & Violet: Destined Rivals #003/182 Double Rare CGC 8.5","0.00","$0.00","$4.00","$4.00 (10/20/2025)","$4.00","$4.00","$4.00","0.00","1","$4.00"
"Espeon 2025 Scarlet & Violet: Prismatic Evolutions #033/131 Reverse Holo PSA 8","0.00","$0.00","$10.00","$10.00 (10/20/2025)","$10.00","$10.00","$10.00","0.00","1","$10.00"
"Espeon 2025 Scarlet & Violet: Prismatic Evolutions #033/131 Reverse Holo BGS 9.5","0.00","$0.00","$26.00","$26.00 (10/23/2025)","$26.00","$26.00","$26.00","0.00","1","$26.00"
"Espeon 2025 Scarlet & Violet: Prismatic Evolutions #033/131 Reverse Holo CGC 8","0.00","$0.00","$9.60","$9.60 (10/19/2025)","$9.60","$9.60","$9.60","0.00","1","$9.60"
"Yanma 2025 Japanese Scarlet & Violet: Heat Wave Arena #064/063 Art Rare PSA 10","0.00","$0.00","$45.00","$45.00 (10/04/2025)","$45.00","$45.00","$45.00","-83.33","1","$45.00"
"Yanma 2025 Japanese Scarlet & Violet: Heat Wave Arena #064/063 Art Rare PSA 8","0.00","$0.00","$11.99","$11.99 (10/16/2025)","$11.99","$11.99","$11.99","0.00","1","$11.99"
"Yanma 2025 Japanese Scarlet & Violet: Heat Wave Arena #064/063 Art Rare BGS 9.5","0.00","$0.00","$8.00","$8.00 (10/04/2025)","$8.00","$8.00","$8.00","0.00","1","$8.00"
"Vanillite 2025 Japanese Scarlet & Violet: White Flare #108/086 Art Rare CGC 10","0.00","$0.00","$10.00","$10.00 (10/20/2025)","$10.00","$10.00","$10.00","0.00","1","$10.00"
"Lillie's Determination 2025 Japanese Mega Brave #86/63 Super Rare (Full Art) PSA 9","0.00","$0.00","$66.50","$66.50 (10/13/2025)","$66.50","$65.00","$68.00","-33.33","2","$133.00"
"Lillie's Determination 2025 Japanese Mega Brave #86/63 Super Rare (Full Art) PSA 8","0.00","$0.00","$57.85","$57.85 (09/25/2025)","$57.85","$57.85","$57.85","0.00","1","$57.85"
"Lillie's Determination 2025 Japanese Mega Brave #86/63 Super Rare (Full Art) CGC 10","0.00","$0.00","$130.00","$130.00 (10/22/2025)","$130.00","$130.00","$130.00","0.00","1","$130.00"
"Drakloak 2025 Scarlet & Violet: Prismatic Evolutions #072/131 Master Ball Reverse Holo PSA 10","0.00","$0.00","$22.50","$22.50 (10/16/2025)","$22.50","$22.50","$22.50","0.00","1","$22.50"
"Reshiram ex 2025 Japanese Scarlet & Violet: White Flare #174/086 Black White Rare (Secret) PSA 9","0.00","$0.00","$299.95","$299.95 (10/05/2025)","$299.95","$299.95","$299.95","-66.67","1","$299.95"
"Druddigon 2025 Japanese Scarlet & Violet: White Flare #150/086 Art Rare SGC 10","0.00","$0.00","$20.50","$20.50 (10/12/2025)","$20.50","$20.50","$20.50","0.00","1","$20.50"
"Cryogonal 2025 Scarlet & Violet: Black Bolt #111/086 Illustration Rare CGC 9.5","0.00","$0.00","$13.20","$13.20 (10/05/2025)","$13.20","$13.20","$13.20","0.00","1","$13.20"
"Pachirisu 2025 Mega Evolution #051/132 Reverse Holo CGC 10","0.00","$0.00","$8.40","$8.40 (10/12/2025)","$8.40","$8.40","$8.40","0.00","1","$8.40"
"Flareon 2025 Scarlet & Violet: Prismatic Evolutions #013/131 Poke Ball Reverse Holo CGC 9.5","0.00","$0.00","$12.00","$12.00 (09/28/2025)","$12.00","$12.00","$12.00","0.00","1","$12.00"
"Lunatone 2025 Mega Evolution #074/132 Holo CGC 10","0.00","$0.00","$7.20","$7.20 (10/12/2025)","$7.20","$7.20","$7.20","0.00","2","$14.40"
"Lunatone 2025 Mega Evolution #074/132 Holo CGC 9","0.00","$0.00","$6.00","$6.00 (10/12/2025)","$6.00","$6.00","$6.00","0.00","1","$6.00"
"Solosis 2025 Scarlet & Violet: Black Bolt #118/086 Illustration Rare PSA 8","0.00","$0.00","$150.00","$150.00 (10/22/2025)","$150.00","$150.00","$150.00","0.00","1","$150.00"
"Friends in Paldea 2025 Scarlet & Violet: Prismatic Evolutions #137/131 Ultra Rare (Full Art) CGC 9","0.00","$0.00","$13.20","$13.20 (09/28/2025)","$13.20","$13.20","$13.20","0.00","1","$13.20"
"Dunsparce 2025 Scarlet & Violet: Prismatic Evolutions #079/131 Poke Ball Reverse Holo PSA 9","0.00","$0.00","$12.00","$12.00 (10/23/2025)","$12.00","$12.00","$12.00","0.00","1","$12.00"
"Trubbish 2025 Japanese Scarlet & Violet: White Flare #138/086 Art Rare PSA 10","0.00","$0.00","$34.00","$34.00 (10/14/2025)","$34.00","$34.00","$34.00","0.00","1","$34.00"
"Eevee ex 2025 Scarlet & Violet: Black Star Promo #SVP174 Super-Premium Collection PSA 6","0.00","$0.00","$26.00","$26.00 (10/10/2025)","$26.00","$26.00","$26.00","0.00","1","$26.00"
"Klink 2025 Japanese Scarlet & Violet: White Flare #146/086 Art Rare PSA 9","0.00","$0.00","$12.50","$12.50 (10/19/2025)","$12.50","$12.50","$12.50","0.00","1","$12.50"
"Gothorita 2025 Scarlet & Violet: White Flare #125/086 Illustration Rare CGC 9","0.00","$0.00","$9.60","$9.60 (10/19/2025)","$9.60","$9.60","$9.60","0.00","1","$9.60"
"Klink 2025 Japanese Scarlet & Violet: White Flare #146/086 Art Rare CGC 8","0.00","$0.00","$12.99","$12.99 (10/10/2025)","$12.99","$12.99","$12.99","0.00","1","$12.99"
"Haxorus 2025 Japanese Scarlet & Violet: Black Bolt #152/086 Art Rare PSA 10","0.00","$0.00","$79.99","$79.99 (10/19/2025)","$58.28","$38.00","$79.99","-22.22","7","$407.95"
"Haxorus 2025 Japanese Scarlet & Violet: Black Bolt #152/086 Art Rare PSA 9","0.00","$0.00","$17.00","$17.00 (10/10/2025)","$17.00","$17.00","$17.00","0.00","1","$17.00"
"Stufful 2025 Japanese Mega Symphonia #75/63 Art Rare CGC 10","0.00","$0.00","$15.60","$15.60 (10/12/2025)","$15.60","$15.60","$15.60","0.00","1","$15.60"
"Iris's Fighting Spirit 2025 Scarlet & Violet: Journey Together #180/159 Ultra Rare (Full Art) CGC 9.5","0.00","$0.00","$10.80","$10.80 (10/12/2025)","$10.80","$10.80","$10.80","0.00","1","$10.80"
"Exeggutor 2025 Scarlet & Violet: Prismatic Evolutions #002/131 Base CGC 10","0.00","$0.00","$16.00","$16.00 (09/27/2025)","$16.00","$16.00","$16.00","0.00","1","$16.00"
"Scrafty 2025 Japanese Scarlet & Violet: White Flare #137/086 Art Rare CGC 9","0.00","$0.00","$7.50","$7.50 (10/23/2025)","$7.50","$7.50","$7.50","0.00","1","$7.50"
"Fraxure 2025 Japanese Scarlet & Violet: Black Bolt #151/086 Art Rare PSA 9","0.00","$0.00","$15.99","$15.99 (10/17/2025)","$15.99","$15.99","$15.99","0.00","1","$15.99"
"Rapidash 2025 Scarlet & Violet: Destined Rivals #189/182 Illustration Rare PSA 6","0.00","$0.00","$12.01","$12.01 (10/16/2025)","$12.01","$12.01","$12.01","0.00","1","$12.01"
"Tranquill 2025 Scarlet & Violet: Black Bolt #149/086 Illustration Rare PSA 10","0.00","$0.00","$80.00","$80.00 (10/21/2025)","$80.00","$80.00","$80.00","0.00","1","$80.00"
"Umbreon ex 2025 Scarlet & Violet: Prismatic Evolutions #161/131 Special Illustration Rare CGC 9","0.00","$0.00","$999.00","$999.00 (10/20/2025)","$999.00","$999.00","$999.00","-33.33","2","$1998.00"
"Gothitelle 2025 Scarlet & Violet: White Flare #043/086 Master Ball Reverse Holo PSA 10","0.00","$0.00","$22.50","$22.50 (10/18/2025)","$22.50","$22.50","$22.50","0.00","1","$22.50"
"Mega Latias ex 2025 Mega Evolution #181/132 Special Illustration Rare PSA 8","0.00","$0.00","$180.50","$180.50 (10/23/2025)","$180.50","$180.50","$180.50","0.00","1","$180.50"
"Ethan's Ho-Oh ex 2025 Scarlet & Violet: Destined Rivals #039/182 Double Rare PSA 7","0.00","$0.00","$7.16","$7.16 (10/13/2025)","$7.16","$7.16","$7.16","0.00","1","$7.16"
"Team Rocket's Murkrow 2025 Scarlet & Violet: Destined Rivals #200/182 Illustration Rare CGC 9.5","0.00","$0.00","$18.00","$18.00 (09/27/2025)","$18.00","$18.00","$18.00","0.00","1","$18.00"
"Litleo 2025 Mega Evolution #023/132 Reverse Holo CGC 10","0.00","$0.00","$8.40","$8.40 (10/12/2025)","$8.40","$8.40","$8.40","0.00","1","$8.40"
"Lillie's Determination 2025 Mega Evolution #119/132 Reverse Holo CGC 8.5","0.00","$0.00","$7.20","$7.20 (10/12/2025)","$7.20","$7.20","$7.20","0.00","1","$7.20"
"Mega Camerupt ex 2025 Japanese Mega Brave #77/63 Super Rare (Full Art) CGC 8.5","0.00","$0.00","$7.20","$7.20 (09/28/2025)","$7.20","$7.20","$7.20","0.00","1","$7.20"
"Simisear 2025 Scarlet & Violet: White Flare #100/086 Illustration Rare PSA 9","0.00","$0.00","$25.00","$25.00 (10/14/2025)","$25.00","$25.00","$25.00","0.00","1","$25.00"
"Simisear 2025 Scarlet & Violet: White Flare #100/086 Illustration Rare PSA 8","0.00","$0.00","$9.95","$9.95 (10/09/2025)","$9.95","$9.95","$9.95","0.00","1","$9.95"
"Solosis 2025 Japanese Scarlet & Violet: Black Bolt #123/086 Art Rare CGC 8.5","0.00","$0.00","$13.00","$13.00 (09/29/2025)","$13.00","$13.00","$13.00","0.00","1","$13.00"
"Hearthflame Mask Ogerpon ex 2025 Scarlet & Violet: Prismatic Evolutions #148/131 Special Illustration Rare CGC 10","0.00","$0.00","$64.00","$64.00 (10/03/2025)","$64.00","$64.00","$64.00","0.00","1","$64.00"
"Hearthflame Mask Ogerpon ex 2025 Scarlet & Violet: Prismatic Evolutions #148/131 Special Illustration Rare CGC 9","0.00","$0.00","$26.40","$26.40 (10/05/2025)","$26.40","$26.40","$26.40","-50.00","1","$26.40"
"Palafin ex 2025 Scarlet & Violet: Prismatic Evolutions #151/131 Special Illustration Rare BGS 9.5","0.00","$0.00","$125.00","$125.00 (09/29/2025)","$125.00","$125.00","$125.00","0.00","1","$125.00"
"Leafeon 2025 Scarlet & Violet: Prismatic Evolutions #005/131 Poke Ball Reverse Holo CGC 9","0.00","$0.00","$6.00","$6.00 (10/05/2025)","$6.00","$6.00","$6.00","-50.00","1","$6.00"
"Keldeo ex 2025 Scarlet & Violet: White Flare #030/086 Double Rare PSA 9","0.00","$0.00","$60.00","$60.00 (09/26/2025)","$60.00","$60.00","$60.00","0.00","1","$60.00"
"Keldeo ex 2025 Scarlet & Violet: White Flare #030/086 Double Rare PSA 8","0.00","$0.00","$55.00","$55.00 (10/22/2025)","$55.00","$55.00","$55.00","0.00","2","$110.00"
"Scolipede 2025 Japanese Scarlet & Violet: Black Bolt #140/086 Art Rare CGC 9.5","0.00","$0.00","$12.00","$12.00 (09/28/2025)","$12.00","$12.00","$12.00","0.00","1","$12.00"
"Scolipede 2025 Japanese Scarlet & Violet: Black Bolt #140/086 Art Rare CGC 9","0.00","$0.00","$6.49","$6.49 (10/09/2025)","$6.49","$6.49","$6.49","0.00","1","$6.49"
"Pinsir 2025 Scarlet & Violet: Prismatic Evolutions #003/131 Reverse Holo CGC 9","0.00","$0.00","$6.00","$6.00 (10/12/2025)","$6.00","$6.00","$6.00","0.00","1","$6.00"
"Shaymin 2025 Scarlet & Violet: Destined Rivals #185/182 Illustration Rare PSA 8","0.00","$0.00","$17.99","$17.99 (10/16/2025)","$17.99","$17.99","$17.99","-50.00","1","$17.99"
"Victini 2025 Scarlet & Violet: Black Bolt #012/086 Poke Ball Reverse Holo PSA 8","0.00","$0.00","$20.00","$20.00 (10/03/2025)","$20.00","$20.00","$20.00","0.00","3","$60.00"
"Team Rocket's Raticate 2025 Scarlet & Violet: Destined Rivals #202/182 Illustration Rare PSA 8","0.00","$0.00","$11.50","$11.50 (10/24/2025)","$11.50","$11.50","$11.50","0.00","1","$11.50"
"Axew 2025 Scarlet & Violet: Black Bolt #145/086 Illustration Rare PSA 10","0.00","$0.00","$202.50","$202.50 (10/16/2025)","$202.50","$202.50","$202.50","0.00","1","$202.50"
"Beheeyem 2025 Scarlet & Violet: Black Bolt #121/086 Illustration Rare CGC 10","0.00","$0.00","$22.80","$22.80 (09/28/2025)","$22.80","$22.80","$22.80","0.00","1","$22.80"
"Oshawott 2025 Japanese Scarlet & Violet: White Flare #102/086 Art Rare PSA 9","0.00","$0.00","$38.00","$38.00 (09/26/2025)","$38.00","$38.00","$38.00","0.00","1","$38.00"
"Jolteon 2025 Scarlet & Violet: Prismatic Evolutions #029/131 Holo CGC 10","0.00","$0.00","$8.40","$8.40 (10/12/2025)","$8.40","$8.40","$8.40","-66.67","1","$8.40"
"Jolteon 2025 Scarlet & Violet: Prismatic Evolutions #029/131 Holo CGC 9.5","0.00","$0.00","$9.60","$9.60 (10/19/2025)","$9.60","$8.40","$10.80","100.00","2","$19.20"
"Jolteon 2025 Scarlet & Violet: Prismatic Evolutions #029/131 Holo CGC 9","0.00","$0.00","$9.00","$9.00 (10/17/2025)","$9.00","$9.00","$9.00","0.00","1","$9.00"
"Musharna 2025 Scarlet & Violet: Black Bolt #117/086 Illustration Rare CGC 9","0.00","$0.00","$9.60","$9.60 (10/19/2025)","$9.60","$9.60","$9.60","0.00","1","$9.60"
"Golurk 2025 Japanese Scarlet & Violet: Black Bolt #129/086 Art Rare CGC 8.5","0.00","$0.00","$5.24","$5.24 (10/09/2025)","$5.24","$5.24","$5.24","0.00","1","$5.24"
"Volcarona 2025 Japanese Scarlet & Violet: Black Bolt #104/086 Art Rare PSA 10","0.00","$0.00","$39.99","$39.99 (10/11/2025)","$39.99","$39.99","$39.99","-83.33","1","$39.99"
"Liepard 2025 Scarlet & Violet: White Flare #137/086 Illustration Rare PSA 10","0.00","$0.00","$160.00","$160.00 (10/22/2025)","$160.00","$160.00","$160.00","-50.00","1","$160.00"
"Jamming Tower 2025 Scarlet & Violet: Destined Rivals #243/182 Hyper Rare (Secret) PSA 8","0.00","$0.00","$20.50","$20.50 (10/22/2025)","$20.50","$20.50","$20.50","0.00","1","$20.50"
"Mega Lucario ex 2025 Japanese Mega Brave #88/63 Special Art Rare CGC 9","0.00","$0.00","$93.60","$93.60 (10/19/2025)","$93.60","$93.60","$93.60","0.00","1","$93.60"
"Mega Lucario ex 2025 Japanese Mega Brave #88/63 Special Art Rare PSA 8","0.00","$0.00","$114.50","$114.50 (10/07/2025)","$114.50","$114.50","$114.50","0.00","1","$114.50"
"Raikou 2025 Mega Evolution #048/132 Holo CGC 10","0.00","$0.00","$14.40","$14.40 (10/12/2025)","$14.40","$14.40","$14.40","0.00","1","$14.40"
"Raikou 2025 Mega Evolution #048/132 Holo CGC 9","0.00","$0.00","$7.20","$7.20 (10/12/2025)","$7.20","$7.20","$7.20","0.00","1","$7.20"
"Torchic 2025 Scarlet & Violet: Journey Together #022/159 Base PSA 10","0.00","$0.00","$59.99","$59.99 (10/18/2025)","$59.99","$59.99","$59.99","0.00","1","$59.99"
"Cynthia's Roserade 2025 Japanese Scarlet & Violet: Heat Wave Arena #065/063 Art Rare CGC 9","0.00","$0.00","$11.50","$11.50 (10/19/2025)","$11.50","$11.50","$11.50","0.00","1","$11.50"
"Bouffalant ex 2025 Scarlet & Violet: White Flare #077/086 Double Rare PSA 8","0.00","$0.00","$54.99","$54.99 (10/12/2025)","$54.99","$54.99","$54.99","0.00","1","$54.99"
"Team Rocket's Mewtwo ex 2025 Scarlet & Violet: Destined Rivals #081/182 Double Rare PSA 8","0.00","$0.00","$11.20","$11.20 (10/04/2025)","$11.20","$7.40","$15.00","0.00","2","$22.40"
"Tirtouga 2025 Scarlet & Violet: Black Bolt #022/086 Poke Ball Reverse Holo PSA 9","0.00","$0.00","$65.00","$65.00 (10/11/2025)","$65.00","$65.00","$65.00","0.00","1","$65.00"
"Snivy 2025 Japanese Scarlet & Violet: Black Bolt #001/086 Master Ball Reverse Holo PSA 10","0.00","$0.00","$23.00","$23.00 (10/24/2025)","$23.00","$21.50","$24.50","0.00","2","$46.00"
"Dragapult ex 2025 Scarlet & Violet: Prismatic Evolutions #165/131 Special Illustration Rare BGS 9","0.00","$0.00","$82.00","$82.00 (10/12/2025)","$82.00","$82.00","$82.00","0.00","1","$82.00"
"Cryogonal 2025 Japanese Scarlet & Violet: Black Bolt #115/086 Art Rare PSA 10","0.00","$0.00","$30.00","$30.00 (10/08/2025)","$30.00","$30.00","$30.00","-66.67","1","$30.00"
"Iron Hands ex 2025 Scarlet & Violet: Prismatic Evolutions #031/131 Double Rare CGC 10","0.00","$0.00","$28.00","$28.00 (10/22/2025)","$28.00","$28.00","$28.00","0.00","1","$28.00"
"Glaceon 2025 Scarlet & Violet: Prismatic Evolutions #025/131 Master Ball Reverse Holo PSA 8","0.00","$0.00","$20.00","$20.00 (10/05/2025)","$20.00","$20.00","$20.00","0.00","1","$20.00"
"Glaceon 2025 Scarlet & Violet: Prismatic Evolutions #025/131 Master Ball Reverse Holo CGC 9","0.00","$0.00","$59.00","$59.00 (10/02/2025)","$59.00","$59.00","$59.00","0.00","1","$59.00"
"Glaceon 2025 Scarlet & Violet: Prismatic Evolutions #025/131 Master Ball Reverse Holo CGC 8.5","0.00","$0.00","$25.00","$25.00 (09/30/2025)","$25.00","$25.00","$25.00","0.00","1","$25.00"
"Archeops 2025 Japanese Scarlet & Violet: White Flare #048/086 Holo CGC 9","0.00","$0.00","$8.40","$8.40 (10/12/2025)","$8.40","$8.40","$8.40","0.00","1","$8.40"
"Eelektross 2025 Japanese Scarlet & Violet: Black Bolt #119/086 Art Rare CGC 10","0.00","$0.00","$22.50","$22.50 (10/09/2025)","$22.50","$22.50","$22.50","0.00","1","$22.50"
"Wally's Compassion 2025 Mega Evolution #186/132 Special Illustration Rare PSA 10","0.00","$0.00","$24.24","$24.24 (10/23/2025)","$24.24","$24.24","$24.24","0.00","1","$24.24"
"Budew 2025 Scarlet & Violet: Prismatic Evolutions #004/131 Poke Ball Reverse Holo PSA 9","0.00","$0.00","$10.96","$10.96 (10/04/2025)","$10.96","$10.96","$10.96","0.00","1","$10.96"
"Hilda 2025 Japanese Scarlet & Violet: White Flare #173/086 Special Art Rare PSA 8","0.00","$0.00","$72.00","$72.00 (09/28/2025)","$72.00","$72.00","$72.00","0.00","1","$72.00"
"Thundurus 2025 Scarlet & Violet: Black Bolt #033/086 Master Ball Reverse Holo PSA 10","0.00","$0.00","$39.00","$39.00 (10/16/2025)","$39.00","$39.00","$39.00","0.00","1","$39.00"
"Zorua 2025 Scarlet & Violet: White Flare #061/086 Master Ball Reverse Holo PSA 10","0.00","$0.00","$69.52","$69.52 (10/16/2025)","$69.52","$69.52","$69.52","0.00","1","$69.52"
"Cetitan ex 2025 Japanese Scarlet & Violet: Glory of Team Rocket #113/098 Super Rare (Full Art) PSA 9","0.00","$0.00","$12.00","$12.00 (10/05/2025)","$12.00","$12.00","$12.00","0.00","1","$12.00"
"Watchog 2025 Japanese Scarlet & Violet: White Flare #152/086 Art Rare PSA 10","0.00","$0.00","$67.50","$67.50 (09/28/2025)","$67.50","$67.50","$67.50","0.00","1","$67.50"
"Whirlipede 2025 Scarlet & Violet: Black Bolt #055/086 Master Ball Reverse Holo PSA 9","0.00","$0.00","$60.00","$60.00 (10/12/2025)","$60.00","$60.00","$60.00","0.00","1","$60.00"
"Heatmor 2025 Japanese Scarlet & Violet: White Flare #101/086 Art Rare CGC 9.5","0.00","$0.00","$10.26","$10.26 (10/14/2025)","$10.26","$10.26","$10.26","0.00","1","$10.26"
"Eri 2025 Scarlet & Violet: Prismatic Evolutions #136/131 Ultra Rare (Full Art) CGC 9.5","0.00","$0.00","$13.20","$13.20 (09/28/2025)","$13.20","$13.20","$13.20","-66.67","1","$13.20"
"Minccino 2025 Japanese Scarlet & Violet: Black Bolt #157/086 Art Rare PSA 10","0.00","$0.00","$29.00","$29.00 (10/18/2025)","$29.00","$29.00","$29.00","0.00","1","$29.00"
"Lugia ex 2025 Scarlet & Violet: Prismatic Evolutions #082/131 Double Rare CGC 9.5","0.00","$0.00","$10.00","$10.00 (10/04/2025)","$10.00","$10.00","$10.00","0.00","1","$10.00"
"Archen 2025 Scarlet & Violet: White Flare #131/086 Illustration Rare CGC 9","0.00","$0.00","$10.80","$10.80 (10/05/2025)","$10.80","$10.80","$10.80","0.00","1","$10.80"
"Pignite 2025 Scarlet & Violet: White Flare #097/086 Illustration Rare PSA 9","0.00","$0.00","$14.95","$14.95 (09/29/2025)","$14.95","$14.95","$14.95","0.00","1","$14.95"
"Dusknoir 2025 Scarlet & Violet: Prismatic Evolutions #037/131 Poke Ball Reverse Holo PSA 10","0.00","$0.00","$25.00","$25.00 (09/27/2025)","$25.00","$25.00","$25.00","0.00","1","$25.00"
"Crustle 2025 Japanese Scarlet & Violet: Heat Wave Arena #067/063 Art Rare PSA 10","0.00","$0.00","$21.14","$21.14 (10/14/2025)","$21.14","$21.14","$21.14","-50.00","1","$21.14"
"Purrloin 2025 Scarlet & Violet: White Flare #055/086 Master Ball Reverse Holo PSA 9","0.00","$0.00","$11.50","$11.50 (10/12/2025)","$11.50","$11.50","$11.50","0.00","1","$11.50"
"Scraggy 2025 Scarlet & Violet: White Flare #138/086 Illustration Rare PSA 10","0.00","$0.00","$60.00","$60.00 (10/01/2025)","$60.00","$60.00","$60.00","0.00","2","$120.00"
"Flareon 2025 Scarlet & Violet: Prismatic Evolutions #013/131 Poke Ball Reverse Holo PSA 9","0.00","$0.00","$3.25","$3.25 (09/26/2025)","$3.25","$3.25","$3.25","0.00","1","$3.25"
"Veluza ex 2025 Scarlet & Violet: Journey Together #043/159 Double Rare PSA 9","0.00","$0.00","$4.99","$4.99 (10/09/2025)","$9.99","$4.99","$20.00","200.00","3","$29.98"
"Espeon 2025 Scarlet & Violet: Prismatic Evolutions #033/131 Master Ball Reverse Holo PSA 9","0.00","$0.00","$44.99","$44.99 (10/24/2025)","$38.33","$25.00","$44.99","-57.14","3","$114.98"
"Team Rocket's Archer 2025 Scarlet & Violet: Destined Rivals #223/182 Ultra Rare (Full Art) PSA 8","0.00","$0.00","$8.27","$8.27 (10/13/2025)","$8.27","$8.27","$8.27","0.00","1","$8.27"
"Wellspring Mask Ogerpon ex 2025 Scarlet & Violet: Prismatic Evolutions #027/131 Double Rare CGC 8.5","0.00","$0.00","$7.20","$7.20 (10/12/2025)","$7.20","$7.20","$7.20","0.00","1","$7.20"
"Misty's Gyarados 2025 Japanese Scarlet & Violet: Heat Wave Arena #026/063 Holo PSA 9","0.00","$0.00","$13.50","$13.50 (10/23/2025)","$13.50","$13.50","$13.50","0.00","1","$13.50"
"Misty's Gyarados 2025 Japanese Scarlet & Violet: Heat Wave Arena #026/063 Holo CGC 10","0.00","$0.00","$10.00","$10.00 (09/25/2025)","$10.00","$10.00","$10.00","0.00","1","$10.00"
"Zekrom ex 2025 Scarlet & Violet: Black Bolt #034/086 Double Rare CGC 8.5","0.00","$0.00","$13.20","$13.20 (09/28/2025)","$13.20","$13.20","$13.20","0.00","1","$13.20"
"Zekrom ex 2025 Scarlet & Violet: Black Bolt #034/086 Double Rare PSA 5","0.00","$0.00","$49.99","$49.99 (10/12/2025)","$49.99","$49.99","$49.99","0.00","1","$49.99"
"Ruffian 2025 Japanese Scarlet & Violet: Battle Partners #122/100 Super Rare (Full Art) PSA 8","0.00","$0.00","$10.99","$10.99 (10/01/2025)","$10.99","$10.99","$10.99","0.00","1","$10.99"
"Deino 2025 Scarlet & Violet: White Flare #146/086 Illustration Rare CGC 9.5","0.00","$0.00","$12.00","$12.00 (10/19/2025)","$12.00","$12.00","$12.00","0.00","1","$12.00"
"Conkeldurr 2025 Scarlet & Violet: Black Bolt #127/086 Illustration Rare PSA 10","0.00","$0.00","$177.50","$177.50 (10/17/2025)","$177.50","$177.50","$177.50","0.00","1","$177.50"
"Earthen Vessel 2025 Scarlet & Violet: Prismatic Evolutions #106/131 Reverse Holo PSA 10","0.00","$0.00","$39.99","$39.99 (10/13/2025)","$39.99","$39.99","$39.99","0.00","1","$39.99"
"Simipour 2025 Scarlet & Violet: Black Bolt #102/086 Illustration Rare PSA 10","0.00","$0.00","$90.69","$90.69 (09/25/2025)","$90.69","$90.69","$90.69","0.00","1","$90.69"
"Fight Gong 2025 Japanese Mega Brave #82/63 Super Rare (Full Art) CGC 9.5","0.00","$0.00","$8.40","$8.40 (10/12/2025)","$8.40","$8.40","$8.40","0.00","1","$8.40"
"Emolga 2025 Japanese Scarlet & Violet: Black Bolt #032/086 Reverse Holo PSA 9","0.00","$0.00","$1.25","$1.25 (10/19/2025)","$1.25","$1.25","$1.25","0.00","1","$1.25"
"Buddy-Buddy Poffin 2025 Mega Evolution #167/132 Ultra Rare (Full Art) CGC 10","0.00","$0.00","$9.60","$9.60 (10/12/2025)","$9.60","$9.60","$9.60","0.00","1","$9.60"
"Mega Lucario ex 2025 Mega Evolution #179/132 Special Illustration Rare PSA 9","0.00","$0.00","$365.00","$365.00 (10/11/2025)","$365.00","$365.00","$365.00","0.00","1","$365.00"
"Scoop Up Cyclone 2025 Scarlet & Violet: Prismatic Evolutions #128/131 Holo (ACE SPEC) PSA 9","0.00","$0.00","$10.87","$10.87 (09/30/2025)","$10.87","$10.87","$10.87","0.00","1","$10.87"
"Cottonee 2025 Scarlet & Violet: Prismatic Evolutions #007/131 Reverse Holo PSA 10","0.00","$0.00","$28.00","$28.00 (10/17/2025)","$28.00","$28.00","$28.00","0.00","1","$28.00"
"Team Rocket's Persian ex 2025 Japanese Scarlet & Violet: Glory of Team Rocket #118/098 Super Rare (Full Art) BGS 10 Pristine","0.00","$0.00","$41.00","$41.00 (10/09/2025)","$41.00","$41.00","$41.00","0.00","1","$41.00"
"Dewott 2025 Japanese Scarlet & Violet: White Flare #103/086 Art Rare CGC 10","0.00","$0.00","$22.50","$22.50 (10/13/2025)","$22.50","$22.50","$22.50","0.00","1","$22.50"
"Dudunsparce ex 2025 Scarlet & Violet: Journey Together #178/159 Ultra Rare (Full Art) PSA 8","0.00","$0.00","$19.99","$19.99 (10/02/2025)","$19.99","$19.99","$19.99","0.00","1","$19.99"
"Yanmega ex 2025 Scarlet & Violet: Destined Rivals #228/182 Special Illustration Rare PSA 8","0.00","$0.00","$25.00","$25.00 (10/06/2025)","$25.00","$25.00","$25.00","0.00","1","$25.00"
"Mystery Garden 2025 Mega Evolution #122/132 Reverse Holo CGC 10","0.00","$0.00","$7.20","$7.20 (10/12/2025)","$7.20","$7.20","$7.20","0.00","3","$21.60"
"Ferrothorn 2025 Japanese Scarlet & Violet: White Flare #145/086 Art Rare PSA 9","0.00","$0.00","$14.00","$14.00 (10/15/2025)","$14.00","$14.00","$14.00","0.00","1","$14.00"
"Team Rocket's Giovanni 2025 Japanese Scarlet & Violet: Glory of Team Rocket #129/098 Special Art Rare CGC 10","0.00","$0.00","$119.99","$119.99 (10/24/2025)","$119.99","$119.99","$119.99","0.00","1","$119.99"
"Flareon 2025 Scarlet & Violet: Prismatic Evolutions #013/131 Reverse Holo PSA 10","0.00","$0.00","$29.99","$29.99 (10/03/2025)","$29.99","$29.99","$29.99","-50.00","1","$29.99"
"Vaporeon 2025 Scarlet & Violet: Prismatic Evolutions #022/131 Holo PSA 10","0.00","$0.00","$35.00","$35.00 (10/10/2025)","$35.00","$35.00","$35.00","-50.00","1","$35.00"
"Timburr 2025 Japanese Scarlet & Violet: Black Bolt #131/086 Art Rare CGC 10","0.00","$0.00","$14.50","$14.50 (09/26/2025)","$14.50","$14.50","$14.50","0.00","1","$14.50"
"Team Rocket's Meowth 2025 Scarlet & Violet: Destined Rivals #203/182 Illustration Rare CGC 9.5","0.00","$0.00","$28.99","$28.99 (10/06/2025)","$28.99","$28.99","$28.99","0.00","1","$28.99"
"Team Rocket's Meowth 2025 Scarlet & Violet: Destined Rivals #203/182 Illustration Rare CGC 8.5","0.00","$0.00","$25.00","$25.00 (10/02/2025)","$25.00","$25.00","$25.00","0.00","1","$25.00"
"Munkidori 2025 Scarlet & Violet: Prismatic Evolutions #044/131 Holo CGC 9","0.00","$0.00","$7.20","$7.20 (10/19/2025)","$7.20","$7.20","$7.20","0.00","1","$7.20"
"Munkidori 2025 Scarlet & Violet: Prismatic Evolutions #044/131 Holo CGC 8.5","0.00","$0.00","$7.20","$7.20 (10/19/2025)","$7.20","$7.20","$7.20","0.00","1","$7.20"
"Slowking 2025 Scarlet & Violet: Prismatic Evolutions #019/131 Poke Ball Reverse Holo CGC 8","0.00","$0.00","$1.99","$1.99 (10/06/2025)","$1.99","$1.99","$1.99","0.00","1","$1.99"
"Foongus 2025 Japanese Scarlet & Violet: Black Bolt #095/086 Art Rare PSA 10","0.00","$0.00","$40.00","$40.00 (10/08/2025)","$40.00","$40.00","$40.00","-50.00","1","$40.00"
"Mega Venusaur ex 2025 Mega Evolution #155/132 Ultra Rare (Full Art) PSA 10","0.00","$0.00","$30.00","$30.00 (09/26/2025)","$30.00","$30.00","$30.00","0.00","1","$30.00"
"Mega Venusaur ex 2025 Mega Evolution #155/132 Ultra Rare (Full Art) PSA 9","0.00","$0.00","$42.00","$42.00 (10/19/2025)","$42.00","$42.00","$42.00","0.00","1","$42.00"
"Deerling 2025 Japanese Scarlet & Violet: White Flare #091/086 Art Rare CGC 10","0.00","$0.00","$29.99","$29.99 (10/15/2025)","$29.99","$29.99","$29.99","0.00","1","$29.99"
"Ferrothorn 2025 Scarlet & Violet: White Flare #149/086 Illustration Rare PSA 9","0.00","$0.00","$31.50","$31.50 (10/23/2025)","$31.50","$31.50","$31.50","0.00","1","$31.50"
"Garbodor 2025 Japanese Scarlet & Violet: White Flare #139/086 Art Rare PSA 8","0.00","$0.00","$12.50","$12.50 (10/18/2025)","$12.50","$12.50","$12.50","0.00","1","$12.50"
"Bulbasaur 2025 Mega Evolution #133/132 Illustration Rare CGC 10","0.00","$0.00","$132.00","$132.00 (10/12/2025)","$132.00","$132.00","$132.00","0.00","1","$132.00"
"Roggenrola 2025 Japanese Scarlet & Violet: White Flare #125/086 Art Rare CGC 9.5","0.00","$0.00","$10.01","$10.01 (10/21/2025)","$10.01","$10.01","$10.01","0.00","1","$10.01"
"Lillie's Ribombee 2025 Japanese Scarlet & Violet: Battle Partners #105/100 Art Rare CGC 9.5","0.00","$0.00","$14.40","$14.40 (10/05/2025)","$14.40","$14.40","$14.40","0.00","1","$14.40"
"Zekrom ex 2025 Scarlet & Violet: Black Bolt #158/086 Ultra Rare (Full Art) CGC 9","0.00","$0.00","$21.60","$21.60 (10/05/2025)","$21.60","$21.60","$21.60","-66.67","1","$21.60"
"Flareon ex 2025 Scarlet & Violet: Prismatic Evolutions #146/131 Special Illustration Rare CGC 10","0.00","$0.00","$397.87","$397.87 (10/18/2025)","$397.87","$370.74","$425.00","-33.33","2","$795.74"
"Ducklett 2025 Japanese Scarlet & Violet: White Flare #106/086 Art Rare PSA 9","0.00","$0.00","$19.00","$19.00 (10/23/2025)","$19.00","$19.00","$19.00","0.00","1","$19.00"
"Vaporeon 2025 Scarlet & Violet: Prismatic Evolutions #022/131 Master Ball Reverse Holo CGC 8.5","0.00","$0.00","$8.40","$8.40 (09/28/2025)","$8.40","$8.40","$8.40","0.00","1","$8.40"
"Drilbur 2025 Scarlet & Violet: Black Bolt #124/086 Illustration Rare CGC 8.5","0.00","$0.00","$9.60","$9.60 (10/19/2025)","$9.60","$9.60","$9.60","0.00","1","$9.60"
"Victini 2025 Japanese Scarlet & Violet: Black Bolt #097/086 Art Rare PSA 9","0.00","$0.00","$23.40","$23.40 (10/15/2025)","$23.40","$23.40","$23.40","0.00","1","$23.40"
"Lillie's Clefairy ex 2025 Scarlet & Violet: Journey Together #184/159 Special Illustration Rare BGS 9.5","0.00","$0.00","$405.00","$405.00 (10/07/2025)","$405.00","$405.00","$405.00","-85.71","1","$405.00"
"Jolteon 2025 Scarlet & Violet: Prismatic Evolutions #029/131 Poke Ball Reverse Holo CGC 10","0.00","$0.00","$5.50","$5.50 (10/08/2025)","$5.50","$5.50","$5.50","0.00","1","$5.50"
"Braviary 2025 Japanese Scarlet & Violet: White Flare #077/086 Master Ball Reverse Holo PSA 9","0.00","$0.00","$2.25","$2.25 (10/21/2025)","$2.25","$2.25","$2.25","0.00","1","$2.25"
"Arboliva ex 2025 Scarlet & Violet: Destined Rivals #207/182 Ultra Rare (Full Art) CGC 9","0.00","$0.00","$7.50","$7.50 (10/20/2025)","$7.50","$7.50","$7.50","0.00","1","$7.50"
"Marnie's Grimmsnarl ex 2025 Scarlet & Violet: Destined Rivals #136/182 Double Rare SGC 9.5","0.00","$0.00","$1.75","$1.75 (10/13/2025)","$1.75","$1.75","$1.75","0.00","1","$1.75"
"Team Rocket's Meowth 2025 Japanese Scarlet & Violet: Glory of Team Rocket #109/098 Art Rare BGS 10 Pristine","0.00","$0.00","$85.95","$85.95 (10/05/2025)","$85.95","$80.90","$91.00","-66.67","2","$171.90"
"Roggenrola 2025 Scarlet & Violet: White Flare #127/086 Illustration Rare PSA 10","0.00","$0.00","$102.50","$102.50 (10/01/2025)","$102.50","$102.50","$102.50","0.00","1","$102.50"
"Team Rocket's Meowth 2025 Japanese Scarlet & Violet: Glory of Team Rocket #109/098 Art Rare CGC 9.5","0.00","$0.00","$27.99","$27.99 (10/11/2025)","$27.99","$27.99","$27.99","0.00","1","$27.99"
"Sylveon ex 2025 Scarlet & Violet: Prismatic Evolutions #041/131 Double Rare BGS 8.5","0.00","$0.00","$10.50","$10.50 (10/07/2025)","$10.50","$10.50","$10.50","0.00","1","$10.50"
"Boldore 2025 Scarlet & Violet: White Flare #128/086 Illustration Rare PSA 10","0.00","$0.00","$60.00","$60.00 (10/11/2025)","$60.00","$60.00","$60.00","0.00","1","$60.00"
"Boldore 2025 Scarlet & Violet: White Flare #128/086 Illustration Rare PSA 8","0.00","$0.00","$7.50","$7.50 (10/24/2025)","$7.50","$7.50","$7.50","0.00","1","$7.50"
"Boldore 2025 Scarlet & Violet: White Flare #128/086 Illustration Rare CGC 10","0.00","$0.00","$22.80","$22.80 (09/28/2025)","$22.80","$22.80","$22.80","0.00","1","$22.80"
"Sylveon ex 2025 Scarlet & Violet: Prismatic Evolutions #041/131 Double Rare CGC 9.5","0.00","$0.00","$15.60","$15.60 (10/05/2025)","$15.60","$15.60","$15.60","0.00","1","$15.60"
"Salamence ex 2025 Scarlet & Violet: Journey Together #177/159 Ultra Rare (Full Art) SGC 10","0.00","$0.00","$11.50","$11.50 (10/19/2025)","$11.50","$11.50","$11.50","0.00","1","$11.50"
"Cynthia's Garchomp ex 2025 Scarlet & Violet: Destined Rivals #232/182 Special Illustration Rare BGS 10 Black Label","0.00","$0.00","$4078.27","$4078.27 (10/12/2025)","$4078.27","$4078.27","$4078.27","0.00","1","$4078.27"
"Lugia ex 2025 Scarlet & Violet: Prismatic Evolutions #082/131 Double Rare PSA 7","0.00","$0.00","$10.50","$10.50 (10/24/2025)","$10.50","$10.50","$10.50","0.00","1","$10.50"
"Accelgor 2025 Scarlet & Violet: White Flare #094/086 Illustration Rare PSA 8","0.00","$0.00","$14.50","$14.50 (10/17/2025)","$14.50","$14.50","$14.50","0.00","1","$14.50"
"Litwick 2025 Scarlet & Violet: White Flare #016/086 Master Ball Reverse Holo PSA 10","0.00","$0.00","$21.50","$21.50 (10/19/2025)","$21.50","$21.50","$21.50","0.00","1","$21.50"
"Lampent 2025 Scarlet & Violet: White Flare #102/086 Illustration Rare CGC 10","0.00","$0.00","$22.80","$22.80 (10/05/2025)","$22.80","$21.60","$24.00","0.00","3","$68.40"
"Houndstone 2025 Japanese Mega Symphonia #73/63 Art Rare CGC 9","0.00","$0.00","$13.00","$13.00 (09/26/2025)","$13.00","$13.00","$13.00","0.00","1","$13.00"
"Misty's Psyduck 2025 Scarlet & Violet: Destined Rivals #193/182 Illustration Rare BGS 9","0.00","$0.00","$96.00","$96.00 (10/04/2025)","$96.00","$96.00","$96.00","0.00","1","$96.00"
"Jamming Tower 2025 Scarlet & Violet: Destined Rivals #243/182 Hyper Rare (Secret) PSA 10","0.00","$0.00","$32.69","$32.69 (10/12/2025)","$32.69","$32.69","$32.69","-50.00","1","$32.69"
"Zoroark 2025 Scarlet & Violet: White Flare #062/086 Holo PSA 10","0.00","$0.00","$127.50","$127.50 (09/26/2025)","$127.50","$127.50","$127.50","0.00","1","$127.50"
"Zoroark 2025 Scarlet & Violet: White Flare #062/086 Holo PSA 9","0.00","$0.00","$59.00","$59.00 (09/26/2025)","$59.00","$59.00","$59.00","0.00","1","$59.00"
"Mega Lucario ex 2025 Japanese Mega Brave #78/63 Super Rare (Full Art) CGC 9","0.00","$0.00","$15.60","$15.60 (10/19/2025)","$15.60","$15.60","$15.60","-83.33","1","$15.60"
"Ethan's Magcargo 2025 Japanese Scarlet & Violet: Heat Wave Arena #019/063 Holo CGC 10","0.00","$0.00","$10.50","$10.50 (10/19/2025)","$10.50","$10.50","$10.50","0.00","1","$10.50"
"Vaporeon ex 2025 Scarlet & Violet: Prismatic Evolutions #023/131 Double Rare CGC 10","0.00","$0.00","$22.00","$22.00 (10/11/2025)","$22.00","$22.00","$22.00","-50.00","1","$22.00"
"Tynamo 2025 Japanese Scarlet & Violet: Black Bolt #117/086 Art Rare PSA 10","0.00","$0.00","$59.95","$59.95 (10/15/2025)","$59.95","$59.95","$59.95","0.00","1","$59.95"
"Team Rocket's Persian ex 2025 Scarlet & Violet: Destined Rivals #219/182 Ultra Rare (Full Art) CGC 9.5","0.00","$0.00","$24.60","$24.60 (10/05/2025)","$24.60","$22.80","$26.40","-60.00","2","$49.20"
"Team Rocket's Persian ex 2025 Scarlet & Violet: Destined Rivals #219/182 Ultra Rare (Full Art) CGC 8.5","0.00","$0.00","$9.60","$9.60 (10/12/2025)","$9.60","$9.60","$9.60","0.00","1","$9.60"
"Hippowdon 2025 Scarlet & Violet: Prismatic Evolutions #053/131 Reverse Holo CGC 9","0.00","$0.00","$6.00","$6.00 (10/12/2025)","$6.00","$6.00","$6.00","0.00","1","$6.00"
"Mega Latias ex 2025 Mega Evolution #100/132 Double Rare BGS 9.5","0.00","$0.00","$36.00","$36.00 (10/08/2025)","$36.00","$36.00","$36.00","0.00","1","$36.00"
"Victini 2025 Japanese Scarlet & Violet: Black Bolt #012/086 Holo PSA 10","0.00","$0.00","$29.45","$29.45 (09/28/2025)","$29.45","$29.45","$29.45","0.00","1","$29.45"
"Swadloon 2025 Japanese Scarlet & Violet: White Flare #088/086 Art Rare CGC 10","0.00","$0.00","$25.99","$25.99 (10/24/2025)","$25.99","$25.99","$25.99","0.00","1","$25.99"
"Team Rocket's Meowth 2025 Scarlet & Violet: Destined Rivals #149/182 Reverse Holo PSA 9","0.00","$0.00","$20.72","$20.72 (10/09/2025)","$20.72","$20.72","$20.72","0.00","1","$20.72"
"Venipede 2025 Japanese Scarlet & Violet: Black Bolt #138/086 Art Rare CGC 8.5","0.00","$0.00","$5.24","$5.24 (10/09/2025)","$5.24","$5.24","$5.24","0.00","1","$5.24"
"Dondozo ex 2025 Scarlet & Violet: Destined Rivals #211/182 Ultra Rare (Full Art) PSA 9","0.00","$0.00","$9.95","$9.95 (10/19/2025)","$12.15","$9.95","$15.50","0.00","6","$72.89"
"Raifort 2025 Scarlet & Violet: Prismatic Evolutions #142/131 Ultra Rare (Full Art) PSA 8","0.00","$0.00","$10.51","$10.51 (10/14/2025)","$10.51","$10.51","$10.51","-66.67","1","$10.51"
"Team Rocket's Moltres ex 2025 Scarlet & Violet: Destined Rivals #229/182 Special Illustration Rare BGS 10 Pristine","0.00","$0.00","$950.00","$950.00 (09/29/2025)","$950.00","$950.00","$950.00","0.00","1","$950.00"
"Sawk 2025 Japanese Scarlet & Violet: White Flare #128/086 Art Rare PSA 9","0.00","$0.00","$9.99","$9.99 (09/25/2025)","$9.99","$9.99","$9.99","0.00","1","$9.99"
"Arven's Greedent 2025 Japanese Scarlet & Violet: Heat Wave Arena #075/063 Art Rare PSA 10","0.00","$0.00","$29.00","$29.00 (09/26/2025)","$29.00","$23.00","$34.99","-75.00","2","$57.99"
"Professor's Research 2025 Scarlet & Violet: Prismatic Evolutions #124/131 Poke Ball Reverse Holo (Professor Rowan) CGC 9","0.00","$0.00","$2.25","$2.25 (10/02/2025)","$2.25","$2.25","$2.25","0.00","1","$2.25"
"Deino 2025 Japanese Scarlet & Violet: White Flare #060/086 Master Ball Reverse Holo CGC 10","0.00","$0.00","$23.00","$23.00 (10/04/2025)","$23.00","$23.00","$23.00","0.00","1","$23.00"
"Alakazam 2025 Japanese Mega Symphonia #38/63 Holo PSA 10","0.00","$0.00","$165.00","$165.00 (10/12/2025)","$165.00","$165.00","$165.00","0.00","1","$165.00"
"Glass Trumpet 2025 Scarlet & Violet: Prismatic Evolutions #110/131 Reverse Holo CGC 10","0.00","$0.00","$12.00","$12.00 (10/10/2025)","$12.00","$12.00","$12.00","0.00","1","$12.00"
"Hydreigon ex 2025 Japanese Scarlet & Violet: White Flare #163/086 Super Rare (Full Art) PSA 10","0.00","$0.00","$29.00","$29.00 (10/14/2025)","$29.00","$29.00","$29.00","0.00","1","$29.00"
"Toxicroak 2025 Mega Evolution #079/132 Reverse Holo CGC 10","0.00","$0.00","$8.40","$8.40 (10/12/2025)","$8.40","$8.40","$8.40","0.00","1","$8.40"
"Archeops 2025 Scarlet & Violet: White Flare #132/086 Illustration Rare PSA 10","0.00","$0.00","$89.99","$89.99 (10/09/2025)","$89.99","$89.99","$89.99","-66.67","1","$89.99"
"Archeops 2025 Scarlet & Violet: White Flare #132/086 Illustration Rare PSA 9","0.00","$0.00","$16.99","$16.99 (10/07/2025)","$16.99","$16.99","$16.99","-50.00","1","$16.99"
"Flareon ex 2025 Scarlet & Violet: Prismatic Evolutions #014/131 Double Rare PSA 6","0.00","$0.00","$3.25","$3.25 (09/26/2025)","$3.25","$3.25","$3.25","0.00","1","$3.25"
"Audino 2025 Japanese Scarlet & Violet: Black Bolt #076/086 Master Ball Reverse Holo CGC 10","0.00","$0.00","$9.60","$9.60 (10/05/2025)","$9.60","$9.60","$9.60","0.00","1","$9.60"
"Harlequin 2025 Japanese Scarlet & Violet: White Flare #165/086 Super Rare (Full Art) CGC 9","0.00","$0.00","$7.37","$7.37 (10/14/2025)","$7.37","$7.37","$7.37","0.00","1","$7.37"
"Rufflet 2025 Japanese Scarlet & Violet: White Flare #076/086 Master Ball Reverse Holo CGC 9","0.00","$0.00","$3.25","$3.25 (10/21/2025)","$3.25","$3.25","$3.25","0.00","1","$3.25"
"Kyurem ex 2025 Scarlet & Violet: Black Bolt #157/086 Ultra Rare (Full Art) PSA 8","0.00","$0.00","$14.95","$14.95 (10/19/2025)","$14.95","$14.95","$14.95","0.00","1","$14.95"
"Binding Mochi 2025 Scarlet & Violet: Prismatic Evolutions #095/131 Reverse Holo CGC 9","0.00","$0.00","$5.00","$5.00 (10/14/2025)","$5.00","$5.00","$5.00","0.00","1","$5.00"
"Servine 2025 Scarlet & Violet: Black Bolt #088/086 Illustration Rare PSA 10","0.00","$0.00","$135.00","$135.00 (10/18/2025)","$135.00","$135.00","$135.00","0.00","1","$135.00"
"Lillie's Pearl 2025 Scarlet & Violet: Journey Together #151/159 Base CGC 10","0.00","$0.00","$15.00","$15.00 (10/07/2025)","$15.00","$15.00","$15.00","-66.67","1","$15.00"
"Sylveon 2025 Scarlet & Violet: Prismatic Evolutions #040/131 Reverse Holo CGC 10","0.00","$0.00","$16.80","$16.80 (10/19/2025)","$16.80","$16.80","$16.80","0.00","1","$16.80"
"Cinccino 2025 Scarlet & Violet: Black Bolt #076/086 Master Ball Reverse Holo PSA 10","0.00","$0.00","$21.50","$21.50 (10/19/2025)","$21.50","$21.50","$21.50","0.00","1","$21.50"
"Wally's Compassion 2025 Mega Evolution #132/132 Reverse Holo CGC 10","0.00","$0.00","$7.20","$7.20 (10/12/2025)","$7.20","$7.20","$7.20","0.00","1","$7.20"
"Purrloin 2025 Japanese Scarlet & Violet: White Flare #052/086 Master Ball Reverse Holo PSA 10","0.00","$0.00","$20.70","$20.70 (10/05/2025)","$20.70","$20.70","$20.70","0.00","1","$20.70"
"Pansage 2025 Japanese Scarlet & Violet: Black Bolt #089/086 Art Rare CGC 9.5","0.00","$0.00","$10.29","$10.29 (10/14/2025)","$10.29","$10.29","$10.29","0.00","1","$10.29"
"N's Zoroark ex 2025 Japanese Scarlet & Violet: Battle Partners #131/100 Ultra Rare (Secret) CGC 10","0.00","$0.00","$9.50","$9.50 (10/11/2025)","$9.50","$9.50","$9.50","0.00","1","$9.50"
"Dudunsparce ex 2025 Japanese Scarlet & Violet: Battle Partners #120/100 Super Rare (Full Art) PSA 9","0.00","$0.00","$13.71","$13.71 (10/08/2025)","$13.71","$13.71","$13.71","0.00","1","$13.71"
"Sneasel 2025 Scarlet & Violet: Prismatic Evolutions #061/131 Reverse Holo CGC 10","0.00","$0.00","$19.00","$19.00 (10/07/2025)","$19.00","$19.00","$19.00","0.00","1","$19.00"
"Shedinja 2025 Mega Evolution #061/132 Reverse Holo CGC 10","0.00","$0.00","$8.40","$8.40 (10/12/2025)","$8.40","$7.20","$9.60","0.00","2","$16.80"
"Dipplin 2025 Scarlet & Violet: Prismatic Evolutions #010/131 Master Ball Reverse Holo PSA 9","0.00","$0.00","$11.00","$11.00 (10/11/2025)","$11.00","$11.00","$11.00","0.00","1","$11.00"
"Hydrapple 2025 Scarlet & Violet: Destined Rivals #187/182 Illustration Rare BGS 9.5","0.00","$0.00","$21.60","$21.60 (09/28/2025)","$21.60","$21.60","$21.60","0.00","1","$21.60"
"Amarys 2025 Scarlet & Violet: Prismatic Evolutions #093/131 Poke Ball Reverse Holo CGC 9","0.00","$0.00","$6.00","$6.00 (10/19/2025)","$6.00","$6.00","$6.00","0.00","1","$6.00"
"Hariyama 2025 Mega Evolution #073/132 Reverse Holo CGC 9.5","0.00","$0.00","$6.00","$6.00 (10/12/2025)","$6.00","$6.00","$6.00","0.00","1","$6.00"
"Harlequin 2025 Scarlet & Violet: White Flare #163/086 Ultra Rare (Full Art) CGC 10","0.00","$0.00","$21.60","$21.60 (10/05/2025)","$21.60","$21.60","$21.60","0.00","1","$21.60"
"Dewott 2025 Scarlet & Violet: White Flare #106/086 Illustration Rare CGC 10","0.00","$0.00","$42.88","$42.88 (10/12/2025)","$42.88","$42.88","$42.88","0.00","1","$42.88"
"Noibat 2025 Japanese Scarlet & Violet: Battle Partners #111/100 Art Rare CGC 9.5","0.00","$0.00","$7.50","$7.50 (09/30/2025)","$7.50","$7.50","$7.50","-50.00","1","$7.50"
"Mega Venusaur ex 2025 Japanese Mega Brave #87/63 Special Art Rare PSA 8","0.00","$0.00","$61.00","$61.00 (10/17/2025)","$61.00","$61.00","$61.00","0.00","1","$61.00"
"Serperior ex 2025 Scarlet & Violet: Black Bolt #164/086 Special Illustration Rare PSA 8","0.00","$0.00","$36.00","$36.00 (10/23/2025)","$36.00","$36.00","$36.00","0.00","1","$36.00"
"Team Rocket's Articuno 2025 Japanese Scarlet & Violet: Glory of Team Rocket #022/098 Holo PSA 10","0.00","$0.00","$22.50","$22.50 (10/12/2025)","$22.50","$21.50","$23.50","0.00","2","$45.00"
"Slowking 2025 Scarlet & Violet: Prismatic Evolutions #019/131 Base PSA 8","0.00","$0.00","$7.50","$7.50 (10/10/2025)","$7.50","$7.50","$7.50","0.00","1","$7.50"
"Ogre's Mask 2025 Scarlet & Violet: Prismatic Evolutions #118/131 Reverse Holo PSA 9","0.00","$0.00","$18.00","$18.00 (10/12/2025)","$18.00","$18.00","$18.00","0.00","1","$18.00"
"Scolipede 2025 Japanese Scarlet & Violet: Black Bolt #059/086 Master Ball Reverse Holo PSA 10","0.00","$0.00","$28.00","$28.00 (10/10/2025)","$28.00","$28.00","$28.00","0.00","1","$28.00"
"Lillie's Clefairy ex 2025 Japanese Scarlet & Violet: Battle Partners #126/100 Special Art Rare PSA 9","0.00","$0.00","$124.50","$124.50 (10/14/2025)","$124.50","$124.50","$124.50","-66.67","1","$124.50"
"Zekrom ex 2025 Scarlet & Violet: Black Bolt #166/086 Special Illustration Rare BGS 10 Pristine","0.00","$0.00","$1250.00","$1250.00 (09/28/2025)","$1250.00","$1250.00","$1250.00","0.00","1","$1250.00"
"Litleo 2025 Scarlet & Violet: Prismatic Evolutions #015/131 Reverse Holo CGC 10","0.00","$0.00","$7.20","$7.20 (10/12/2025)","$7.20","$7.20","$7.20","0.00","1","$7.20"
"Roaring Moon 2025 Scarlet & Violet: Prismatic Evolutions #065/131 Holo CGC 9","0.00","$0.00","$11.00","$11.00 (10/15/2025)","$11.00","$11.00","$11.00","-50.00","1","$11.00"
"Kyurem ex 2025 Japanese Scarlet & Violet: Black Bolt #160/086 Super Rare (Full Art) CGC 8.5","0.00","$0.00","$8.50","$8.50 (10/22/2025)","$8.50","$8.50","$8.50","0.00","1","$8.50"
"Exeggcute 2025 Scarlet & Violet: Prismatic Evolutions #001/131 Master Ball Reverse Holo CGC 9.5","0.00","$0.00","$3.25","$3.25 (10/02/2025)","$3.25","$3.25","$3.25","0.00","1","$3.25"
"Tornadus 2025 Japanese Scarlet & Violet: White Flare #158/086 Art Rare CGC 10","0.00","$0.00","$27.99","$27.99 (10/20/2025)","$27.99","$27.99","$27.99","-50.00","1","$27.99"
"Tornadus 2025 Japanese Scarlet & Violet: White Flare #158/086 Art Rare CGC 9","0.00","$0.00","$17.99","$17.99 (10/17/2025)","$17.99","$17.99","$17.99","0.00","1","$17.99"
"Salamence ex 2025 Japanese Scarlet & Violet: Battle Partners #119/100 Super Rare (Full Art) CGC 10","0.00","$0.00","$24.99","$24.99 (10/13/2025)","$24.99","$24.99","$24.99","-50.00","1","$24.99"
"Archeops 2025 Scarlet & Violet: White Flare #051/086 Holo PSA 9","0.00","$0.00","$9.00","$9.00 (10/19/2025)","$9.00","$9.00","$9.00","0.00","1","$9.00"
"Whimsicott 2025 Scarlet & Violet: Prismatic Evolutions #008/131 Holo PSA 8","0.00","$0.00","$15.00","$15.00 (10/04/2025)","$15.00","$15.00","$15.00","0.00","1","$15.00"
"Hop's Zacian ex 2025 Japanese Scarlet & Violet: Battle Partners #128/100 Special Art Rare BGS 9.5","0.00","$0.00","$24.00","$24.00 (10/12/2025)","$24.00","$24.00","$24.00","0.00","1","$24.00"
"Bouffalant ex 2025 Japanese Scarlet & Violet: White Flare #164/086 Super Rare (Full Art) PSA 9","0.00","$0.00","$20.00","$20.00 (10/17/2025)","$20.00","$20.00","$20.00","0.00","1","$20.00"
"Iono's Bellibolt ex 2025 Scarlet & Violet: Journey Together #053/159 Double Rare PSA 10","0.00","$0.00","$27.00","$27.00 (09/29/2025)","$27.00","$27.00","$27.00","-66.67","1","$27.00"
"Maractus 2025 Scarlet & Violet: Black Bolt #093/086 Illustration Rare PSA 10","0.00","$0.00","$129.99","$129.99 (10/09/2025)","$129.99","$129.99","$129.99","0.00","1","$129.99"
"Furfrou 2025 Scarlet & Violet: Prismatic Evolutions #088/131 Poke Ball Reverse Holo CGC 9","0.00","$0.00","$8.40","$8.40 (10/12/2025)","$8.40","$8.40","$8.40","0.00","1","$8.40"
"Beheeyem 2025 Japanese Scarlet & Violet: Black Bolt #044/086 Master Ball Reverse Holo PSA 9","0.00","$0.00","$10.50","$10.50 (10/19/2025)","$10.50","$10.50","$10.50","0.00","1","$10.50"
"Team Rocket's Meowth 2025 Scarlet & Violet: Destined Rivals #149/182 Reverse Holo PSA 10","0.00","$0.00","$39.00","$39.00 (10/22/2025)","$39.00","$39.00","$39.00","0.00","1","$39.00"
"Zebstrika 2025 Japanese Scarlet & Violet: White Flare #112/086 Art Rare PSA 8","0.00","$0.00","$11.50","$11.50 (10/14/2025)","$11.50","$11.50","$11.50","0.00","1","$11.50"
"Zoroark 2025 Scarlet & Violet: White Flare #062/086 Master Ball Reverse Holo CGC 9","0.00","$0.00","$9.60","$9.60 (09/28/2025)","$9.60","$9.60","$9.60","0.00","1","$9.60"
"Gothita 2025 Scarlet & Violet: White Flare #041/086 Master Ball Reverse Holo PSA 10","0.00","$0.00","$50.00","$50.00 (09/29/2025)","$50.00","$50.00","$50.00","0.00","1","$50.00"
"Zebstrika 2025 Japanese Scarlet & Violet: White Flare #112/086 Art Rare CGC 10","0.00","$0.00","$25.99","$25.99 (10/24/2025)","$25.99","$25.99","$25.99","0.00","2","$51.98"
"Salamence ex 2025 Japanese Scarlet & Violet: Battle Partners #072/100 Double Rare PSA 9","0.00","$0.00","$8.86","$8.86 (10/17/2025)","$8.86","$8.86","$8.86","0.00","1","$8.86"
"Jellicent ex 2025 Scarlet & Violet: White Flare #045/086 Double Rare PSA 9","0.00","$0.00","$74.99","$74.99 (10/12/2025)","$74.99","$74.99","$74.99","0.00","1","$74.99"
"Wally's Compassion 2025 Japanese Mega Symphonia #85/63 Super Rare (Full Art) PSA 10","0.00","$0.00","$35.00","$35.00 (10/11/2025)","$35.00","$35.00","$35.00","0.00","1","$35.00"
"Mega Charizard X ex 2025 Japanese Mega: Inferno X #110/80 Special Art Rare PSA 7","0.00","$0.00","$1526.00","$1526.00 (10/19/2025)","$1526.00","$1526.00","$1526.00","0.00","1","$1526.00"
"Cynthia's Garchomp ex 2025 Japanese Scarlet & Violet: Heat Wave Arena #044/063 Double Rare PSA 8","0.00","$0.00","$11.00","$11.00 (09/28/2025)","$11.00","$11.00","$11.00","0.00","1","$11.00"
"Munkidori 2025 Scarlet & Violet: Prismatic Evolutions #044/131 Reverse Holo PSA 10","0.00","$0.00","$25.00","$25.00 (09/27/2025)","$25.00","$25.00","$25.00","0.00","1","$25.00"
"Slowpoke 2025 Scarlet & Violet: Prismatic Evolutions #018/131 Reverse Holo CGC 9.5","0.00","$0.00","$7.20","$7.20 (10/12/2025)","$7.20","$7.20","$7.20","0.00","1","$7.20"
"Pidove 2025 Scarlet & Violet: Black Bolt #071/086 Poke Ball Reverse Holo PSA 9","0.00","$0.00","$8.00","$8.00 (10/20/2025)","$8.00","$8.00","$8.00","0.00","1","$8.00"
"Clawitzer 2025 Mega Evolution #038/132 Holo CGC 9.5","0.00","$0.00","$7.20","$7.20 (10/12/2025)","$7.20","$7.20","$7.20","0.00","1","$7.20"
"Clawitzer 2025 Mega Evolution #038/132 Holo CGC 9","0.00","$0.00","$6.00","$6.00 (10/12/2025)","$6.00","$6.00","$6.00","0.00","1","$6.00"
"Haxorus 2025 Japanese Scarlet & Violet: Black Bolt #152/086 Art Rare BGS 9.5","0.00","$0.00","$29.99","$29.99 (10/04/2025)","$29.99","$29.99","$29.99","0.00","1","$29.99"
"Mandibuzz 2025 Japanese Scarlet & Violet: Black Bolt #145/086 Art Rare CGC 10","0.00","$0.00","$25.99","$25.99 (10/24/2025)","$25.99","$25.99","$25.99","0.00","1","$25.99"
"Black Belt's Training 2025 Scarlet & Violet: Prismatic Evolutions #099/131 Poke Ball Reverse Holo PSA 9","0.00","$0.00","$0.99","$0.99 (10/19/2025)","$0.99","$0.99","$0.99","0.00","1","$0.99"
"Sawsbuck 2025 Scarlet & Violet: White Flare #007/086 Master Ball Reverse Holo PSA 10","0.00","$0.00","$20.50","$20.50 (10/16/2025)","$20.50","$20.50","$20.50","0.00","2","$41.00"
"Panpour 2025 Japanese Scarlet & Violet: Black Bolt #020/086 Master Ball Reverse Holo CGC 8.5","0.00","$0.00","$1.25","$1.25 (10/09/2025)","$1.25","$1.25","$1.25","0.00","1","$1.25"
"Fan Rotom 2025 Scarlet & Violet: Prismatic Evolutions #085/131 Base PSA 10","0.00","$0.00","$60.00","$60.00 (10/15/2025)","$60.00","$60.00","$60.00","0.00","1","$60.00"
"Gothita 2025 Scarlet & Violet: White Flare #041/086 Master Ball Reverse Holo PSA 9","0.00","$0.00","$9.01","$9.01 (10/22/2025)","$9.01","$9.01","$9.01","0.00","1","$9.01"
"Litleo 2025 Japanese Mega Symphonia #66/63 Art Rare CGC 10","0.00","$0.00","$28.99","$28.99 (10/15/2025)","$28.99","$28.99","$28.99","0.00","1","$28.99"
"Team Rocket's Archer 2025 Japanese Scarlet & Violet: Glory of Team Rocket #120/098 Super Rare (Full Art) CGC 10","0.00","$0.00","$34.99","$34.99 (10/24/2025)","$34.99","$34.99","$34.99","0.00","1","$34.99"
"Ultra Ball 2025 Mega Evolution #131/132 Reverse Holo CGC 10","0.00","$0.00","$7.20","$7.20 (10/12/2025)","$7.20","$7.20","$7.20","0.00","1","$7.20"
"Tepig 2025 Japanese Scarlet & Violet: White Flare #011/086 Master Ball Reverse Holo PSA 10","0.00","$0.00","$21.50","$21.50 (10/24/2025)","$21.50","$21.50","$21.50","0.00","2","$43.00"
"Snivy 2025 Scarlet & Violet: Black Bolt #001/086 Poke Ball Reverse Holo PSA 10","0.00","$0.00","$21.50","$21.50 (09/30/2025)","$21.50","$21.50","$21.50","0.00","1","$21.50"
"Misty's Gyarados 2025 Scarlet & Violet: Destined Rivals #049/182 Holo PSA 8","0.00","$0.00","$19.99","$19.99 (09/29/2025)","$19.99","$19.99","$19.99","0.00","1","$19.99"
"Team Rocket's Mewtwo ex 2025 Scarlet & Violet: Destined Rivals #240/182 Hyper Rare (Secret) SGC 10","0.00","$0.00","$127.50","$127.50 (10/08/2025)","$127.50","$127.50","$127.50","0.00","1","$127.50"
"Team Rocket's Mewtwo ex 2025 Scarlet & Violet: Destined Rivals #240/182 Hyper Rare (Secret) CGC 9","0.00","$0.00","$91.14","$91.14 (10/05/2025)","$91.14","$91.14","$91.14","0.00","1","$91.14"
"Ceruledge ex 2025 Scarlet & Violet: Prismatic Evolutions #147/131 Special Illustration Rare PSA 8","0.00","$0.00","$95.00","$95.00 (10/07/2025)","$95.00","$95.00","$95.00","0.00","1","$95.00"
"Palpitoad 2025 Scarlet & Violet: Black Bolt #020/086 Master Ball Reverse Holo PSA 10","0.00","$0.00","$26.00","$26.00 (10/21/2025)","$26.00","$26.00","$26.00","0.00","1","$26.00"
"Rotom 2025 Scarlet & Violet: Destined Rivals #197/182 Illustration Rare CGC 9","0.00","$0.00","$8.50","$8.50 (10/20/2025)","$8.50","$8.50","$8.50","0.00","1","$8.50"
"Mandibuzz 2025 Japanese Scarlet & Violet: Black Bolt #064/086 Reverse Holo CGC 10","0.00","$0.00","$10.80","$10.80 (09/28/2025)","$10.80","$10.80","$10.80","0.00","1","$10.80"
"Shroodle 2025 Mega Evolution #091/132 Reverse Holo CGC 9.5","0.00","$0.00","$6.00","$6.00 (10/12/2025)","$6.00","$6.00","$6.00","0.00","1","$6.00"
"Volcanion ex 2025 Japanese Scarlet & Violet: Battle Partners #113/100 Super Rare (Full Art) PSA 9","0.00","$0.00","$9.00","$9.00 (10/18/2025)","$9.00","$9.00","$9.00","0.00","1","$9.00"
"Tyme 2025 Scarlet & Violet: Prismatic Evolutions #143/131 Ultra Rare (Full Art) PSA 10","0.00","$0.00","$39.99","$39.99 (10/15/2025)","$39.99","$39.99","$39.99","0.00","1","$39.99"
"Yanmega ex 2025 Japanese Scarlet & Violet: Heat Wave Arena #003/063 Double Rare PSA 10","0.00","$0.00","$19.99","$19.99 (10/07/2025)","$19.99","$19.99","$19.99","-50.00","1","$19.99"
"Iris's Fighting Spirit 2025 Japanese Scarlet & Violet: Battle Partners #121/100 Super Rare (Full Art) PSA 8","0.00","$0.00","$7.51","$7.51 (10/04/2025)","$7.51","$7.51","$7.51","0.00","1","$7.51"
"Acerola's Mischief 2025 Japanese Mega Symphonia #84/63 Super Rare (Full Art) PSA 10","0.00","$0.00","$100.00","$100.00 (10/22/2025)","$112.26","$96.55","$180.00","0.00","6","$673.55"
"Arven's Skwovet 2025 Scarlet & Violet: Destined Rivals #158/182 Base PSA 10","0.00","$0.00","$24.99","$24.99 (10/23/2025)","$24.99","$24.99","$24.99","0.00","1","$24.99"
"Great Tusk 2025 Scarlet & Violet: Prismatic Evolutions #055/131 Poke Ball Reverse Holo PSA 9","0.00","$0.00","$10.00","$10.00 (10/13/2025)","$10.00","$10.00","$10.00","0.00","1","$10.00"
"Excadrill ex 2025 Scarlet & Violet: Black Bolt #046/086 Double Rare PSA 10","0.00","$0.00","$104.50","$104.50 (09/26/2025)","$104.50","$104.50","$104.50","0.00","1","$104.50"
"Excadrill ex 2025 Scarlet & Violet: Black Bolt #046/086 Double Rare PSA 8","0.00","$0.00","$40.00","$40.00 (10/20/2025)","$40.00","$40.00","$40.00","0.00","1","$40.00"
"Zorua 2025 Japanese Scarlet & Violet: White Flare #140/086 Art Rare PSA 10","0.00","$0.00","$54.99","$54.99 (10/21/2025)","$54.99","$54.99","$54.99","0.00","1","$54.99"
"Roaring Moon 2025 Scarlet & Violet: Prismatic Evolutions #065/131 Master Ball Reverse Holo PSA 8","0.00","$0.00","$8.00","$8.00 (10/12/2025)","$8.00","$8.00","$8.00","0.00","1","$8.00"
"Alakazam 2025 Japanese Mega Symphonia #71/63 Art Rare CGC 9.5","0.00","$0.00","$17.40","$17.40 (10/12/2025)","$17.40","$12.00","$22.80","0.00","2","$34.80"
"Pansage 2025 Scarlet & Violet: Black Bolt #004/086 Master Ball Reverse Holo PSA 9","0.00","$0.00","$11.50","$11.50 (10/20/2025)","$11.50","$11.50","$11.50","0.00","1","$11.50"
"Friends in Paldea 2025 Scarlet & Violet: Prismatic Evolutions #109/131 Poke Ball Reverse Holo PSA 10","0.00","$0.00","$40.00","$40.00 (10/01/2025)","$40.00","$40.00","$40.00","0.00","1","$40.00"
"Rescue Board 2025 Scarlet & Violet: Prismatic Evolutions #126/131 Reverse Holo CGC 9.5","0.00","$0.00","$6.00","$6.00 (10/12/2025)","$6.00","$6.00","$6.00","0.00","1","$6.00"
"Landorus 2025 Japanese Scarlet & Violet: Black Bolt #137/086 Art Rare PSA 9","0.00","$0.00","$19.99","$19.99 (10/23/2025)","$19.99","$19.99","$19.99","0.00","1","$19.99"
"Swoobat 2025 Scarlet & Violet: White Flare #037/086 Poke Ball Reverse Holo PSA 8","0.00","$0.00","$8.16","$8.16 (10/20/2025)","$8.16","$8.16","$8.16","0.00","1","$8.16"
"Carracosta 2025 Japanese Scarlet & Violet: Black Bolt #111/086 Art Rare PSA 10","0.00","$0.00","$32.00","$32.00 (10/05/2025)","$32.00","$32.00","$32.00","0.00","1","$32.00"
"Spritzee 2025 Scarlet & Violet: Prismatic Evolutions #038/131 Reverse Holo CGC 10","0.00","$0.00","$8.40","$8.40 (09/28/2025)","$8.40","$8.40","$8.40","0.00","1","$8.40"
"Mimikyu ex 2025 Scarlet & Violet: Journey Together #069/159 Double Rare PSA 10","0.00","$0.00","$80.00","$80.00 (10/13/2025)","$80.00","$80.00","$80.00","-66.67","1","$80.00"
"Mimikyu ex 2025 Scarlet & Violet: Journey Together #069/159 Double Rare PSA 7","0.00","$0.00","$8.50","$8.50 (10/01/2025)","$8.50","$8.50","$8.50","0.00","1","$8.50"
"Lunatone 2025 Mega Evolution #074/132 Reverse Holo CGC 9","0.00","$0.00","$6.00","$6.00 (10/12/2025)","$6.00","$6.00","$6.00","0.00","1","$6.00"
"Team Rocket's Venture Bomb 2025 Scarlet & Violet: Destined Rivals #179/182 Base PSA 10","0.00","$0.00","$20.75","$20.75 (10/09/2025)","$20.75","$16.50","$25.00","0.00","2","$41.50"
"Dondozo ex 2025 Japanese Scarlet & Violet: Heat Wave Arena #078/063 Super Rare (Full Art) PSA 10","0.00","$0.00","$35.06","$35.06 (10/13/2025)","$35.06","$35.06","$35.06","0.00","1","$35.06"
"Deerling 2025 Scarlet & Violet: White Flare #006/086 Master Ball Reverse Holo PSA 9","0.00","$0.00","$14.38","$14.38 (10/16/2025)","$14.38","$14.38","$14.38","0.00","1","$14.38"
"Cynthia's Roselia 2025 Scarlet & Violet: Destined Rivals #007/182 Base PSA 9","0.00","$0.00","$10.50","$10.50 (10/07/2025)","$10.50","$10.50","$10.50","0.00","1","$10.50"
"Sylveon 2025 Scarlet & Violet: Prismatic Evolutions #040/131 Reverse Holo PSA 10","0.00","$0.00","$40.00","$40.00 (09/28/2025)","$40.00","$40.00","$40.00","0.00","1","$40.00"
"Misty's Psyduck 2025 Scarlet & Violet: Destined Rivals #045/182 Base PSA 10","0.00","$0.00","$74.67","$74.67 (10/09/2025)","$74.67","$74.67","$74.67","0.00","1","$74.67"
"Samurott 2025 Scarlet & Violet: White Flare #023/086 Holo PSA 9","0.00","$0.00","$7.50","$7.50 (10/21/2025)","$7.50","$7.50","$7.50","0.00","1","$7.50"
"Groudon 2025 Scarlet & Violet: Prismatic Evolutions #049/131 Reverse Holo CGC 10","0.00","$0.00","$11.00","$11.00 (10/14/2025)","$11.00","$11.00","$11.00","0.00","1","$11.00"
"Judge 2025 Japanese Scarlet & Violet: Heat Wave Arena #083/063 Super Rare (Full Art) CGC 10","0.00","$0.00","$7.50","$7.50 (10/11/2025)","$7.50","$7.50","$7.50","0.00","1","$7.50"
"Simisage 2025 Japanese Scarlet & Violet: Black Bolt #005/086 Master Ball Reverse Holo CGC 10","0.00","$0.00","$10.49","$10.49 (09/26/2025)","$10.49","$10.49","$10.49","0.00","1","$10.49"
"Drayton 2025 Scarlet & Violet: Prismatic Evolutions #172/131 Special Illustration Rare PSA 9","0.00","$0.00","$22.00","$22.00 (10/15/2025)","$22.00","$22.00","$22.00","0.00","1","$22.00"
"Haxorus 2025 Japanese Scarlet & Violet: Black Bolt #072/086 Reverse Holo CGC 7.5","0.00","$0.00","$11.00","$11.00 (10/13/2025)","$11.00","$11.00","$11.00","0.00","1","$11.00"
"Audino 2025 Scarlet & Violet: Black Bolt #151/086 Illustration Rare CGC 9","0.00","$0.00","$18.00","$18.00 (10/21/2025)","$18.00","$18.00","$18.00","0.00","2","$36.00"
"Rapidash 2025 Scarlet & Violet: Destined Rivals #189/182 Illustration Rare BGS 9.5","0.00","$0.00","$20.50","$20.50 (10/23/2025)","$20.50","$20.50","$20.50","0.00","1","$20.50"
"Venipede 2025 Scarlet & Violet: Black Bolt #132/086 Illustration Rare PSA 10","0.00","$0.00","$84.99","$84.99 (10/23/2025)","$84.99","$84.99","$84.99","0.00","1","$84.99"
"Venipede 2025 Scarlet & Violet: Black Bolt #132/086 Illustration Rare CGC 9","0.00","$0.00","$9.60","$9.60 (10/19/2025)","$9.60","$9.60","$9.60","0.00","1","$9.60"
"Team Rocket's Mewtwo ex 2025 Japanese Scarlet & Violet: Glory of Team Rocket #039/098 Double Rare PSA 6","0.00","$0.00","$13.11","$13.11 (10/21/2025)","$13.11","$13.11","$13.11","0.00","1","$13.11"
"Team Rocket's Mewtwo ex 2025 Japanese Scarlet & Violet: Glory of Team Rocket #039/098 Double Rare CGC 9","0.00","$0.00","$15.00","$15.00 (10/18/2025)","$15.00","$15.00","$15.00","0.00","1","$15.00"
"Patrat 2025 Scarlet & Violet: White Flare #152/086 Illustration Rare CGC 9","0.00","$0.00","$15.60","$15.60 (10/05/2025)","$15.60","$15.60","$15.60","-50.00","1","$15.60"
"Volcanion ex 2025 Scarlet & Violet: Journey Together #182/159 Special Illustration Rare CGC 9","0.00","$0.00","$16.50","$16.50 (10/16/2025)","$16.50","$16.50","$16.50","0.00","1","$16.50"
"Samurott 2025 Scarlet & Violet: White Flare #107/086 Illustration Rare PSA 8","0.00","$0.00","$32.00","$32.00 (10/19/2025)","$32.00","$32.00","$32.00","0.00","1","$32.00"
"Samurott 2025 Scarlet & Violet: White Flare #107/086 Illustration Rare CGC 9","0.00","$0.00","$45.60","$45.60 (10/05/2025)","$45.60","$45.60","$45.60","0.00","1","$45.60"
"N's Zoroark ex 2025 Scarlet & Violet: Journey Together #185/159 Special Illustration Rare CGC 9","0.00","$0.00","$58.00","$58.00 (10/17/2025)","$58.00","$58.00","$58.00","0.00","1","$58.00"
"Shuckle 2025 Mega Evolution #136/132 Illustration Rare CGC 10","0.00","$0.00","$49.99","$49.99 (10/19/2025)","$49.99","$49.99","$49.99","0.00","1","$49.99"
"Team Rocket's Orbeetle 2025 Scarlet & Violet: Destined Rivals #198/182 Illustration Rare PSA 8","0.00","$0.00","$13.00","$13.00 (10/15/2025)","$13.00","$13.00","$13.00","-50.00","1","$13.00"
"Team Rocket's Orbeetle 2025 Japanese Scarlet & Violet: Glory of Team Rocket #104/098 Art Rare BGS 9.5","0.00","$0.00","$22.80","$22.80 (09/28/2025)","$22.80","$22.80","$22.80","0.00","1","$22.80"
"Dipplin 2025 Scarlet & Violet: Prismatic Evolutions #010/131 Master Ball Reverse Holo PSA 10","0.00","$0.00","$40.00","$40.00 (10/11/2025)","$40.00","$40.00","$40.00","0.00","2","$80.00"
"Dipplin 2025 Scarlet & Violet: Prismatic Evolutions #010/131 Master Ball Reverse Holo CGC 9","0.00","$0.00","$7.20","$7.20 (09/28/2025)","$7.20","$7.20","$7.20","0.00","1","$7.20"
"Gumshoos 2025 Mega Evolution #153/132 Illustration Rare CGC 10","0.00","$0.00","$39.00","$39.00 (10/13/2025)","$39.00","$39.00","$39.00","0.00","1","$39.00"
"Team Rocket's Proton 2025 Scarlet & Violet: Destined Rivals #227/182 Ultra Rare (Full Art) PSA 8","0.00","$0.00","$11.50","$11.50 (10/04/2025)","$11.50","$11.50","$11.50","0.00","1","$11.50"
"Flareon ex 2025 Scarlet & Violet: Prismatic Evolutions #014/131 Double Rare CGC 9.5","0.00","$0.00","$12.00","$12.00 (09/28/2025)","$12.00","$12.00","$12.00","0.00","1","$12.00"
"Yanma 2025 Scarlet & Violet: Destined Rivals #183/182 Illustration Rare CGC 9.5","0.00","$0.00","$8.00","$8.00 (10/19/2025)","$8.00","$8.00","$8.00","-50.00","1","$8.00"
"Mega Latias ex 2025 Mega Evolution #181/132 Special Illustration Rare PSA 5","0.00","$0.00","$171.50","$171.50 (10/19/2025)","$171.50","$171.50","$171.50","0.00","1","$171.50"
"Kieran 2025 Scarlet & Violet: Prismatic Evolutions #113/131 Reverse Holo CGC 10","0.00","$0.00","$15.60","$15.60 (10/19/2025)","$15.60","$15.60","$15.60","0.00","1","$15.60"
"Iron Boulder 2025 Scarlet & Violet: Prismatic Evolutions #046/131 Poke Ball Reverse Holo PSA 9","0.00","$0.00","$1.25","$1.25 (10/19/2025)","$1.25","$1.25","$1.25","0.00","1","$1.25"
"Flareon ex 2025 Scarlet & Violet: Prismatic Evolutions #146/131 Special Illustration Rare BGS 9","0.00","$0.00","$175.00","$175.00 (10/16/2025)","$175.00","$175.00","$175.00","0.00","2","$350.00"
"Flareon ex 2025 Scarlet & Violet: Prismatic Evolutions #146/131 Special Illustration Rare CGC 9.5","0.00","$0.00","$170.00","$170.00 (09/27/2025)","$170.00","$170.00","$170.00","0.00","1","$170.00"
"Dusknoir 2025 Scarlet & Violet: Prismatic Evolutions #037/131 Poke Ball Reverse Holo PSA 9","0.00","$0.00","$5.50","$5.50 (10/04/2025)","$5.50","$5.50","$5.50","0.00","1","$5.50"
"Sewaddle 2025 Scarlet & Violet: White Flare #087/086 Illustration Rare PSA 10","0.00","$0.00","$141.50","$141.50 (10/18/2025)","$141.50","$141.50","$141.50","-50.00","1","$141.50"
"Misty's Psyduck 2025 Japanese Scarlet & Violet: Heat Wave Arena #071/063 Art Rare CGC 9.5","0.00","$0.00","$22.80","$22.80 (10/12/2025)","$22.80","$22.80","$22.80","0.00","1","$22.80"
"Suicune 2025 Scarlet & Violet: Prismatic Evolutions #024/131 Reverse Holo PSA 10","0.00","$0.00","$59.99","$59.99 (10/14/2025)","$59.99","$59.99","$59.99","-66.67","1","$59.99"
"Suicune 2025 Scarlet & Violet: Prismatic Evolutions #024/131 Reverse Holo CGC 10","0.00","$0.00","$19.00","$19.00 (10/07/2025)","$19.00","$19.00","$19.00","0.00","1","$19.00"
"Gothorita 2025 Japanese Scarlet & Violet: White Flare #122/086 Art Rare PSA 9","0.00","$0.00","$22.00","$22.00 (10/13/2025)","$22.00","$22.00","$22.00","-50.00","1","$22.00"
"Hydrapple 2025 Japanese Scarlet & Violet: Heat Wave Arena #068/063 Art Rare PSA 9","0.00","$0.00","$10.00","$10.00 (10/05/2025)","$10.00","$10.00","$10.00","0.00","1","$10.00"
"Mega Charizard X ex 2025 Japanese Mega: Inferno X #13/80 Double Rare BGS 9.5","0.00","$0.00","$165.00","$165.00 (10/10/2025)","$165.00","$165.00","$165.00","0.00","1","$165.00"
"Mega Charizard X ex 2025 Japanese Mega: Inferno X #13/80 Double Rare CGC 10","0.00","$0.00","$85.00","$85.00 (10/23/2025)","$85.00","$85.00","$85.00","0.00","1","$85.00"
"Vanilluxe 2025 Scarlet & Violet: White Flare #113/086 Illustration Rare PSA 9","0.00","$0.00","$29.99","$29.99 (10/24/2025)","$27.24","$18.50","$29.99","100.00","6","$163.47"
"Team Rocket's Mewtwo ex 2025 Japanese Scarlet & Violet: Glory of Team Rocket #114/098 Super Rare (Full Art) PSA 8","0.00","$0.00","$23.50","$23.50 (10/11/2025)","$23.50","$23.50","$23.50","0.00","1","$23.50"
"Simipour 2025 Scarlet & Violet: Black Bolt #102/086 Illustration Rare CGC 9","0.00","$0.00","$10.80","$10.80 (10/19/2025)","$10.80","$10.80","$10.80","0.00","1","$10.80"
"Zweilous 2025 Scarlet & Violet: White Flare #147/086 Illustration Rare CGC 10","0.00","$0.00","$45.00","$45.00 (10/08/2025)","$45.00","$45.00","$45.00","0.00","1","$45.00"
"Team Rocket's Mewtwo ex 2025 Japanese Scarlet & Violet: Glory of Team Rocket #114/098 Super Rare (Full Art) PSA 6","0.00","$0.00","$19.97","$19.97 (09/25/2025)","$19.97","$19.97","$19.97","0.00","1","$19.97"
"Arven's Mabosstiff ex 2025 Scarlet & Violet: Destined Rivals #235/182 Special Illustration Rare CGC 10","0.00","$0.00","$36.00","$36.00 (10/05/2025)","$36.00","$36.00","$36.00","0.00","1","$36.00"
"Noibat 2025 Scarlet & Violet: Prismatic Evolutions #090/131 Poke Ball Reverse Holo CGC 9.5","0.00","$0.00","$4.25","$4.25 (10/20/2025)","$4.25","$4.25","$4.25","0.00","1","$4.25"
"Crustle 2025 Scarlet & Violet: Black Bolt #130/086 Illustration Rare CGC 10","0.00","$0.00","$21.60","$21.60 (10/05/2025)","$21.60","$21.60","$21.60","0.00","1","$21.60"
"Crustle 2025 Scarlet & Violet: Black Bolt #130/086 Illustration Rare CGC 9.5","0.00","$0.00","$10.80","$10.80 (10/12/2025)","$10.80","$10.80","$10.80","0.00","1","$10.80"
"Bulbasaur 2025 Mega Evolution #001/132 Reverse Holo CGC 10","0.00","$0.00","$13.20","$13.20 (10/12/2025)","$13.20","$13.20","$13.20","0.00","1","$13.20"
"Pyroar 2025 Scarlet & Violet: Prismatic Evolutions #016/131 Master Ball Reverse Holo CGC 9","0.00","$0.00","$5.00","$5.00 (10/20/2025)","$5.00","$5.00","$5.00","0.00","1","$5.00"
"Suicune 2025 Scarlet & Violet: Prismatic Evolutions #024/131 Poke Ball Reverse Holo CGC 9.5","0.00","$0.00","$7.50","$7.50 (09/26/2025)","$7.50","$7.50","$7.50","0.00","1","$7.50"
"Alakazam 2025 Mega Evolution #056/132 Holo CGC 10","0.00","$0.00","$13.20","$13.20 (10/12/2025)","$13.20","$13.20","$13.20","0.00","1","$13.20"
"Scolipede 2025 Scarlet & Violet: Black Bolt #134/086 Illustration Rare PSA 8","0.00","$0.00","$11.61","$11.61 (10/14/2025)","$11.61","$11.61","$11.61","0.00","1","$11.61"
"Conkeldurr 2025 Scarlet & Violet: Black Bolt #127/086 Illustration Rare PSA 9","0.00","$0.00","$19.99","$19.99 (10/20/2025)","$19.99","$19.99","$19.99","0.00","1","$19.99"
"Gholdengo ex 2025 Scarlet & Violet: Prismatic Evolutions #164/131 Special Illustration Rare BGS 9","0.00","$0.00","$51.00","$51.00 (10/21/2025)","$51.00","$51.00","$51.00","0.00","1","$51.00"
"Acerola's Mischief 2025 Mega Evolution #165/132 Ultra Rare (Full Art) BGS 9.5","0.00","$0.00","$22.50","$22.50 (10/08/2025)","$22.50","$22.50","$22.50","0.00","1","$22.50"
"Emboar 2025 Japanese Scarlet & Violet: White Flare #098/086 Art Rare CGC 8.5","0.00","$0.00","$8.40","$8.40 (10/05/2025)","$8.40","$8.40","$8.40","0.00","1","$8.40"
"Zekrom ex 2025 Japanese Scarlet & Violet: Black Bolt #174/086 Black White Rare (Secret) PSA 8","0.00","$0.00","$260.00","$260.00 (10/04/2025)","$260.00","$260.00","$260.00","-50.00","1","$260.00"
"Pidove 2025 Scarlet & Violet: Black Bolt #148/086 Illustration Rare PSA 8","0.00","$0.00","$12.50","$12.50 (10/10/2025)","$12.50","$12.50","$12.50","0.00","1","$12.50"
"Pidove 2025 Scarlet & Violet: Black Bolt #148/086 Illustration Rare CGC 10","0.00","$0.00","$20.00","$20.00 (10/24/2025)","$20.00","$20.00","$20.00","0.00","1","$20.00"
"Pidove 2025 Scarlet & Violet: Black Bolt #148/086 Illustration Rare CGC 9","0.00","$0.00","$10.80","$10.80 (10/19/2025)","$10.80","$10.80","$10.80","0.00","1","$10.80"
"Spearow 2025 Mega Evolution #102/132 Reverse Holo CGC 10","0.00","$0.00","$7.20","$7.20 (10/12/2025)","$7.20","$7.20","$7.20","0.00","2","$14.40"
"Ethan's Typhlosion 2025 Scarlet & Violet: Destined Rivals #190/182 Illustration Rare BGS 9","0.00","$0.00","$57.85","$57.85 (10/10/2025)","$57.85","$57.85","$57.85","-66.67","1","$57.85"
"Ethan's Typhlosion 2025 Scarlet & Violet: Destined Rivals #190/182 Illustration Rare BGS 8.5","0.00","$0.00","$24.11","$24.11 (09/25/2025)","$24.11","$24.11","$24.11","0.00","1","$24.11"
"Ethan's Typhlosion 2025 Scarlet & Violet: Destined Rivals #190/182 Illustration Rare CGC 9.5","0.00","$0.00","$79.00","$79.00 (09/25/2025)","$79.00","$79.00","$79.00","-50.00","1","$79.00"
"N's Zoroark ex 2025 Scarlet & Violet: Journey Together #189/159 Hyper Rare (Secret) CGC 9.5","0.00","$0.00","$29.99","$29.99 (10/23/2025)","$29.99","$29.99","$29.99","0.00","1","$29.99"
"Garganacl 2025 Mega Evolution #147/132 Illustration Rare CGC 9.5","0.00","$0.00","$18.00","$18.00 (10/13/2025)","$18.00","$18.00","$18.00","0.00","1","$18.00"
"Swoobat 2025 Scarlet & Violet: White Flare #120/086 Illustration Rare CGC 10","0.00","$0.00","$22.80","$22.80 (09/28/2025)","$22.80","$22.80","$22.80","0.00","1","$22.80"
"Swoobat 2025 Scarlet & Violet: White Flare #120/086 Illustration Rare CGC 9","0.00","$0.00","$10.80","$10.80 (10/19/2025)","$10.80","$10.80","$10.80","-66.67","1","$10.80"
"Dusknoir 2025 Scarlet & Violet: Prismatic Evolutions #037/131 Holo PSA 8","0.00","$0.00","$12.00","$12.00 (10/05/2025)","$12.00","$12.00","$12.00","0.00","1","$12.00"
"Emboar 2025 Japanese Scarlet & Violet: White Flare #013/086 Master Ball Reverse Holo PSA 10","0.00","$0.00","$46.00","$46.00 (10/10/2025)","$46.00","$46.00","$46.00","0.00","1","$46.00"
"Venipede 2025 Japanese Scarlet & Violet: Black Bolt #057/086 Master Ball Reverse Holo CGC 10","0.00","$0.00","$8.50","$8.50 (10/20/2025)","$8.50","$8.50","$8.50","0.00","1","$8.50"
"Hop's Zacian ex 2025 Japanese Scarlet & Violet: Battle Partners #069/100 Double Rare CGC 10","0.00","$0.00","$19.99","$19.99 (10/24/2025)","$19.99","$19.99","$19.99","0.00","1","$19.99"
"Fight Gong 2025 Japanese Mega Brave #82/63 Super Rare (Full Art) PSA 10","0.00","$0.00","$50.00","$50.00 (10/14/2025)","$50.00","$50.00","$50.00","0.00","1","$50.00"
"Garganacl 2025 Japanese Mega Brave #70/63 Art Rare CGC 10","0.00","$0.00","$13.20","$13.20 (10/12/2025)","$13.20","$13.20","$13.20","-50.00","1","$13.20"
"Samurott 2025 Scarlet & Violet: White Flare #107/086 Illustration Rare CGC 8","0.00","$0.00","$32.00","$32.00 (09/26/2025)","$32.00","$32.00","$32.00","0.00","1","$32.00"
"Oshawott 2025 Scarlet & Violet: White Flare #021/086 Base PSA 9","0.00","$0.00","$37.00","$37.00 (10/01/2025)","$37.00","$37.00","$37.00","0.00","1","$37.00"
"Hearthflame Mask Ogerpon ex 2025 Scarlet & Violet: Prismatic Evolutions #017/131 Double Rare CGC 9","0.00","$0.00","$7.20","$7.20 (10/19/2025)","$7.20","$7.20","$7.20","0.00","1","$7.20"
"Serperior ex 2025 Japanese Scarlet & Violet: Black Bolt #003/086 Double Rare PSA 10","0.00","$0.00","$39.99","$39.99 (10/04/2025)","$39.99","$39.99","$39.99","0.00","1","$39.99"
"Dialga 2025 Mega Evolution #095/132 Holo CGC 10","0.00","$0.00","$19.20","$19.20 (10/12/2025)","$19.20","$19.20","$19.20","0.00","1","$19.20"
"Zekrom ex 2025 Scarlet & Violet: Black Bolt #166/086 Special Illustration Rare CGC 8","0.00","$0.00","$180.00","$180.00 (09/28/2025)","$180.00","$180.00","$180.00","0.00","1","$180.00"
"Heatmor 2025 Scarlet & Violet: White Flare #104/086 Illustration Rare PSA 10","0.00","$0.00","$89.00","$89.00 (10/18/2025)","$89.00","$89.00","$89.00","0.00","1","$89.00"
"Cubchoo 2025 Scarlet & Violet: Black Bolt #109/086 Illustration Rare CGC 9","0.00","$0.00","$16.80","$16.80 (10/19/2025)","$16.80","$16.80","$16.80","0.00","1","$16.80"
"Cottonee 2025 Scarlet & Violet: Prismatic Evolutions #007/131 Reverse Holo CGC 9.5","0.00","$0.00","$6.00","$6.00 (10/12/2025)","$6.00","$6.00","$6.00","0.00","1","$6.00"
"Ethan's Adventure 2025 Scarlet & Violet: Destined Rivals #221/182 Ultra Rare (Full Art) PSA 8","0.00","$0.00","$13.33","$13.33 (10/23/2025)","$13.33","$13.33","$13.33","-66.67","1","$13.33"
"Articuno 2025 Japanese Scarlet & Violet: Battle Partners #102/100 Art Rare SGC 10","0.00","$0.00","$26.00","$26.00 (10/07/2025)","$26.00","$26.00","$26.00","0.00","1","$26.00"
"Vanillite 2025 Scarlet & Violet: White Flare #027/086 Master Ball Reverse Holo CGC 9","0.00","$0.00","$6.00","$6.00 (10/05/2025)","$6.00","$6.00","$6.00","0.00","1","$6.00"
"Thundurus 2025 Scarlet & Violet: Black Bolt #033/086 Poke Ball Reverse Holo PSA 10","0.00","$0.00","$23.08","$23.08 (09/30/2025)","$23.08","$23.08","$23.08","0.00","1","$23.08"
"Mega Gardevoir ex 2025 Japanese Mega Symphonia #78/63 Super Rare (Full Art) CGC 10","0.00","$0.00","$25.20","$25.20 (10/05/2025)","$25.20","$25.20","$25.20","-90.91","1","$25.20"
"Cornerstone Mask Ogerpon ex 2025 Scarlet & Violet: Prismatic Evolutions #058/131 Double Rare PSA 8","0.00","$0.00","$9.36","$9.36 (09/27/2025)","$9.36","$9.36","$9.36","0.00","1","$9.36"
"Reshiram ex 2025 Scarlet & Violet: Journey Together #030/159 Double Rare CGC 10","0.00","$0.00","$25.99","$25.99 (10/15/2025)","$25.99","$25.99","$25.99","0.00","1","$25.99"
"Air Balloon 2025 Japanese Mega Brave #84/63 Super Rare (Full Art) CGC 8.5","0.00","$0.00","$7.20","$7.20 (10/12/2025)","$7.20","$7.20","$7.20","0.00","1","$7.20"
"Umbreon ex 2025 Scarlet & Violet: Prismatic Evolutions #060/131 Double Rare CGC 9.5","0.00","$0.00","$18.00","$18.00 (10/19/2025)","$18.00","$18.00","$18.00","-75.00","1","$18.00"
"Cynthia's Garchomp ex 2025 Japanese Scarlet & Violet: Heat Wave Arena #091/063 Ultra Rare (Secret) PSA 9","0.00","$0.00","$16.50","$16.50 (09/30/2025)","$16.50","$16.50","$16.50","0.00","1","$16.50"
"Sylveon 2025 Scarlet & Violet: Prismatic Evolutions #040/131 Reverse Holo CGC 9.5","0.00","$0.00","$8.40","$8.40 (10/12/2025)","$8.40","$7.20","$9.60","0.00","2","$16.80"
"Gothorita 2025 Scarlet & Violet: White Flare #125/086 Illustration Rare PSA 8","0.00","$0.00","$14.50","$14.50 (10/22/2025)","$14.50","$14.50","$14.50","0.00","1","$14.50"
"Mega Abomasnow ex 2025 Japanese Mega Symphonia #76/63 Super Rare (Full Art) CGC 10","0.00","$0.00","$19.71","$19.71 (10/12/2025)","$19.71","$16.80","$25.20","600.00","7","$138.00"
"Rescue Board 2025 Scarlet & Violet: Prismatic Evolutions #126/131 Poke Ball Reverse Holo PSA 8","0.00","$0.00","$9.99","$9.99 (10/17/2025)","$9.99","$9.99","$9.99","0.00","1","$9.99"
"Duraludon 2025 Scarlet & Violet: Prismatic Evolutions #069/131 Master Ball Reverse Holo PSA 10","0.00","$0.00","$37.00","$37.00 (09/29/2025)","$37.00","$37.00","$37.00","0.00","1","$37.00"
"Haxorus 2025 Japanese Scarlet & Violet: Black Bolt #152/086 Art Rare PSA 8","0.00","$0.00","$10.50","$10.50 (10/17/2025)","$10.50","$10.50","$10.50","0.00","1","$10.50"
"Scrafty 2025 Scarlet & Violet: White Flare #139/086 Illustration Rare PSA 10","0.00","$0.00","$130.00","$130.00 (10/13/2025)","$130.00","$130.00","$130.00","0.00","1","$130.00"
"Scrafty 2025 Scarlet & Violet: White Flare #139/086 Illustration Rare PSA 9","0.00","$0.00","$16.40","$16.40 (10/18/2025)","$16.40","$16.40","$16.40","0.00","1","$16.40"
"Klink 2025 Scarlet & Violet: Black Bolt #061/086 Master Ball Reverse Holo PSA 10","0.00","$0.00","$33.00","$33.00 (09/28/2025)","$33.00","$33.00","$33.00","0.00","1","$33.00"
"Team Rocket's Murkrow 2025 Japanese Scarlet & Violet: Glory of Team Rocket #106/098 Art Rare CGC 9.5","0.00","$0.00","$12.00","$12.00 (10/12/2025)","$12.00","$12.00","$12.00","0.00","1","$12.00"
"Fraxure 2025 Japanese Scarlet & Violet: Black Bolt #151/086 Art Rare CGC 9.5","0.00","$0.00","$6.42","$6.42 (10/22/2025)","$6.42","$6.42","$6.42","0.00","1","$6.42"
"Sylveon ex 2025 Scarlet & Violet: Prismatic Evolutions #041/131 Double Rare CGC 9","0.00","$0.00","$10.50","$10.50 (10/16/2025)","$10.50","$10.50","$10.50","-50.00","1","$10.50"
"Cynthia's Garchomp ex 2025 Scarlet & Violet: Destined Rivals #232/182 Special Illustration Rare BGS 10 Pristine","0.00","$0.00","$1249.99","$1249.99 (10/14/2025)","$1249.99","$1249.99","$1249.99","0.00","1","$1249.99"
"Stoutland 2025 Japanese Scarlet & Violet: White Flare #155/086 Art Rare PSA 9","0.00","$0.00","$9.99","$9.99 (09/26/2025)","$9.99","$9.99","$9.99","0.00","1","$9.99"
"Electrike 2025 Japanese Scarlet & Violet: Heat Wave Arena #073/063 Art Rare PSA 9","0.00","$0.00","$18.99","$18.99 (10/06/2025)","$18.99","$18.99","$18.99","-50.00","1","$18.99"
"Iris's Fighting Spirit 2025 Japanese Scarlet & Violet: Battle Partners #121/100 Super Rare (Full Art) CGC 10","0.00","$0.00","$22.14","$22.14 (10/15/2025)","$22.14","$22.14","$22.14","0.00","1","$22.14"
"Rare Candy 2025 Japanese Mega Symphonia #82/63 Super Rare (Full Art) CGC 10","0.00","$0.00","$9.60","$9.60 (10/12/2025)","$9.60","$9.60","$9.60","0.00","2","$19.20"
"Vanillish 2025 Japanese Scarlet & Violet: White Flare #109/086 Art Rare PSA 9","0.00","$0.00","$4.99","$4.99 (10/05/2025)","$4.99","$4.99","$4.99","0.00","1","$4.99"
"Friends in Paldea 2025 Scarlet & Violet: Prismatic Evolutions #137/131 Ultra Rare (Full Art) CGC 10","0.00","$0.00","$25.00","$25.00 (10/15/2025)","$25.00","$25.00","$25.00","0.00","1","$25.00"
"Zekrom ex 2025 Scarlet & Violet: Black Bolt #034/086 Double Rare PSA 8","0.00","$0.00","$38.00","$38.00 (10/20/2025)","$38.00","$38.00","$38.00","0.00","1","$38.00"
"Marshadow 2025 Mega Evolution #080/132 Reverse Holo CGC 10","0.00","$0.00","$8.40","$8.40 (10/12/2025)","$8.40","$8.40","$8.40","0.00","1","$8.40"
"Mimikyu ex 2025 Scarlet & Violet: Journey Together #069/159 Double Rare BGS 9","0.00","$0.00","$8.50","$8.50 (10/04/2025)","$8.50","$8.50","$8.50","0.00","1","$8.50"
"Zebstrika 2025 Japanese Scarlet & Violet: White Flare #112/086 Art Rare BGS 10 Pristine","0.00","$0.00","$49.99","$49.99 (10/13/2025)","$49.99","$49.99","$49.99","0.00","1","$49.99"
"Clamperl 2025 Scarlet & Violet: Destined Rivals #195/182 Illustration Rare PSA 7","0.00","$0.00","$9.95","$9.95 (10/14/2025)","$9.95","$9.95","$9.95","0.00","1","$9.95"
"Mega Latias ex 2025 Japanese Mega Symphonia #79/63 Super Rare (Full Art) PSA 9","0.00","$0.00","$23.50","$23.50 (10/10/2025)","$23.50","$23.50","$23.50","0.00","1","$23.50"
"Mega Latias ex 2025 Japanese Mega Symphonia #79/63 Super Rare (Full Art) CGC 9.5","0.00","$0.00","$30.80","$30.80 (10/05/2025)","$30.80","$22.80","$46.80","0.00","3","$92.40"
"Mega Latias ex 2025 Japanese Mega Symphonia #79/63 Super Rare (Full Art) CGC 9","0.00","$0.00","$14.40","$14.40 (10/12/2025)","$14.40","$14.40","$14.40","0.00","1","$14.40"
"Spiritomb 2025 Japanese Mega Brave #71/63 Art Rare CGC 9","0.00","$0.00","$9.60","$9.60 (10/12/2025)","$9.60","$9.60","$9.60","0.00","1","$9.60"
"Sewaddle 2025 Scarlet & Violet: White Flare #087/086 Illustration Rare PSA 8","0.00","$0.00","$6.50","$6.50 (10/24/2025)","$6.50","$6.50","$6.50","0.00","1","$6.50"
"Rufflet 2025 Scarlet & Violet: Black Bolt #154/086 Illustration Rare CGC 9","0.00","$0.00","$9.60","$9.60 (10/05/2025)","$9.60","$9.60","$9.60","0.00","1","$9.60"
"Lillipup 2025 Scarlet & Violet: White Flare #074/086 Poke Ball Reverse Holo CGC 9","0.00","$0.00","$9.60","$9.60 (09/28/2025)","$9.60","$9.60","$9.60","0.00","1","$9.60"
"Gothorita 2025 Japanese Scarlet & Violet: White Flare #122/086 Art Rare CGC 10","0.00","$0.00","$9.50","$9.50 (10/22/2025)","$9.50","$9.50","$9.50","0.00","2","$19.00"
"Yanmega ex 2025 Scarlet & Violet: Destined Rivals #206/182 Ultra Rare (Full Art) CGC 10","0.00","$0.00","$18.00","$18.00 (09/29/2025)","$18.00","$18.00","$18.00","0.00","1","$18.00"
"Yanmega ex 2025 Scarlet & Violet: Destined Rivals #206/182 Ultra Rare (Full Art) CGC 9","0.00","$0.00","$3.00","$3.00 (10/20/2025)","$3.00","$3.00","$3.00","0.00","1","$3.00"
"Alomomola 2025 Scarlet & Violet: Black Bolt #108/086 Illustration Rare PSA 9","0.00","$0.00","$17.00","$17.00 (10/22/2025)","$17.00","$17.00","$17.00","0.00","1","$17.00"
"Kangaskhan 2025 Japanese Scarlet & Violet: Glory of Team Rocket #110/098 Art Rare PSA 9","0.00","$0.00","$15.00","$15.00 (10/19/2025)","$15.00","$15.00","$15.00","-50.00","1","$15.00"
"Alomomola 2025 Scarlet & Violet: Black Bolt #108/086 Illustration Rare PSA 10","0.00","$0.00","$249.99","$249.99 (10/11/2025)","$249.99","$249.99","$249.99","0.00","1","$249.99"
"Vaporeon ex 2025 Scarlet & Violet: Prismatic Evolutions #149/131 Special Illustration Rare SGC 9","0.00","$0.00","$192.00","$192.00 (09/28/2025)","$192.00","$192.00","$192.00","0.00","1","$192.00"
"Vaporeon ex 2025 Scarlet & Violet: Prismatic Evolutions #149/131 Special Illustration Rare CGC 10","0.00","$0.00","$456.00","$456.00 (10/12/2025)","$456.00","$456.00","$456.00","-66.67","1","$456.00"
"Vaporeon ex 2025 Scarlet & Violet: Prismatic Evolutions #149/131 Special Illustration Rare CGC 9.5","0.00","$0.00","$370.00","$370.00 (10/02/2025)","$370.00","$370.00","$370.00","0.00","1","$370.00"
"Boss's Orders 2025 Mega Evolution #114/132 Reverse Holo (Ghetsis) CGC 10","0.00","$0.00","$7.20","$7.20 (10/12/2025)","$7.20","$7.20","$7.20","0.00","1","$7.20"
"Tympole 2025 Scarlet & Violet: Black Bolt #019/086 Master Ball Reverse Holo PSA 9","0.00","$0.00","$10.50","$10.50 (10/22/2025)","$10.50","$10.50","$10.50","0.00","1","$10.50"
"Veluza ex 2025 Scarlet & Violet: Journey Together #043/159 Double Rare CGC 9","0.00","$0.00","$7.20","$7.20 (10/19/2025)","$7.20","$7.20","$7.20","0.00","1","$7.20"
"Mega Venusaur ex 2025 Japanese Mega Brave #76/63 Super Rare (Full Art) PSA 9","0.00","$0.00","$17.50","$17.50 (10/22/2025)","$17.50","$17.50","$17.50","0.00","1","$17.50"
"Tympole 2025 Scarlet & Violet: Black Bolt #019/086 Master Ball Reverse Holo CGC 9","0.00","$0.00","$8.40","$8.40 (10/05/2025)","$8.40","$8.40","$8.40","0.00","1","$8.40"
"Mystery Garden 2025 Japanese Mega Symphonia #86/63 Super Rare (Full Art) PSA 9","0.00","$0.00","$7.50","$7.50 (10/23/2025)","$7.50","$7.50","$7.50","0.00","1","$7.50"
"Buneary 2025 Scarlet & Violet: Prismatic Evolutions #083/131 Master Ball Reverse Holo PSA 9","0.00","$0.00","$2.00","$2.00 (10/24/2025)","$2.00","$2.00","$2.00","0.00","1","$2.00"
"Serperior ex 2025 Japanese Scarlet & Violet: Black Bolt #159/086 Super Rare (Full Art) CGC 10","0.00","$0.00","$10.01","$10.01 (10/18/2025)","$10.01","$10.01","$10.01","0.00","1","$10.01"
"Keldeo ex 2025 Japanese Scarlet & Violet: White Flare #169/086 Special Art Rare CGC 9.5","0.00","$0.00","$34.00","$34.00 (10/11/2025)","$34.00","$34.00","$34.00","0.00","1","$34.00"
"Clawitzer 2025 Japanese Mega Symphonia #68/63 Art Rare CGC 9.5","0.00","$0.00","$9.60","$9.60 (10/05/2025)","$9.60","$9.60","$9.60","0.00","1","$9.60"
"Litwick 2025 Japanese Scarlet & Violet: Black Bolt #100/086 Art Rare CGC 10","0.00","$0.00","$18.01","$18.01 (10/24/2025)","$18.01","$18.01","$18.01","0.00","1","$18.01"
"Marnie's Grimmsnarl ex 2025 Scarlet & Violet: Destined Rivals #136/182 Double Rare CGC 10","0.00","$0.00","$16.80","$16.80 (10/19/2025)","$16.80","$16.80","$16.80","-66.67","1","$16.80"
"Ethan's Ho-Oh ex 2025 Scarlet & Violet: Destined Rivals #230/182 Special Illustration Rare BGS 9.5","0.00","$0.00","$220.00","$220.00 (10/16/2025)","$220.00","$220.00","$220.00","0.00","1","$220.00"
"Ethan's Ho-Oh ex 2025 Scarlet & Violet: Destined Rivals #230/182 Special Illustration Rare CGC 9","0.00","$0.00","$228.00","$228.00 (09/28/2025)","$228.00","$228.00","$228.00","-50.00","1","$228.00"
"Electrike 2025 Scarlet & Violet: Destined Rivals #196/182 Illustration Rare CGC 10","0.00","$0.00","$22.80","$22.80 (09/28/2025)","$22.80","$22.80","$22.80","0.00","1","$22.80"
"Electrike 2025 Scarlet & Violet: Destined Rivals #196/182 Illustration Rare CGC 9.5","0.00","$0.00","$28.00","$28.00 (09/25/2025)","$28.00","$28.00","$28.00","0.00","1","$28.00"
"Electrike 2025 Scarlet & Violet: Destined Rivals #196/182 Illustration Rare CGC 9","0.00","$0.00","$10.50","$10.50 (10/20/2025)","$10.50","$10.50","$10.50","0.00","1","$10.50"
"Meloetta ex 2025 Scarlet & Violet: Black Bolt #159/086 Ultra Rare (Full Art) PSA 8","0.00","$0.00","$12.49","$12.49 (10/11/2025)","$12.49","$12.49","$12.49","0.00","1","$12.49"
"Gurdurr 2025 Scarlet & Violet: Black Bolt #126/086 Illustration Rare PSA 7","0.00","$0.00","$50.00","$50.00 (10/12/2025)","$50.00","$50.00","$50.00","0.00","1","$50.00"
"Mega Kangaskhan ex 2025 Japanese Mega Symphonia #89/63 Special Art Rare CGC 10","0.00","$0.00","$60.00","$60.00 (10/13/2025)","$66.72","$60.00","$79.20","-28.57","5","$333.60"
"Mega Kangaskhan ex 2025 Japanese Mega Symphonia #89/63 Special Art Rare CGC 9.5","0.00","$0.00","$45.00","$45.00 (09/30/2025)","$45.00","$45.00","$45.00","0.00","1","$45.00"
"Team Rocket's Zapdos 2025 Japanese Scarlet & Violet: Glory of Team Rocket #033/098 Holo PSA 10","0.00","$0.00","$38.38","$38.38 (10/12/2025)","$38.38","$38.38","$38.38","0.00","1","$38.38"
"Team Rocket's Moltres ex 2025 Scarlet & Violet: Destined Rivals #229/182 Special Illustration Rare BGS 9.5","0.00","$0.00","$420.00","$420.00 (09/26/2025)","$420.00","$420.00","$420.00","0.00","1","$420.00"
"Team Rocket's Moltres ex 2025 Scarlet & Violet: Destined Rivals #229/182 Special Illustration Rare BGS 8","0.00","$0.00","$155.50","$155.50 (10/08/2025)","$155.50","$155.50","$155.50","0.00","1","$155.50"
"Team Rocket's Moltres ex 2025 Scarlet & Violet: Destined Rivals #229/182 Special Illustration Rare CGC 8.5","0.00","$0.00","$150.00","$150.00 (10/05/2025)","$150.00","$150.00","$150.00","0.00","1","$150.00"
"Snover 2025 Japanese Mega Symphonia #67/63 Art Rare CGC 9","0.00","$0.00","$9.60","$9.60 (10/12/2025)","$9.60","$9.60","$9.60","0.00","1","$9.60"
"Delibird 2025 Japanese Mega Symphonia #74/63 Art Rare CGC 9","0.00","$0.00","$12.00","$12.00 (10/05/2025)","$12.00","$12.00","$12.00","0.00","1","$12.00"
"Kyogre 2025 Japanese Mega Symphonia #16/63 Holo PSA 10","0.00","$0.00","$145.00","$145.00 (10/12/2025)","$145.00","$145.00","$145.00","0.00","1","$145.00"
"Mega Manectric ex 2025 Mega Evolution #050/132 Double Rare CGC 9","0.00","$0.00","$8.40","$8.40 (10/12/2025)","$8.40","$8.40","$8.40","0.00","1","$8.40"
"Cynthia's Roserade 2025 Scarlet & Violet: Destined Rivals #184/182 Illustration Rare CGC 9.5","0.00","$0.00","$12.75","$12.75 (10/05/2025)","$12.75","$12.75","$12.75","0.00","1","$12.75"
"Shedinja 2025 Japanese Mega Symphonia #72/63 Art Rare CGC 10","0.00","$0.00","$13.20","$13.20 (10/12/2025)","$13.20","$13.20","$13.20","0.00","3","$39.60"
"Shedinja 2025 Japanese Mega Symphonia #72/63 Art Rare CGC 9.5","0.00","$0.00","$10.80","$10.80 (10/12/2025)","$10.80","$10.80","$10.80","0.00","1","$10.80"
"Shedinja 2025 Japanese Mega Symphonia #72/63 Art Rare CGC 9","0.00","$0.00","$9.60","$9.60 (10/12/2025)","$9.60","$9.60","$9.60","0.00","2","$19.20"
"Whimsicott ex 2025 Scarlet & Violet: White Flare #157/086 Ultra Rare (Full Art) CGC 10","0.00","$0.00","$17.00","$17.00 (09/30/2025)","$17.00","$17.00","$17.00","0.00","1","$17.00"
"Lycanroc 2025 Japanese Scarlet & Violet: Battle Partners #107/100 Art Rare CGC 9.5","0.00","$0.00","$12.00","$12.00 (09/30/2025)","$12.00","$12.00","$12.00","0.00","1","$12.00"
"Vullaby 2025 Scarlet & Violet: White Flare #144/086 Illustration Rare PSA 9","0.00","$0.00","$20.50","$20.50 (10/20/2025)","$20.50","$20.50","$20.50","0.00","1","$20.50"
"Reshiram ex 2025 Scarlet & Violet: White Flare #173/086 Black White Rare (Secret) BGS 10 Pristine","0.00","$0.00","$1725.00","$1725.00 (10/05/2025)","$1725.00","$1725.00","$1725.00","-50.00","1","$1725.00"
"Reshiram ex 2025 Scarlet & Violet: White Flare #173/086 Black White Rare (Secret) CGC 9.5","0.00","$0.00","$450.00","$450.00 (10/07/2025)","$450.00","$450.00","$450.00","0.00","1","$450.00"
"Vullaby 2025 Scarlet & Violet: White Flare #144/086 Illustration Rare CGC 9","0.00","$0.00","$12.00","$12.00 (09/28/2025)","$12.00","$12.00","$12.00","0.00","1","$12.00"
"Shroodle 2025 Japanese Mega Brave #72/63 Art Rare CGC 10","0.00","$0.00","$12.50","$12.50 (10/20/2025)","$12.50","$12.50","$12.50","-75.00","1","$12.50"
"Tyranitar ex 2025 Scarlet & Violet: Prismatic Evolutions #064/131 Double Rare CGC 10","0.00","$0.00","$24.99","$24.99 (10/20/2025)","$24.99","$24.99","$24.99","0.00","1","$24.99"
"Rapidash 2025 Scarlet & Violet: Destined Rivals #189/182 Illustration Rare PSA 5","0.00","$0.00","$8.50","$8.50 (10/16/2025)","$8.50","$8.50","$8.50","0.00","1","$8.50"
"Hop's Snorlax 2025 Japanese Scarlet & Violet: Battle Partners #075/100 Holo CGC 9","0.00","$0.00","$6.00","$6.00 (10/05/2025)","$6.00","$6.00","$6.00","0.00","1","$6.00"
"Hop's Snorlax 2025 Japanese Scarlet & Violet: Battle Partners #075/100 Holo CGC 8.5","0.00","$0.00","$12.00","$12.00 (09/28/2025)","$12.00","$12.00","$12.00","0.00","1","$12.00"
"Ethan's Typhlosion 2025 Japanese Scarlet & Violet: Heat Wave Arena #070/063 Art Rare BGS 10 Pristine","0.00","$0.00","$119.99","$119.99 (10/08/2025)","$119.99","$119.99","$119.99","0.00","1","$119.99"
"Ethan's Typhlosion 2025 Japanese Scarlet & Violet: Heat Wave Arena #070/063 Art Rare CGC 9.5","0.00","$0.00","$27.00","$27.00 (09/27/2025)","$27.00","$27.00","$27.00","0.00","1","$27.00"
"Dwebble 2025 Scarlet & Violet: Black Bolt #129/086 Illustration Rare CGC 10","0.00","$0.00","$108.00","$108.00 (10/19/2025)","$108.00","$108.00","$108.00","0.00","1","$108.00"
"Dwebble 2025 Scarlet & Violet: Black Bolt #129/086 Illustration Rare CGC 9","0.00","$0.00","$20.40","$20.40 (10/05/2025)","$20.40","$20.40","$20.40","0.00","1","$20.40"
"Umbreon 2025 Scarlet & Violet: Prismatic Evolutions #059/131 Master Ball Reverse Holo BGS 9.5","0.00","$0.00","$125.00","$125.00 (10/20/2025)","$125.00","$125.00","$125.00","0.00","1","$125.00"
"Boldore 2025 Japanese Scarlet & Violet: White Flare #044/086 Master Ball Reverse Holo CGC 10","0.00","$0.00","$9.50","$9.50 (10/22/2025)","$9.50","$9.50","$9.50","0.00","1","$9.50"
"Ortega 2025 Scarlet & Violet: Prismatic Evolutions #141/131 Ultra Rare (Full Art) CGC 10","0.00","$0.00","$11.00","$11.00 (10/21/2025)","$11.00","$11.00","$11.00","0.00","1","$11.00"
"Ortega 2025 Scarlet & Violet: Prismatic Evolutions #141/131 Ultra Rare (Full Art) CGC 9","0.00","$0.00","$9.60","$9.60 (10/05/2025)","$9.60","$9.60","$9.60","0.00","1","$9.60"
"Levincia 2025 Scarlet & Violet: Destined Rivals #244/182 Hyper Rare (Secret) PSA 8","0.00","$0.00","$18.56","$18.56 (10/08/2025)","$18.56","$18.56","$18.56","0.00","1","$18.56"
"Team Rocket's Orbeetle 2025 Scarlet & Violet: Destined Rivals #198/182 Illustration Rare CGC 9.5","0.00","$0.00","$12.00","$12.00 (09/28/2025)","$12.00","$12.00","$12.00","0.00","1","$12.00"
"Blitzle 2025 Scarlet & Violet: White Flare #114/086 Illustration Rare CGC 9.5","0.00","$0.00","$12.00","$12.00 (10/19/2025)","$12.00","$12.00","$12.00","0.00","1","$12.00"
"Dusclops 2025 Scarlet & Violet: Prismatic Evolutions #036/131 Master Ball Reverse Holo PSA 10","0.00","$0.00","$72.19","$72.19 (10/12/2025)","$72.19","$72.19","$72.19","0.00","1","$72.19"
"Umbreon 2025 Scarlet & Violet: Prismatic Evolutions #059/131 Holo CGC 9.5","0.00","$0.00","$16.00","$16.00 (10/11/2025)","$16.00","$16.00","$16.00","-50.00","1","$16.00"
"Krookodile 2025 Japanese Scarlet & Violet: Black Bolt #143/086 Art Rare PSA 8","0.00","$0.00","$9.50","$9.50 (10/19/2025)","$9.50","$9.50","$9.50","0.00","1","$9.50"
"Iono's Bellibolt ex 2025 Scarlet & Violet: Journey Together #188/159 Hyper Rare (Secret) CGC 10","0.00","$0.00","$51.00","$51.00 (10/14/2025)","$51.00","$51.00","$51.00","0.00","1","$51.00"
"Cubchoo 2025 Scarlet & Violet: Black Bolt #025/086 Poke Ball Reverse Holo PSA 10","0.00","$0.00","$16.23","$16.23 (10/17/2025)","$16.23","$16.23","$16.23","0.00","1","$16.23"
"Mega Lucario ex 2025 Mega Evolution #179/132 Special Illustration Rare CGC 9","0.00","$0.00","$499.00","$499.00 (10/14/2025)","$499.00","$499.00","$499.00","0.00","1","$499.00"
"Team Rocket's Mewtwo ex 2025 Japanese Scarlet & Violet: Glory of Team Rocket #125/098 Special Art Rare BGS 10 Pristine","0.00","$0.00","$672.60","$672.60 (09/25/2025)","$672.60","$672.60","$672.60","-50.00","1","$672.60"
"Wailord 2025 Japanese Scarlet & Violet: Battle Partners #103/100 Art Rare PSA 6","0.00","$0.00","$6.00","$6.00 (10/09/2025)","$6.00","$6.00","$6.00","0.00","1","$6.00"
"Wailord 2025 Japanese Scarlet & Violet: Battle Partners #103/100 Art Rare BGS 10 Pristine","0.00","$0.00","$60.00","$60.00 (10/07/2025)","$60.00","$60.00","$60.00","-50.00","1","$60.00"
"N's PP Up 2025 Scarlet & Violet: Journey Together #153/159 Reverse Holo PSA 10","0.00","$0.00","$127.50","$127.50 (10/13/2025)","$127.50","$127.50","$127.50","-50.00","1","$127.50"
"Wailord 2025 Japanese Scarlet & Violet: Battle Partners #103/100 Art Rare BGS 9","0.00","$0.00","$17.00","$17.00 (10/13/2025)","$17.00","$17.00","$17.00","0.00","1","$17.00"
"Lt. Surge's Deal 2025 Japanese Mega Brave #85/63 Super Rare (Full Art) PSA 10","0.00","$0.00","$50.00","$50.00 (10/09/2025)","$50.00","$50.00","$50.00","0.00","1","$50.00"
"Arven's Greedent 2025 Scarlet & Violet: Destined Rivals #205/182 Illustration Rare CGC 9","0.00","$0.00","$14.00","$14.00 (10/05/2025)","$14.00","$14.00","$14.00","-50.00","1","$14.00"
"Heatmor 2025 Scarlet & Violet: White Flare #104/086 Illustration Rare CGC 9","0.00","$0.00","$9.60","$9.60 (10/05/2025)","$9.60","$9.60","$9.60","0.00","2","$19.20"
"Lillie's Determination 2025 Mega Evolution #169/132 Ultra Rare (Full Art) PSA 9","0.00","$0.00","$44.50","$44.50 (10/19/2025)","$44.50","$44.00","$45.00","0.00","2","$89.00"
"Tynamo 2025 Scarlet & Violet: Black Bolt #030/086 Master Ball Reverse Holo PSA 10","0.00","$0.00","$3.99","$3.99 (10/21/2025)","$3.99","$3.99","$3.99","0.00","1","$3.99"
"Mimikyu ex 2025 Scarlet & Violet: Journey Together #069/159 Double Rare CGC 9","0.00","$0.00","$9.60","$9.60 (10/05/2025)","$9.60","$9.60","$9.60","0.00","1","$9.60"
"Krokorok 2025 Scarlet & Violet: Black Bolt #058/086 Poke Ball Reverse Holo PSA 8","0.00","$0.00","$40.00","$40.00 (10/22/2025)","$40.00","$40.00","$40.00","0.00","1","$40.00"
"Hop's Zacian ex 2025 Scarlet & Violet: Journey Together #111/159 Double Rare PSA 8","0.00","$0.00","$10.50","$10.50 (10/12/2025)","$10.50","$10.50","$10.50","-50.00","1","$10.50"
"Hilda 2025 Japanese Scarlet & Violet: White Flare #166/086 Super Rare (Full Art) CGC 9.5","0.00","$0.00","$18.99","$18.99 (10/09/2025)","$18.99","$18.99","$18.99","0.00","1","$18.99"
"Elgyem 2025 Japanese Scarlet & Violet: Black Bolt #126/086 Art Rare PSA 10","0.00","$0.00","$40.00","$40.00 (10/15/2025)","$40.00","$40.00","$40.00","0.00","1","$40.00"
"Team Rocket's Porygon 2025 Scarlet & Violet: Destined Rivals #153/182 Base PSA 10","0.00","$0.00","$74.99","$74.99 (10/11/2025)","$74.99","$74.99","$74.99","0.00","1","$74.99"
"Tepig 2025 Scarlet & Violet: White Flare #011/086 Poke Ball Reverse Holo PSA 9","0.00","$0.00","$8.50","$8.50 (10/21/2025)","$8.50","$8.50","$8.50","0.00","1","$8.50"
"Eevee ex 2025 Scarlet & Violet: Prismatic Evolutions #167/131 Special Illustration Rare BGS 9.5","0.00","$0.00","$240.00","$240.00 (10/03/2025)","$240.00","$240.00","$240.00","0.00","1","$240.00"
"Spike Energy 2025 Japanese Scarlet & Violet: Battle Partners #132/100 Ultra Rare (Secret) PSA 9","0.00","$0.00","$10.00","$10.00 (10/01/2025)","$10.00","$10.00","$10.00","0.00","1","$10.00"
"Team Rocket's Giovanni 2025 Scarlet & Violet: Destined Rivals #238/182 Special Illustration Rare PSA 8","0.00","$0.00","$36.00","$36.00 (10/01/2025)","$36.00","$36.00","$36.00","0.00","1","$36.00"
"Team Rocket's Mewtwo ex 2025 Scarlet & Violet: Destined Rivals #231/182 Special Illustration Rare BGS 9","0.00","$0.00","$600.00","$600.00 (10/07/2025)","$600.00","$600.00","$600.00","0.00","1","$600.00"
"Oshawott 2025 Scarlet & Violet: White Flare #021/086 Base PSA 8","0.00","$0.00","$40.00","$40.00 (10/21/2025)","$40.00","$40.00","$40.00","0.00","1","$40.00"
"Team Rocket's Tyranitar 2025 Scarlet & Violet: Destined Rivals #096/182 Holo PSA 8","0.00","$0.00","$24.99","$24.99 (10/03/2025)","$24.99","$24.99","$24.99","0.00","1","$24.99"
"Leafeon 2025 Scarlet & Violet: Prismatic Evolutions #005/131 Reverse Holo PSA 10","0.00","$0.00","$36.10","$36.10 (10/03/2025)","$36.10","$36.10","$36.10","-66.67","1","$36.10"
"Unfezant 2025 Japanese Scarlet & Violet: Black Bolt #155/086 Art Rare PSA 8","0.00","$0.00","$8.27","$8.27 (10/22/2025)","$8.27","$8.27","$8.27","0.00","1","$8.27"
"Unfezant 2025 Japanese Scarlet & Violet: Black Bolt #155/086 Art Rare CGC 9.5","0.00","$0.00","$4.24","$4.24 (10/14/2025)","$4.24","$4.24","$4.24","0.00","1","$4.24"
"Dawn 2025 Japanese Mega: Inferno X #115/80 Special Art Rare CGC 10","0.00","$0.00","$74.00","$74.00 (10/20/2025)","$74.00","$70.00","$78.00","0.00","2","$148.00"
"Mega Kangaskhan ex 2025 Mega Evolution #182/132 Special Illustration Rare BGS 10 Pristine","0.00","$0.00","$709.00","$709.00 (10/15/2025)","$709.00","$709.00","$709.00","0.00","1","$709.00"
"Shaymin 2025 Japanese Scarlet & Violet: Heat Wave Arena #066/063 Art Rare BGS 9.5","0.00","$0.00","$19.50","$19.50 (10/04/2025)","$19.50","$19.50","$19.50","0.00","1","$19.50"
"Stoutland 2025 Scarlet & Violet: White Flare #156/086 Illustration Rare PSA 10","0.00","$0.00","$91.00","$91.00 (10/12/2025)","$91.00","$91.00","$91.00","-50.00","1","$91.00"
"Shaymin 2025 Japanese Scarlet & Violet: Heat Wave Arena #066/063 Art Rare CGC 10","0.00","$0.00","$24.99","$24.99 (10/08/2025)","$24.99","$24.99","$24.99","0.00","1","$24.99"
"Vullaby 2025 Japanese Scarlet & Violet: Black Bolt #144/086 Art Rare PSA 9","0.00","$0.00","$13.06","$13.06 (10/18/2025)","$13.06","$13.06","$13.06","0.00","1","$13.06"
"Espeon 2025 Scarlet & Violet: Prismatic Evolutions #033/131 Reverse Holo CGC 9","0.00","$0.00","$7.20","$7.20 (10/12/2025)","$7.20","$7.20","$7.20","0.00","1","$7.20"
"Joltik 2025 Japanese Scarlet & Violet: White Flare #113/086 Art Rare PSA 10","0.00","$0.00","$45.00","$45.00 (10/20/2025)","$45.00","$45.00","$45.00","-50.00","1","$45.00"
"Harlequin 2025 Japanese Scarlet & Violet: White Flare #165/086 Super Rare (Full Art) PSA 10","0.00","$0.00","$50.00","$50.00 (10/21/2025)","$42.33","$26.99","$50.00","50.00","3","$126.99"
"Virizion 2025 Scarlet & Violet: White Flare #010/086 Master Ball Reverse Holo PSA 10","0.00","$0.00","$26.00","$26.00 (10/19/2025)","$26.00","$26.00","$26.00","0.00","1","$26.00"
"Samurott 2025 Japanese Scarlet & Violet: White Flare #020/086 Master Ball Reverse Holo CGC 10","0.00","$0.00","$17.00","$17.00 (10/05/2025)","$17.00","$17.00","$17.00","0.00","1","$17.00"
"Samurott 2025 Japanese Scarlet & Violet: White Flare #020/086 Master Ball Reverse Holo CGC 9.5","0.00","$0.00","$5.99","$5.99 (10/09/2025)","$5.99","$5.99","$5.99","0.00","1","$5.99"
"Team Rocket's Murkrow 2025 Japanese Scarlet & Violet: Glory of Team Rocket #106/098 Art Rare BGS 10 Pristine","0.00","$0.00","$66.61","$66.61 (10/24/2025)","$66.61","$66.61","$66.61","0.00","1","$66.61"
"Roaring Moon ex 2025 Scarlet & Violet: Prismatic Evolutions #162/131 Special Illustration Rare CGC 9.5","0.00","$0.00","$247.50","$247.50 (10/05/2025)","$247.50","$247.50","$247.50","0.00","1","$247.50"
"Gurdurr 2025 Japanese Scarlet & Violet: Black Bolt #051/086 Master Ball Reverse Holo PSA 8","0.00","$0.00","$25.00","$25.00 (10/23/2025)","$25.00","$25.00","$25.00","0.00","1","$25.00"
"Great Tusk 2025 Scarlet & Violet: Prismatic Evolutions #055/131 Base PSA 10","0.00","$0.00","$54.99","$54.99 (10/17/2025)","$54.99","$54.99","$54.99","0.00","1","$54.99"
"Electivire ex 2025 Scarlet & Violet: Destined Rivals #069/182 Double Rare PSA 9","0.00","$0.00","$10.50","$10.50 (09/30/2025)","$10.50","$10.50","$10.50","0.00","1","$10.50"
"Bouffalant ex 2025 Scarlet & Violet: White Flare #162/086 Ultra Rare (Full Art) PSA 9","0.00","$0.00","$12.00","$12.00 (10/20/2025)","$12.00","$12.00","$12.00","-50.00","1","$12.00"
"Volcarona 2025 Japanese Scarlet & Violet: Black Bolt #104/086 Art Rare CGC 10","0.00","$0.00","$10.50","$10.50 (10/20/2025)","$10.50","$10.50","$10.50","-50.00","1","$10.50"
"Reshiram ex 2025 Japanese Scarlet & Violet: White Flare #017/086 Double Rare PSA 9","0.00","$0.00","$14.50","$14.50 (10/15/2025)","$14.50","$14.50","$14.50","0.00","1","$14.50"
"Clauncher 2025 Mega Evolution #037/132 Reverse Holo CGC 8.5","0.00","$0.00","$6.00","$6.00 (10/12/2025)","$6.00","$6.00","$6.00","0.00","1","$6.00"
"Klink 2025 Japanese Scarlet & Violet: White Flare #146/086 Art Rare PSA 10","0.00","$0.00","$25.00","$25.00 (10/12/2025)","$25.00","$25.00","$25.00","0.00","1","$25.00"
"Cynthia's Garchomp ex 2025 Japanese Scarlet & Violet: Heat Wave Arena #087/063 Special Art Rare PSA 9","0.00","$0.00","$205.88","$205.88 (10/02/2025)","$205.88","$205.88","$205.88","0.00","1","$205.88"
"Mega Lucario ex 2025 Mega Evolution #160/132 Ultra Rare (Full Art) CGC 10","0.00","$0.00","$79.00","$79.00 (10/14/2025)","$79.00","$79.00","$79.00","0.00","1","$79.00"
"Zamazenta 2025 Scarlet & Violet: Destined Rivals #201/182 Illustration Rare CGC 8.5","0.00","$0.00","$10.80","$10.80 (10/19/2025)","$10.80","$10.80","$10.80","0.00","1","$10.80"
"Ethan's Pichu 2025 Scarlet & Violet: Destined Rivals #071/182 Base PSA 9","0.00","$0.00","$18.50","$18.50 (09/30/2025)","$18.50","$18.50","$18.50","0.00","1","$18.50"
"Genesect ex 2025 Scarlet & Violet: Black Bolt #067/086 Double Rare PSA 10","0.00","$0.00","$64.00","$64.00 (09/28/2025)","$64.00","$64.00","$64.00","0.00","1","$64.00"
"Genesect ex 2025 Scarlet & Violet: Black Bolt #067/086 Double Rare PSA 9","0.00","$0.00","$29.99","$29.99 (10/08/2025)","$29.99","$29.99","$29.99","0.00","1","$29.99"
"Yanmega ex 2025 Scarlet & Violet: Destined Rivals #003/182 Double Rare PSA 10","0.00","$0.00","$33.70","$33.70 (10/09/2025)","$33.70","$22.50","$44.90","0.00","2","$67.40"
"Cubchoo 2025 Japanese Scarlet & Violet: Black Bolt #113/086 Art Rare PSA 9","0.00","$0.00","$14.50","$14.50 (10/07/2025)","$14.50","$14.50","$14.50","0.00","1","$14.50"
"Haxorus 2025 Scarlet & Violet: Black Bolt #147/086 Illustration Rare CGC 10","0.00","$0.00","$72.00","$72.00 (10/05/2025)","$72.00","$72.00","$72.00","0.00","2","$144.00"
"Karrablast 2025 Scarlet & Violet: Black Bolt #009/086 Master Ball Reverse Holo PSA 10","0.00","$0.00","$20.80","$20.80 (10/19/2025)","$20.80","$20.80","$20.80","0.00","1","$20.80"
"Leafeon ex 2025 Scarlet & Violet: Prismatic Evolutions #006/131 Double Rare BGS 9.5","0.00","$0.00","$24.95","$24.95 (10/15/2025)","$24.95","$24.95","$24.95","0.00","1","$24.95"
"Lillie's Clefairy ex 2025 Scarlet & Violet: Journey Together #056/159 Double Rare SGC 10","0.00","$0.00","$14.00","$14.00 (10/22/2025)","$14.00","$14.00","$14.00","0.00","1","$14.00"
"Zoroark 2025 Japanese Scarlet & Violet: White Flare #059/086 Master Ball Reverse Holo PSA 10","0.00","$0.00","$26.50","$26.50 (10/24/2025)","$26.50","$26.00","$27.00","0.00","2","$53.00"
"Excadrill ex 2025 Scarlet & Violet: Black Bolt #046/086 Double Rare PSA 9","0.00","$0.00","$55.00","$55.00 (09/26/2025)","$55.00","$55.00","$55.00","0.00","1","$55.00"
"Clawitzer 2025 Japanese Mega Symphonia #68/63 Art Rare PSA 10","0.00","$0.00","$55.00","$55.00 (10/05/2025)","$55.00","$55.00","$55.00","0.00","1","$55.00"
"Fraxure 2025 Scarlet & Violet: Black Bolt #146/086 Illustration Rare PSA 9","0.00","$0.00","$20.37","$20.37 (10/24/2025)","$20.37","$20.37","$20.37","0.00","1","$20.37"
"Fraxure 2025 Scarlet & Violet: Black Bolt #146/086 Illustration Rare PSA 8","0.00","$0.00","$14.50","$14.50 (10/15/2025)","$14.50","$14.50","$14.50","0.00","1","$14.50"
"Team Rocket's Nidoking ex 2025 Scarlet & Violet: Destined Rivals #119/182 Double Rare CGC 9.5","0.00","$0.00","$9.60","$9.60 (09/28/2025)","$9.60","$9.60","$9.60","0.00","1","$9.60"
"Ducklett 2025 Japanese Scarlet & Violet: White Flare #022/086 Master Ball Reverse Holo CGC 8","0.00","$0.00","$5.50","$5.50 (10/21/2025)","$5.50","$5.50","$5.50","0.00","1","$5.50"
"N's Plot 2025 Japanese Scarlet & Violet: Black Bolt #173/086 Special Art Rare PSA 10","0.00","$0.00","$190.00","$190.00 (10/23/2025)","$190.00","$190.00","$190.00","-80.00","1","$190.00"
"Leafeon 2025 Scarlet & Violet: Prismatic Evolutions #005/131 Holo CGC 9.5","0.00","$0.00","$8.00","$8.00 (09/26/2025)","$8.00","$8.00","$8.00","-66.67","1","$8.00"
"Sewaddle 2025 Japanese Scarlet & Violet: White Flare #087/086 Art Rare CGC 10","0.00","$0.00","$15.00","$15.00 (10/05/2025)","$15.00","$14.40","$15.60","0.00","2","$30.00"
"Mega Charizard X ex 2025 Japanese Mega: Inferno X #13/80 Double Rare BGS 10 Pristine","0.00","$0.00","$180.00","$180.00 (10/12/2025)","$180.00","$180.00","$180.00","0.00","1","$180.00"
"Sawk 2025 Scarlet & Violet: White Flare #130/086 Illustration Rare PSA 10","0.00","$0.00","$81.00","$81.00 (10/17/2025)","$81.00","$81.00","$81.00","0.00","1","$81.00"
"Applin 2025 Scarlet & Violet: Prismatic Evolutions #009/131 Poke Ball Reverse Holo PSA 9","0.00","$0.00","$13.42","$13.42 (10/17/2025)","$13.42","$13.42","$13.42","0.00","1","$13.42"
"Team Rocket's Petrel 2025 Japanese Scarlet & Violet: Glory of Team Rocket #122/098 Super Rare (Full Art) CGC 10","0.00","$0.00","$27.99","$27.99 (10/24/2025)","$27.99","$27.99","$27.99","0.00","1","$27.99"
"Techno Radar 2025 Scarlet & Violet: Prismatic Evolutions #130/131 Reverse Holo CGC 9","0.00","$0.00","$7.20","$7.20 (10/19/2025)","$7.20","$7.20","$7.20","0.00","1","$7.20"
"Mega Gardevoir ex 2025 Mega Evolution #159/132 Ultra Rare (Full Art) PSA 10","0.00","$0.00","$305.00","$305.00 (10/16/2025)","$305.00","$305.00","$305.00","0.00","1","$305.00"
"Umbreon 2025 Scarlet & Violet: Prismatic Evolutions #059/131 Holo PSA 8","0.00","$0.00","$19.99","$19.99 (10/06/2025)","$19.99","$19.99","$19.99","-66.67","1","$19.99"
"Applin 2025 Scarlet & Violet: Prismatic Evolutions #009/131 Master Ball Reverse Holo PSA 10","0.00","$0.00","$33.00","$33.00 (09/27/2025)","$33.00","$33.00","$33.00","-50.00","1","$33.00"
"Ethan's Adventure 2025 Scarlet & Violet: Destined Rivals #236/182 Special Illustration Rare PSA 7","0.00","$0.00","$46.13","$46.13 (10/04/2025)","$46.13","$46.13","$46.13","0.00","1","$46.13"
"Drilbur 2025 Japanese Scarlet & Violet: Black Bolt #130/086 Art Rare CGC 10","0.00","$0.00","$10.51","$10.51 (10/18/2025)","$10.51","$10.51","$10.51","0.00","1","$10.51"
"Sylveon ex 2025 Scarlet & Violet: Prismatic Evolutions #156/131 Special Illustration Rare BGS 9","0.00","$0.00","$336.00","$336.00 (10/03/2025)","$336.00","$336.00","$336.00","-50.00","1","$336.00"
"Wailord 2025 Scarlet & Violet: Journey Together #041/159 Holo CGC 9","0.00","$0.00","$30.00","$30.00 (09/29/2025)","$30.00","$30.00","$30.00","0.00","1","$30.00"
"Unfezant 2025 Scarlet & Violet: Black Bolt #150/086 Illustration Rare PSA 9","0.00","$0.00","$20.50","$20.50 (10/01/2025)","$20.50","$20.50","$20.50","0.00","1","$20.50"
"Xerneas 2025 Mega Evolution #064/132 Holo CGC 10","0.00","$0.00","$12.60","$12.60 (10/12/2025)","$12.60","$12.00","$13.20","0.00","2","$25.20"
"N's Plot 2025 Japanese Scarlet & Violet: Black Bolt #165/086 Super Rare (Full Art) PSA 9","0.00","$0.00","$16.50","$16.50 (09/28/2025)","$16.50","$16.50","$16.50","0.00","1","$16.50"
"Rapidash 2025 Japanese Scarlet & Violet: Heat Wave Arena #069/063 Art Rare CGC 8","0.00","$0.00","$8.40","$8.40 (10/12/2025)","$8.40","$8.40","$8.40","0.00","1","$8.40"
"Zekrom ex 2025 Scarlet & Violet: Black Bolt #034/086 Double Rare PSA 7","0.00","$0.00","$9.95","$9.95 (10/09/2025)","$9.95","$9.95","$9.95","0.00","2","$19.90"
"Team Rocket's Wobbuffet 2025 Scarlet & Violet: Destined Rivals #082/182 Holo PSA 10","0.00","$0.00","$55.00","$55.00 (10/22/2025)","$55.00","$55.00","$55.00","0.00","1","$55.00"
"Raging Bolt ex 2025 Scarlet & Violet: Prismatic Evolutions #166/131 Special Illustration Rare PSA 8","0.00","$0.00","$58.05","$58.05 (10/12/2025)","$58.05","$58.05","$58.05","-66.67","1","$58.05"
"Sigilyph 2025 Scarlet & Violet: White Flare #038/086 Poke Ball Reverse Holo CGC 8","0.00","$0.00","$7.20","$7.20 (09/28/2025)","$7.20","$7.20","$7.20","0.00","1","$7.20"
"Team Rocket's Persian ex 2025 Scarlet & Violet: Destined Rivals #150/182 Double Rare BGS 9","0.00","$0.00","$11.00","$11.00 (10/20/2025)","$11.00","$11.00","$11.00","0.00","1","$11.00"
"Frillish 2025 Scarlet & Violet: White Flare #126/086 Illustration Rare PSA 10","0.00","$0.00","$56.00","$56.00 (10/07/2025)","$56.00","$56.00","$56.00","0.00","1","$56.00"
"Lillipup 2025 Scarlet & Violet: White Flare #154/086 Illustration Rare PSA 9","0.00","$0.00","$27.00","$27.00 (10/19/2025)","$27.00","$27.00","$27.00","0.00","1","$27.00"
"Mamoswine ex 2025 Japanese Scarlet & Violet: Battle Partners #116/100 Super Rare (Full Art) CGC 9","0.00","$0.00","$14.99","$14.99 (10/10/2025)","$14.99","$14.99","$14.99","0.00","1","$14.99"
"Terrakion 2025 Scarlet & Violet: White Flare #054/086 Poke Ball Reverse Holo CGC 9","0.00","$0.00","$9.60","$9.60 (09/28/2025)","$9.60","$9.60","$9.60","0.00","1","$9.60"
"Dhelmise 2025 Mega Evolution #018/132 Reverse Holo CGC 10","0.00","$0.00","$7.20","$7.20 (10/12/2025)","$7.20","$7.20","$7.20","0.00","2","$14.40"
"Riolu 2025 Scarlet & Violet: Prismatic Evolutions #050/131 Master Ball Reverse Holo CGC 9.5","0.00","$0.00","$13.20","$13.20 (10/05/2025)","$13.20","$13.20","$13.20","0.00","1","$13.20"
"Noctowl 2025 Scarlet & Violet: Prismatic Evolutions #078/131 Holo CGC 8.5","0.00","$0.00","$5.00","$5.00 (10/13/2025)","$5.00","$5.00","$5.00","0.00","1","$5.00"
"Noctowl 2025 Scarlet & Violet: Prismatic Evolutions #078/131 Holo CGC 8","0.00","$0.00","$5.00","$5.00 (10/22/2025)","$5.00","$5.00","$5.00","0.00","1","$5.00"
"Swanna 2025 Japanese Scarlet & Violet: White Flare #023/086 Master Ball Reverse Holo PSA 10","0.00","$0.00","$29.00","$29.00 (10/21/2025)","$29.00","$29.00","$29.00","0.00","1","$29.00"
"Larvitar 2025 Scarlet & Violet: Prismatic Evolutions #047/131 Poke Ball Reverse Holo PSA 8","0.00","$0.00","$4.99","$4.99 (10/04/2025)","$4.99","$4.99","$4.99","0.00","1","$4.99"
"Reshiram ex 2025 Japanese Scarlet & Violet: White Flare #168/086 Special Art Rare BGS 10 Black Label","0.00","$0.00","$3730.00","$3730.00 (10/05/2025)","$3730.00","$3730.00","$3730.00","0.00","1","$3730.00"
"Palpitoad 2025 Japanese Scarlet & Violet: Black Bolt #108/086 Art Rare CGC 10","0.00","$0.00","$34.99","$34.99 (10/05/2025)","$34.99","$34.99","$34.99","0.00","1","$34.99"
"Lacey 2025 Scarlet & Violet: Prismatic Evolutions #175/131 Special Illustration Rare CGC 10","0.00","$0.00","$70.00","$70.00 (10/10/2025)","$70.00","$70.00","$70.00","0.00","1","$70.00"
"Noctowl 2025 Scarlet & Violet: Prismatic Evolutions #078/131 Master Ball Reverse Holo PSA 8","0.00","$0.00","$10.00","$10.00 (10/22/2025)","$10.00","$10.00","$10.00","0.00","1","$10.00"
"Raikou 2025 Mega Evolution #048/132 Reverse Holo CGC 10","0.00","$0.00","$13.20","$13.20 (10/12/2025)","$13.20","$13.20","$13.20","0.00","1","$13.20"
"Virizion 2025 Scarlet & Violet: White Flare #010/086 Holo PSA 9","0.00","$0.00","$15.00","$15.00 (10/21/2025)","$15.00","$15.00","$15.00","0.00","1","$15.00"
"Ethan's Pichu 2025 Scarlet & Violet: Destined Rivals #071/182 Reverse Holo PSA 10","0.00","$0.00","$69.99","$69.99 (10/21/2025)","$69.99","$69.99","$69.99","0.00","1","$69.99"
"Durant 2025 Scarlet & Violet: White Flare #150/086 Illustration Rare PSA 7","0.00","$0.00","$10.00","$10.00 (10/13/2025)","$10.00","$10.00","$10.00","0.00","1","$10.00"
"Tyme 2025 Scarlet & Violet: Prismatic Evolutions #143/131 Ultra Rare (Full Art) CGC 10","0.00","$0.00","$24.99","$24.99 (10/24/2025)","$24.99","$24.99","$24.99","0.00","1","$24.99"
"Hop's Zacian ex 2025 Japanese Scarlet & Violet: Battle Partners #128/100 Special Art Rare PSA 9","0.00","$0.00","$30.00","$30.00 (10/05/2025)","$30.00","$30.00","$30.00","0.00","1","$30.00"
"Hop's Zacian ex 2025 Japanese Scarlet & Violet: Battle Partners #128/100 Special Art Rare CGC 10","0.00","$0.00","$69.99","$69.99 (10/24/2025)","$69.99","$69.99","$69.99","-50.00","1","$69.99"
"Volcarona 2025 Japanese Scarlet & Violet: Black Bolt #019/086 Reverse Holo CGC 10","0.00","$0.00","$31.20","$31.20 (09/28/2025)","$31.20","$31.20","$31.20","0.00","1","$31.20"
"Seaking 2025 Scarlet & Violet: Prismatic Evolutions #021/131 Master Ball Reverse Holo CGC 10","0.00","$0.00","$19.00","$19.00 (10/22/2025)","$19.00","$19.00","$19.00","0.00","1","$19.00"
"Eevee 2025 Scarlet & Violet: Prismatic Evolutions #074/131 Poke Ball Reverse Holo PSA 7","0.00","$0.00","$9.01","$9.01 (09/26/2025)","$9.01","$9.01","$9.01","0.00","1","$9.01"
"Marshadow 2025 Mega Evolution #146/132 Illustration Rare PSA 9","0.00","$0.00","$89.00","$89.00 (10/19/2025)","$89.00","$89.00","$89.00","0.00","1","$89.00"
"Gumshoos 2025 Japanese Mega Brave #75/63 Art Rare PSA 9","0.00","$0.00","$37.00","$37.00 (10/17/2025)","$37.00","$37.00","$37.00","0.00","1","$37.00"
"Lycanroc 2025 Scarlet & Violet: Journey Together #085/159 Holo PSA 8","0.00","$0.00","$5.51","$5.51 (10/03/2025)","$5.51","$5.51","$5.51","0.00","1","$5.51"
"Simisear 2025 Japanese Scarlet & Violet: White Flare #100/086 Art Rare CGC 10","0.00","$0.00","$13.50","$13.50 (10/20/2025)","$13.50","$13.50","$13.50","0.00","1","$13.50"
"Keldeo ex 2025 Japanese Scarlet & Violet: White Flare #161/086 Super Rare (Full Art) PSA 10","0.00","$0.00","$29.00","$29.00 (10/19/2025)","$29.00","$29.00","$29.00","0.00","1","$29.00"
"Iono's Bellibolt ex 2025 Japanese Scarlet & Violet: Battle Partners #114/100 Super Rare (Full Art) CGC 9","0.00","$0.00","$13.00","$13.00 (10/15/2025)","$13.00","$13.00","$13.00","0.00","1","$13.00"
"Rotom 2025 Scarlet & Violet: Destined Rivals #197/182 Illustration Rare PSA 8","0.00","$0.00","$15.98","$15.98 (10/21/2025)","$13.50","$9.06","$15.98","0.00","5","$67.51"
"Iono's Bellibolt ex 2025 Scarlet & Violet: Journey Together #183/159 Special Illustration Rare CGC 10","0.00","$0.00","$79.50","$79.50 (10/06/2025)","$79.50","$79.50","$79.50","-50.00","1","$79.50"
"Stunfisk 2025 Japanese Scarlet & Violet: White Flare #115/086 Art Rare PSA 9","0.00","$0.00","$13.80","$13.80 (10/19/2025)","$13.80","$13.80","$13.80","0.00","1","$13.80"
"Vaporeon ex 2025 Scarlet & Violet: Prismatic Evolutions #023/131 Double Rare BGS 9","0.00","$0.00","$24.99","$24.99 (10/23/2025)","$24.99","$24.99","$24.99","0.00","1","$24.99"
"Yanma 2025 Japanese Scarlet & Violet: Heat Wave Arena #064/063 Art Rare CGC 9.5","0.00","$0.00","$8.50","$8.50 (10/21/2025)","$8.50","$8.50","$8.50","0.00","1","$8.50"
"Gimmighoul 2025 Mega Evolution #067/132 Reverse Holo CGC 9","0.00","$0.00","$6.00","$6.00 (10/12/2025)","$6.00","$6.00","$6.00","0.00","1","$6.00"
"Mega Lucario ex 2025 Mega Evolution #188/132 Mega Hyper Rare (Secret) PSA 8","0.00","$0.00","$515.00","$515.00 (10/22/2025)","$515.00","$515.00","$515.00","0.00","1","$515.00"
"Crustle 2025 Japanese Scarlet & Violet: Heat Wave Arena #067/063 Art Rare BGS 9","0.00","$0.00","$10.49","$10.49 (10/04/2025)","$10.49","$10.49","$10.49","0.00","1","$10.49"
"Team Rocket's Giovanni 2025 Scarlet & Violet: Destined Rivals #225/182 Ultra Rare (Full Art) PSA 7","0.00","$0.00","$8.16","$8.16 (10/19/2025)","$8.16","$8.16","$8.16","-50.00","1","$8.16"
"Samurott 2025 Japanese Scarlet & Violet: White Flare #020/086 Reverse Holo CGC 9","0.00","$0.00","$13.00","$13.00 (09/28/2025)","$13.00","$13.00","$13.00","0.00","1","$13.00"
"Zweilous 2025 Japanese Scarlet & Violet: White Flare #143/086 Art Rare CGC 8","0.00","$0.00","$6.50","$6.50 (10/10/2025)","$6.50","$6.50","$6.50","0.00","1","$6.50"
"Arboliva ex 2025 Scarlet & Violet: Destined Rivals #207/182 Ultra Rare (Full Art) CGC 10","0.00","$0.00","$29.99","$29.99 (10/20/2025)","$29.99","$29.99","$29.99","0.00","1","$29.99"
"Houndour 2025 Scarlet & Violet: Prismatic Evolutions #062/131 Master Ball Reverse Holo CGC 9.5","0.00","$0.00","$7.50","$7.50 (09/27/2025)","$7.50","$7.50","$7.50","-50.00","1","$7.50"
"Team Rocket's Orbeetle 2025 Japanese Scarlet & Violet: Glory of Team Rocket #104/098 Art Rare CGC 9.5","0.00","$0.00","$10.80","$10.80 (10/19/2025)","$10.80","$10.80","$10.80","0.00","1","$10.80"
"Janine's Secret Art 2025 Scarlet & Violet: Prismatic Evolutions #173/131 Special Illustration Rare PSA 8","0.00","$0.00","$22.50","$22.50 (10/06/2025)","$22.50","$22.50","$22.50","0.00","1","$22.50"
"Amarys 2025 Scarlet & Violet: Prismatic Evolutions #170/131 Special Illustration Rare PSA 6","0.00","$0.00","$8.50","$8.50 (10/09/2025)","$8.50","$8.50","$8.50","0.00","1","$8.50"
"Amarys 2025 Scarlet & Violet: Prismatic Evolutions #170/131 Special Illustration Rare CGC 8.5","0.00","$0.00","$10.80","$10.80 (10/19/2025)","$10.80","$10.80","$10.80","0.00","1","$10.80"
"Mandibuzz 2025 Scarlet & Violet: White Flare #064/086 Poke Ball Reverse Holo CGC 10","0.00","$0.00","$14.40","$14.40 (10/19/2025)","$14.40","$14.40","$14.40","0.00","1","$14.40"
"Hilda 2025 Japanese Scarlet & Violet: White Flare #166/086 Super Rare (Full Art) PSA 8","0.00","$0.00","$15.50","$15.50 (10/04/2025)","$15.50","$15.50","$15.50","-50.00","1","$15.50"
"Whimsicott ex 2025 Japanese Scarlet & Violet: White Flare #159/086 Super Rare (Full Art) CGC 10","0.00","$0.00","$10.51","$10.51 (10/18/2025)","$10.51","$10.51","$10.51","0.00","1","$10.51"
"Chandelure 2025 Scarlet & Violet: White Flare #018/086 Holo CGC 10","0.00","$0.00","$17.00","$17.00 (10/22/2025)","$17.00","$17.00","$17.00","0.00","1","$17.00"
"Umbreon ex 2025 Scarlet & Violet: Prismatic Evolutions #060/131 Double Rare CGC 9","0.00","$0.00","$13.00","$13.00 (09/26/2025)","$13.00","$13.00","$13.00","-66.67","1","$13.00"
"Mega Absol ex 2025 Japanese Mega Brave #89/63 Special Art Rare CGC 9.5","0.00","$0.00","$40.00","$40.00 (10/19/2025)","$40.00","$40.00","$40.00","0.00","1","$40.00"
"Lillie's Clefairy ex 2025 Scarlet & Violet: Journey Together #056/159 Double Rare CGC 10","0.00","$0.00","$16.00","$16.00 (10/07/2025)","$16.00","$16.00","$16.00","-50.00","1","$16.00"
"Briar 2025 Scarlet & Violet: Prismatic Evolutions #100/131 Poke Ball Reverse Holo CGC 9.5","0.00","$0.00","$7.20","$7.20 (10/19/2025)","$7.20","$7.20","$7.20","0.00","1","$7.20"
"Pawniard 2025 Japanese Scarlet & Violet: Black Bolt #147/086 Art Rare CGC 9","0.00","$0.00","$11.07","$11.07 (10/14/2025)","$11.07","$11.07","$11.07","0.00","1","$11.07"
"Marshadow 2025 Japanese Mega Brave #69/63 Art Rare BGS 9.5","0.00","$0.00","$67.39","$67.39 (10/10/2025)","$67.39","$67.39","$67.39","0.00","1","$67.39"
"Woobat 2025 Japanese Scarlet & Violet: White Flare #116/086 Art Rare CGC 10","0.00","$0.00","$8.49","$8.49 (10/22/2025)","$8.49","$8.49","$8.49","0.00","1","$8.49"
"Eevee 2025 Scarlet & Violet: Prismatic Evolutions #074/131 Reverse Holo SGC 8.5","0.00","$0.00","$22.49","$22.49 (10/23/2025)","$22.49","$22.49","$22.49","0.00","1","$22.49"
"Eevee 2025 Scarlet & Violet: Prismatic Evolutions #074/131 Reverse Holo CGC 9","0.00","$0.00","$13.99","$13.99 (10/22/2025)","$13.99","$13.99","$13.99","-85.71","1","$13.99"
"Eevee 2025 Scarlet & Violet: Prismatic Evolutions #074/131 Reverse Holo CGC 8.5","0.00","$0.00","$9.00","$9.00 (10/14/2025)","$9.00","$9.00","$9.00","-80.00","1","$9.00"
"Team Rocket's Crobat ex 2025 Scarlet & Violet: Destined Rivals #242/182 Hyper Rare (Secret) CGC 10","0.00","$0.00","$100.80","$100.80 (10/12/2025)","$100.80","$100.80","$100.80","-50.00","1","$100.80"
"Zoroark 2025 Scarlet & Violet: White Flare #143/086 Illustration Rare CGC 10","0.00","$0.00","$46.00","$46.00 (10/12/2025)","$46.00","$46.00","$46.00","0.00","1","$46.00"
"Samurott 2025 Scarlet & Violet: White Flare #023/086 Master Ball Reverse Holo PSA 10","0.00","$0.00","$27.00","$27.00 (10/01/2025)","$27.00","$27.00","$27.00","0.00","1","$27.00"
"Mienfoo 2025 Scarlet & Violet: White Flare #052/086 Poke Ball Reverse Holo CGC 8","0.00","$0.00","$7.20","$7.20 (09/28/2025)","$7.20","$7.20","$7.20","0.00","1","$7.20"
"Hop's Snorlax 2025 Scarlet & Violet: Journey Together #117/159 Holo PSA 10","0.00","$0.00","$89.99","$89.99 (10/15/2025)","$89.99","$89.99","$89.99","-50.00","1","$89.99"
"Hop's Snorlax 2025 Scarlet & Violet: Journey Together #117/159 Holo CGC 9.5","0.00","$0.00","$15.60","$15.60 (10/19/2025)","$15.60","$15.60","$15.60","0.00","1","$15.60"
"Patrat 2025 Scarlet & Violet: White Flare #152/086 Illustration Rare PSA 9","0.00","$0.00","$26.00","$26.00 (10/21/2025)","$26.00","$26.00","$26.00","0.00","1","$26.00"
"Cryogonal 2025 Scarlet & Violet: Black Bolt #027/086 Master Ball Reverse Holo PSA 10","0.00","$0.00","$20.51","$20.51 (09/28/2025)","$20.51","$20.51","$20.51","0.00","1","$20.51"
"Patrat 2025 Japanese Scarlet & Violet: White Flare #151/086 Art Rare CGC 10","0.00","$0.00","$26.00","$26.00 (09/26/2025)","$26.00","$26.00","$26.00","0.00","1","$26.00"
"Team Rocket's Weezing 2025 Japanese Scarlet & Violet: Glory of Team Rocket #105/098 Art Rare PSA 9","0.00","$0.00","$13.50","$13.50 (09/28/2025)","$13.50","$13.50","$13.50","0.00","1","$13.50"
"Mela 2025 Scarlet & Violet: Prismatic Evolutions #140/131 Ultra Rare (Full Art) CGC 9","0.00","$0.00","$8.51","$8.51 (10/20/2025)","$8.51","$8.51","$8.51","0.00","1","$8.51"
"Swinub 2025 Japanese Scarlet & Violet: Battle Partners #106/100 Art Rare PSA 9","0.00","$0.00","$8.00","$8.00 (10/11/2025)","$8.67","$8.00","$10.00","50.00","3","$26.00"
"Team Rocket's Crobat ex 2025 Japanese Scarlet & Violet: Glory of Team Rocket #117/098 Super Rare (Full Art) PSA 9","0.00","$0.00","$32.00","$32.00 (10/09/2025)","$32.00","$32.00","$32.00","0.00","1","$32.00"
"Grimmsnarl 2025 Scarlet & Violet: Journey Together #073/159 Base PSA 10","0.00","$0.00","$14.81","$14.81 (10/16/2025)","$14.81","$14.81","$14.81","0.00","1","$14.81"
"Articuno 2025 Scarlet & Violet: Journey Together #032/159 Base CGC 9","0.00","$0.00","$7.20","$7.20 (10/12/2025)","$7.20","$7.20","$7.20","0.00","1","$7.20"
"Rare Candy 2025 Japanese Mega Symphonia #82/63 Super Rare (Full Art) CGC 9","0.00","$0.00","$7.20","$7.20 (10/12/2025)","$7.20","$7.20","$7.20","0.00","1","$7.20"
"Team Rocket's Ariana 2025 Scarlet & Violet: Destined Rivals #224/182 Ultra Rare (Full Art) CGC 9","0.00","$0.00","$10.80","$10.80 (10/19/2025)","$10.80","$10.80","$10.80","0.00","1","$10.80"
"Cofagrigus 2025 Scarlet & Violet: White Flare #040/086 Holo CGC 10","0.00","$0.00","$9.60","$9.60 (10/12/2025)","$9.60","$9.60","$9.60","0.00","1","$9.60"
"Glaceon 2025 Scarlet & Violet: Prismatic Evolutions #025/131 Poke Ball Reverse Holo PSA 9","0.00","$0.00","$3.13","$3.13 (09/26/2025)","$3.13","$3.00","$3.25","100.00","2","$6.25"
"Tirtouga 2025 Japanese Scarlet & Violet: Black Bolt #110/086 Art Rare CGC 10","0.00","$0.00","$14.00","$14.00 (10/20/2025)","$14.00","$11.50","$16.50","-50.00","2","$28.00"
"Lampent 2025 Scarlet & Violet: White Flare #102/086 Illustration Rare PSA 9","0.00","$0.00","$24.99","$24.99 (10/06/2025)","$23.32","$19.99","$24.99","200.00","3","$69.97"
"Lampent 2025 Scarlet & Violet: White Flare #102/086 Illustration Rare PSA 8","0.00","$0.00","$12.50","$12.50 (10/08/2025)","$12.50","$12.50","$12.50","0.00","1","$12.50"
"Solosis 2025 Japanese Scarlet & Violet: Black Bolt #123/086 Art Rare PSA 10","0.00","$0.00","$51.69","$51.69 (10/05/2025)","$51.69","$51.69","$51.69","-50.00","1","$51.69"
"Lillie's Clefairy ex 2025 Scarlet & Violet: Journey Together #173/159 Ultra Rare (Full Art) PSA 8","0.00","$0.00","$10.00","$10.00 (09/25/2025)","$10.00","$10.00","$10.00","-66.67","1","$10.00"
"Lillie's Clefairy ex 2025 Scarlet & Violet: Journey Together #173/159 Ultra Rare (Full Art) CGC 9","0.00","$0.00","$15.50","$15.50 (10/13/2025)","$15.50","$15.50","$15.50","0.00","1","$15.50"
"Earthen Vessel 2025 Scarlet & Violet: Prismatic Evolutions #106/131 Poke Ball Reverse Holo CGC 9.5","0.00","$0.00","$6.00","$6.00 (10/05/2025)","$6.00","$6.00","$6.00","0.00","1","$6.00"
"Hearthflame Mask Ogerpon ex 2025 Scarlet & Violet: Prismatic Evolutions #148/131 Special Illustration Rare PSA 8","0.00","$0.00","$14.26","$14.26 (10/11/2025)","$14.26","$14.26","$14.26","0.00","1","$14.26"
"Gothita 2025 Japanese Scarlet & Violet: White Flare #121/086 Art Rare CGC 10","0.00","$0.00","$37.00","$37.00 (10/14/2025)","$37.00","$37.00","$37.00","0.00","1","$37.00"
"Virizion 2025 Japanese Scarlet & Violet: White Flare #095/086 Art Rare PSA 8","0.00","$0.00","$10.00","$10.00 (10/23/2025)","$10.00","$10.00","$10.00","0.00","1","$10.00"
"Eevee ex 2025 Scarlet & Violet: Prismatic Evolutions #075/131 Double Rare BGS 9","0.00","$0.00","$10.00","$10.00 (10/03/2025)","$10.00","$10.00","$10.00","0.00","1","$10.00"
"Duosion 2025 Japanese Scarlet & Violet: Black Bolt #041/086 Master Ball Reverse Holo CGC 10","0.00","$0.00","$8.50","$8.50 (10/20/2025)","$8.50","$8.50","$8.50","0.00","1","$8.50"
"Ethan's Ho-Oh ex 2025 Japanese Scarlet & Violet: Heat Wave Arena #077/063 Super Rare (Full Art) CGC 9.5","0.00","$0.00","$13.50","$13.50 (10/10/2025)","$13.50","$13.50","$13.50","0.00","1","$13.50"
"Ethan's Ho-Oh ex 2025 Japanese Scarlet & Violet: Heat Wave Arena #077/063 Super Rare (Full Art) CGC 8.5","0.00","$0.00","$15.99","$15.99 (10/13/2025)","$15.99","$15.99","$15.99","0.00","1","$15.99"
"Arven's Mabosstiff ex 2025 Scarlet & Violet: Destined Rivals #139/182 Double Rare PSA 9","0.00","$0.00","$9.25","$9.25 (10/09/2025)","$9.25","$9.25","$9.25","0.00","1","$9.25"
"Judge 2025 Scarlet & Violet: Destined Rivals #222/182 Ultra Rare (Full Art) CGC 9","0.00","$0.00","$4.00","$4.00 (10/02/2025)","$4.00","$4.00","$4.00","0.00","1","$4.00"
"Team Rocket's Persian ex 2025 Scarlet & Violet: Destined Rivals #150/182 Double Rare PSA 9","0.00","$0.00","$15.00","$15.00 (10/21/2025)","$15.00","$15.00","$15.00","-50.00","1","$15.00"
"Team Rocket's Persian ex 2025 Scarlet & Violet: Destined Rivals #150/182 Double Rare PSA 6","0.00","$0.00","$0.99","$0.99 (10/20/2025)","$0.99","$0.99","$0.99","0.00","1","$0.99"
"Mega Lucario ex 2025 Japanese Mega Brave #92/63 Mega Ultra Rare (Secret) BGS 9.5","0.00","$0.00","$323.00","$323.00 (09/28/2025)","$323.00","$323.00","$323.00","0.00","1","$323.00"
"Tympole 2025 Scarlet & Violet: Black Bolt #103/086 Illustration Rare CGC 10","0.00","$0.00","$16.50","$16.50 (10/12/2025)","$16.50","$16.50","$16.50","0.00","1","$16.50"
"Tympole 2025 Scarlet & Violet: Black Bolt #103/086 Illustration Rare CGC 8.5","0.00","$0.00","$12.00","$12.00 (09/28/2025)","$12.00","$12.00","$12.00","0.00","1","$12.00"
"Ferroseed 2025 Scarlet & Violet: White Flare #148/086 Illustration Rare CGC 10","0.00","$0.00","$15.60","$15.60 (10/19/2025)","$15.60","$15.60","$15.60","0.00","1","$15.60"
"Ethan's Pichu 2025 Japanese Scarlet & Violet: Heat Wave Arena #036/063 Base CGC 10","0.00","$0.00","$24.99","$24.99 (10/16/2025)","$24.99","$24.99","$24.99","0.00","1","$24.99"
"Teal Mask Ogerpon ex 2025 Scarlet & Violet: Prismatic Evolutions #145/131 Special Illustration Rare PSA 8","0.00","$0.00","$20.00","$20.00 (10/24/2025)","$20.00","$20.00","$20.00","0.00","1","$20.00"
"Team Rocket's Watchtower 2025 Scarlet & Violet: Destined Rivals #180/182 Base PSA 9","0.00","$0.00","$11.50","$11.50 (10/07/2025)","$11.50","$11.50","$11.50","0.00","1","$11.50"
"Iron Crown ex 2025 Scarlet & Violet: Prismatic Evolutions #158/131 Special Illustration Rare CGC 9.5","0.00","$0.00","$38.00","$38.00 (10/13/2025)","$38.00","$38.00","$38.00","0.00","1","$38.00"
"Misty's Lapras 2025 Scarlet & Violet: Destined Rivals #194/182 Illustration Rare CGC 7.5","0.00","$0.00","$32.00","$32.00 (10/20/2025)","$32.00","$32.00","$32.00","0.00","1","$32.00"
"Blaziken ex 2025 Scarlet & Violet: Journey Together #024/159 Double Rare PSA 9","0.00","$0.00","$19.99","$19.99 (10/09/2025)","$19.99","$19.99","$19.99","0.00","1","$19.99"
"Whimsicott ex 2025 Japanese Scarlet & Violet: White Flare #159/086 Super Rare (Full Art) PSA 9","0.00","$0.00","$3.25","$3.25 (09/26/2025)","$3.25","$3.25","$3.25","0.00","1","$3.25"
"Emcee's Hype 2025 Scarlet & Violet: Destined Rivals #220/182 Ultra Rare (Full Art) PSA 9","0.00","$0.00","$16.80","$16.80 (10/05/2025)","$16.80","$16.80","$16.80","-66.67","1","$16.80"
"Suicune 2025 Scarlet & Violet: Prismatic Evolutions #024/131 Base PSA 10","0.00","$0.00","$36.00","$36.00 (10/03/2025)","$36.00","$36.00","$36.00","0.00","1","$36.00"
"Suicune 2025 Scarlet & Violet: Prismatic Evolutions #024/131 Base PSA 9","0.00","$0.00","$5.50","$5.50 (10/04/2025)","$5.50","$5.50","$5.50","0.00","1","$5.50"
"Krookodile 2025 Scarlet & Violet: Black Bolt #059/086 Poke Ball Reverse Holo CGC 9","0.00","$0.00","$10.80","$10.80 (09/28/2025)","$10.80","$10.80","$10.80","0.00","1","$10.80"
"Zorua 2025 Japanese Scarlet & Violet: White Flare #140/086 Art Rare BGS 9.5","0.00","$0.00","$29.99","$29.99 (10/09/2025)","$29.99","$29.99","$29.99","0.00","1","$29.99"
"Krookodile 2025 Scarlet & Violet: Black Bolt #059/086 Master Ball Reverse Holo PSA 10","0.00","$0.00","$64.99","$64.99 (10/20/2025)","$64.99","$64.99","$64.99","0.00","1","$64.99"
"Furfrou 2025 Scarlet & Violet: Prismatic Evolutions #088/131 Master Ball Reverse Holo PSA 8","0.00","$0.00","$8.00","$8.00 (09/25/2025)","$8.00","$8.00","$8.00","0.00","1","$8.00"
"Palpitoad 2025 Scarlet & Violet: Black Bolt #104/086 Illustration Rare SGC 9.5","0.00","$0.00","$12.99","$12.99 (09/30/2025)","$12.99","$12.99","$12.99","0.00","1","$12.99"
"Budew 2025 Scarlet & Violet: Prismatic Evolutions #004/131 Master Ball Reverse Holo CGC 9","0.00","$0.00","$20.00","$20.00 (10/15/2025)","$20.00","$20.00","$20.00","0.00","1","$20.00"
"Stoutland 2025 Scarlet & Violet: White Flare #156/086 Illustration Rare CGC 10","0.00","$0.00","$19.20","$19.20 (10/05/2025)","$19.20","$19.20","$19.20","0.00","1","$19.20"
"Stoutland 2025 Scarlet & Violet: White Flare #156/086 Illustration Rare CGC 9","0.00","$0.00","$14.40","$14.40 (10/05/2025)","$14.40","$14.40","$14.40","0.00","1","$14.40"
"Sandy Shocks ex 2025 Scarlet & Violet: Prismatic Evolutions #056/131 Double Rare PSA 10","0.00","$0.00","$15.01","$15.01 (09/28/2025)","$15.01","$15.01","$15.01","0.00","1","$15.01"
"Glaceon ex 2025 Scarlet & Violet: Prismatic Evolutions #026/131 Double Rare CGC 9","0.00","$0.00","$13.20","$13.20 (10/12/2025)","$13.20","$13.20","$13.20","0.00","1","$13.20"
"Brassius 2025 Scarlet & Violet: Prismatic Evolutions #135/131 Ultra Rare (Full Art) PSA 9","0.00","$0.00","$14.40","$14.40 (09/28/2025)","$14.40","$14.40","$14.40","-66.67","1","$14.40"
"Brassius 2025 Scarlet & Violet: Prismatic Evolutions #135/131 Ultra Rare (Full Art) PSA 8","0.00","$0.00","$7.50","$7.50 (10/09/2025)","$7.50","$7.50","$7.50","0.00","1","$7.50"
"Brassius 2025 Scarlet & Violet: Prismatic Evolutions #135/131 Ultra Rare (Full Art) CGC 9","0.00","$0.00","$10.80","$10.80 (09/28/2025)","$10.80","$10.80","$10.80","0.00","1","$10.80"
"Mega Kangaskhan ex 2025 Mega Evolution #164/132 Ultra Rare (Full Art) PSA 10","0.00","$0.00","$207.50","$207.50 (10/16/2025)","$207.50","$207.50","$207.50","0.00","1","$207.50"
"Zebstrika 2025 Japanese Scarlet & Violet: White Flare #112/086 Art Rare PSA 9","0.00","$0.00","$25.00","$25.00 (10/13/2025)","$25.00","$25.00","$25.00","0.00","1","$25.00"
"Electrike 2025 Japanese Scarlet & Violet: Heat Wave Arena #073/063 Art Rare CGC 10","0.00","$0.00","$15.00","$15.00 (10/22/2025)","$11.30","$5.00","$15.00","25.00","5","$56.49"
"Slowking 2025 Scarlet & Violet: Prismatic Evolutions #019/131 Poke Ball Reverse Holo PSA 9","0.00","$0.00","$9.00","$9.00 (10/19/2025)","$9.00","$9.00","$9.00","0.00","1","$9.00"
"Druddigon 2025 Scarlet & Violet: White Flare #151/086 Illustration Rare PSA 8","0.00","$0.00","$19.95","$19.95 (09/30/2025)","$19.95","$19.95","$19.95","0.00","1","$19.95"
"Iono's Tadbulb 2025 Scarlet & Violet: Journey Together #052/159 Base PSA 9","0.00","$0.00","$25.00","$25.00 (10/19/2025)","$25.00","$25.00","$25.00","-50.00","1","$25.00"
"Victini 2025 Scarlet & Violet: Black Bolt #171/086 Black White Rare (Secret) PSA 6","0.00","$0.00","$370.00","$370.00 (10/11/2025)","$370.00","$370.00","$370.00","0.00","1","$370.00"
"Arboliva ex 2025 Japanese Scarlet & Violet: Glory of Team Rocket #111/098 Super Rare (Full Art) CGC 10","0.00","$0.00","$26.99","$26.99 (10/15/2025)","$26.99","$26.99","$26.99","0.00","1","$26.99"
"Mega Mawile ex 2025 Japanese Mega Brave #46/63 Double Rare CGC 9","0.00","$0.00","$8.40","$8.40 (10/05/2025)","$8.40","$8.40","$8.40","0.00","1","$8.40"
"Sprigatito 2025 Scarlet & Violet: Journey Together #016/159 Reverse Holo PSA 10","0.00","$0.00","$24.00","$24.00 (09/28/2025)","$24.00","$24.00","$24.00","0.00","1","$24.00"
"Golett 2025 Japanese Scarlet & Violet: Black Bolt #128/086 Art Rare CGC 10","0.00","$0.00","$15.60","$15.60 (10/05/2025)","$15.60","$15.60","$15.60","0.00","1","$15.60"
"Watchog 2025 Scarlet & Violet: White Flare #153/086 Illustration Rare PSA 8","0.00","$0.00","$17.00","$17.00 (10/12/2025)","$17.00","$17.00","$17.00","0.00","1","$17.00"
"Bronzong 2025 Scarlet & Violet: Prismatic Evolutions #067/131 Master Ball Reverse Holo PSA 10","0.00","$0.00","$45.00","$45.00 (10/01/2025)","$45.00","$45.00","$45.00","0.00","1","$45.00"
"Mega Manectric ex 2025 Japanese Mega Symphonia #77/63 Super Rare (Full Art) PSA 10","0.00","$0.00","$65.00","$65.00 (09/30/2025)","$65.00","$65.00","$65.00","0.00","1","$65.00"
"Jellicent ex 2025 Scarlet & Violet: White Flare #045/086 Double Rare PSA 10","0.00","$0.00","$95.00","$95.00 (10/12/2025)","$95.00","$95.00","$95.00","0.00","1","$95.00"
"Team Rocket's Orbeetle 2025 Scarlet & Violet: Destined Rivals #198/182 Illustration Rare BGS 9","0.00","$0.00","$6.50","$6.50 (10/07/2025)","$6.50","$6.50","$6.50","0.00","1","$6.50"
"Sylveon 2025 Scarlet & Violet: Prismatic Evolutions #040/131 Poke Ball Reverse Holo CGC 9","0.00","$0.00","$10.80","$10.80 (09/28/2025)","$10.80","$10.80","$10.80","-50.00","1","$10.80"
"Ferrothorn 2025 Scarlet & Violet: White Flare #069/086 Poke Ball Reverse Holo PSA 10","0.00","$0.00","$22.50","$22.50 (10/23/2025)","$22.50","$22.50","$22.50","0.00","1","$22.50"
"Gholdengo ex 2025 Scarlet & Violet: Prismatic Evolutions #164/131 Special Illustration Rare CGC 9.5","0.00","$0.00","$95.00","$95.00 (10/09/2025)","$95.00","$95.00","$95.00","0.00","1","$95.00"
"Max Rod 2025 Scarlet & Violet: Prismatic Evolutions #116/131 Holo (ACE SPEC) CGC 10","0.00","$0.00","$12.00","$12.00 (10/10/2025)","$12.00","$12.00","$12.00","0.00","1","$12.00"
"Munna 2025 Scarlet & Violet: Black Bolt #116/086 Illustration Rare CGC 9.5","0.00","$0.00","$14.00","$14.00 (10/06/2025)","$14.00","$14.00","$14.00","0.00","1","$14.00"
"Misty's Psyduck 2025 Japanese Scarlet & Violet: Heat Wave Arena #022/063 Base CGC 10","0.00","$0.00","$24.99","$24.99 (09/25/2025)","$24.99","$24.99","$24.99","0.00","1","$24.99"
"Hop's Wooloo 2025 Japanese Scarlet & Violet: Battle Partners #112/100 Art Rare BGS 10 Pristine","0.00","$0.00","$37.21","$37.21 (10/23/2025)","$37.21","$37.21","$37.21","0.00","1","$37.21"
"Team Rocket's Murkrow 2025 Japanese Scarlet & Violet: Glory of Team Rocket #106/098 Art Rare CGC 9","0.00","$0.00","$3.25","$3.25 (10/23/2025)","$3.25","$3.25","$3.25","0.00","1","$3.25"
"N's Zoroark ex 2025 Scarlet & Violet: Journey Together #185/159 Special Illustration Rare BGS 9","0.00","$0.00","$59.99","$59.99 (09/29/2025)","$59.99","$59.99","$59.99","0.00","1","$59.99"
"Golurk 2025 Japanese Scarlet & Violet: Black Bolt #129/086 Art Rare CGC 9.5","0.00","$0.00","$7.49","$7.49 (10/10/2025)","$7.49","$7.49","$7.49","0.00","1","$7.49"
"Mela 2025 Scarlet & Violet: Prismatic Evolutions #140/131 Ultra Rare (Full Art) PSA 8","0.00","$0.00","$16.00","$16.00 (09/26/2025)","$16.00","$16.00","$16.00","0.00","1","$16.00"
"Landorus 2025 Japanese Scarlet & Violet: Black Bolt #137/086 Art Rare CGC 10","0.00","$0.00","$19.50","$19.50 (09/28/2025)","$19.50","$19.50","$19.50","-50.00","1","$19.50"
"Vaporeon 2025 Scarlet & Violet: Prismatic Evolutions #022/131 Master Ball Reverse Holo PSA 10","0.00","$0.00","$450.00","$450.00 (10/22/2025)","$450.00","$450.00","$450.00","0.00","1","$450.00"
"Sylveon 2025 Scarlet & Violet: Prismatic Evolutions #040/131 Master Ball Reverse Holo CGC 9","0.00","$0.00","$20.40","$20.40 (10/05/2025)","$20.40","$20.40","$20.40","0.00","1","$20.40"
"Vanilluxe 2025 Japanese Scarlet & Violet: White Flare #110/086 Art Rare CGC 10","0.00","$0.00","$27.99","$27.99 (10/20/2025)","$27.99","$27.99","$27.99","0.00","1","$27.99"
"Liepard 2025 Japanese Scarlet & Violet: White Flare #135/086 Art Rare PSA 10","0.00","$0.00","$34.00","$34.00 (10/04/2025)","$34.00","$34.00","$34.00","-75.00","1","$34.00"
"Shroodle 2025 Mega Evolution #149/132 Illustration Rare PSA 10","0.00","$0.00","$4.60","$4.60 (10/19/2025)","$4.60","$4.60","$4.60","0.00","1","$4.60"
"Iono's Kilowattrel 2025 Japanese Scarlet & Violet: Battle Partners #104/100 Art Rare PSA 7","0.00","$0.00","$10.00","$10.00 (10/20/2025)","$10.00","$10.00","$10.00","0.00","1","$10.00"
"Yanma 2025 Scarlet & Violet: Destined Rivals #183/182 Illustration Rare PSA 8","0.00","$0.00","$9.95","$9.95 (10/14/2025)","$9.95","$9.95","$9.95","-66.67","1","$9.95"
"Tynamo 2025 Scarlet & Violet: Black Bolt #113/086 Illustration Rare PSA 8","0.00","$0.00","$39.99","$39.99 (10/22/2025)","$39.99","$39.99","$39.99","0.00","1","$39.99"
"Dondozo ex 2025 Scarlet & Violet: Destined Rivals #211/182 Ultra Rare (Full Art) CGC 10","0.00","$0.00","$13.20","$13.20 (10/19/2025)","$13.20","$13.20","$13.20","0.00","1","$13.20"
"Stunfisk 2025 Japanese Scarlet & Violet: White Flare #115/086 Art Rare PSA 7","0.00","$0.00","$7.50","$7.50 (10/22/2025)","$7.50","$7.50","$7.50","0.00","1","$7.50"
"Archen 2025 Scarlet & Violet: White Flare #131/086 Illustration Rare PSA 8","0.00","$0.00","$20.00","$20.00 (10/15/2025)","$20.00","$20.00","$20.00","0.00","1","$20.00"
"Ferrothorn 2025 Japanese Scarlet & Violet: White Flare #145/086 Art Rare CGC 10","0.00","$0.00","$25.99","$25.99 (10/24/2025)","$26.66","$25.99","$27.99","0.00","3","$79.97"
"Karrablast 2025 Japanese Scarlet & Violet: Black Bolt #094/086 Art Rare PSA 10","0.00","$0.00","$100.00","$100.00 (10/18/2025)","$100.00","$100.00","$100.00","0.00","1","$100.00"
"Team Rocket's Moltres ex 2025 Scarlet & Violet: Destined Rivals #229/182 Special Illustration Rare PSA 7","0.00","$0.00","$140.00","$140.00 (10/04/2025)","$140.00","$140.00","$140.00","-50.00","1","$140.00"
"Crustle 2025 Scarlet & Violet: Destined Rivals #186/182 Illustration Rare CGC 9","0.00","$0.00","$11.40","$11.40 (10/19/2025)","$11.40","$10.80","$12.00","0.00","2","$22.80"
"Team Rocket's Archer 2025 Scarlet & Violet: Destined Rivals #223/182 Ultra Rare (Full Art) CGC 10","0.00","$0.00","$18.00","$18.00 (10/05/2025)","$18.00","$18.00","$18.00","0.00","1","$18.00"
"Brock's Scouting 2025 Japanese Scarlet & Violet: Battle Partners #123/100 Super Rare (Full Art) PSA 8","0.00","$0.00","$15.00","$15.00 (10/21/2025)","$15.00","$15.00","$15.00","0.00","1","$15.00"
"Team Rocket's Wobbuffet 2025 Japanese Scarlet & Violet: Glory of Team Rocket #103/098 Art Rare PSA 9","0.00","$0.00","$15.50","$15.50 (10/24/2025)","$15.50","$15.50","$15.50","0.00","1","$15.50"
"Earthen Vessel 2025 Scarlet & Violet: Prismatic Evolutions #106/131 Reverse Holo CGC 8.5","0.00","$0.00","$7.20","$7.20 (10/19/2025)","$7.20","$7.20","$7.20","0.00","1","$7.20"
"Liepard 2025 Japanese Scarlet & Violet: White Flare #135/086 Art Rare PSA 9","0.00","$0.00","$14.00","$14.00 (10/15/2025)","$14.00","$14.00","$14.00","0.00","1","$14.00"
"Spritzee 2025 Scarlet & Violet: Prismatic Evolutions #038/131 Master Ball Reverse Holo PSA 9","0.00","$0.00","$9.99","$9.99 (10/05/2025)","$9.99","$9.99","$9.99","0.00","1","$9.99"
"Groudon 2025 Scarlet & Violet: Prismatic Evolutions #049/131 Holo CGC 8.5","0.00","$0.00","$7.20","$7.20 (10/19/2025)","$7.20","$7.20","$7.20","0.00","1","$7.20"
"Team Rocket's Nidoking ex 2025 Japanese Scarlet & Violet: Glory of Team Rocket #063/098 Double Rare PSA 10","0.00","$0.00","$23.03","$23.03 (10/12/2025)","$23.03","$23.03","$23.03","-50.00","1","$23.03"
"Articuno 2025 Scarlet & Violet: Journey Together #032/159 Base PSA 9","0.00","$0.00","$7.50","$7.50 (10/03/2025)","$7.50","$7.50","$7.50","0.00","1","$7.50"
"Snivy 2025 Japanese Scarlet & Violet: Black Bolt #087/086 Art Rare PSA 9","0.00","$0.00","$22.87","$22.87 (10/02/2025)","$22.87","$22.87","$22.87","0.00","1","$22.87"
"Heatmor 2025 Scarlet & Violet: White Flare #104/086 Illustration Rare PSA 9","0.00","$0.00","$10.00","$10.00 (10/20/2025)","$10.00","$10.00","$10.00","0.00","1","$10.00"
"Rapidash 2025 Scarlet & Violet: Destined Rivals #189/182 Illustration Rare CGC 9","0.00","$0.00","$24.00","$24.00 (10/15/2025)","$24.00","$24.00","$24.00","0.00","1","$24.00"
"Dreepy 2025 Scarlet & Violet: Prismatic Evolutions #071/131 Master Ball Reverse Holo PSA 10","0.00","$0.00","$25.00","$25.00 (09/27/2025)","$25.00","$25.00","$25.00","-50.00","1","$25.00"
"Emcee's Hype 2025 Scarlet & Violet: Destined Rivals #220/182 Ultra Rare (Full Art) PSA 7","0.00","$0.00","$7.00","$7.00 (10/03/2025)","$7.00","$7.00","$7.00","0.00","1","$7.00"
"Ducklett 2025 Japanese Scarlet & Violet: White Flare #022/086 Master Ball Reverse Holo CGC 10","0.00","$0.00","$8.49","$8.49 (10/05/2025)","$8.49","$8.49","$8.49","0.00","1","$8.49"
"Team Rocket's Weezing 2025 Scarlet & Violet: Destined Rivals #199/182 Illustration Rare PSA 7","0.00","$0.00","$12.95","$12.95 (10/18/2025)","$12.95","$12.95","$12.95","0.00","1","$12.95"
"Dusclops 2025 Scarlet & Violet: Prismatic Evolutions #036/131 Poke Ball Reverse Holo PSA 9","0.00","$0.00","$0.99","$0.99 (10/19/2025)","$0.99","$0.99","$0.99","0.00","1","$0.99"
"Vaporeon ex 2025 Scarlet & Violet: Prismatic Evolutions #023/131 Double Rare CGC 9.5","0.00","$0.00","$13.00","$13.00 (09/27/2025)","$13.00","$13.00","$13.00","-50.00","1","$13.00"
"Team Rocket's Mewtwo ex 2025 Scarlet & Violet: Destined Rivals #213/182 Ultra Rare (Full Art) PSA 7","0.00","$0.00","$26.00","$26.00 (10/21/2025)","$26.00","$26.00","$26.00","0.00","1","$26.00"
"Team Rocket's Mewtwo ex 2025 Scarlet & Violet: Destined Rivals #213/182 Ultra Rare (Full Art) PSA 6","0.00","$0.00","$20.00","$20.00 (10/20/2025)","$20.00","$20.00","$20.00","0.00","1","$20.00"
"Litleo 2025 Scarlet & Violet: Prismatic Evolutions #015/131 Master Ball Reverse Holo PSA 10","0.00","$0.00","$39.99","$39.99 (09/27/2025)","$39.99","$39.99","$39.99","0.00","1","$39.99"
"Litleo 2025 Scarlet & Violet: Prismatic Evolutions #015/131 Master Ball Reverse Holo PSA 9","0.00","$0.00","$11.00","$11.00 (10/01/2025)","$11.00","$11.00","$11.00","0.00","1","$11.00"
"Chandelure 2025 Japanese Scarlet & Violet: Black Bolt #017/086 Reverse Holo CGC 10","0.00","$0.00","$16.80","$16.80 (09/28/2025)","$16.80","$16.80","$16.80","0.00","1","$16.80"
"Darumaka 2025 Japanese Scarlet & Violet: Black Bolt #098/086 Art Rare PSA 10","0.00","$0.00","$39.99","$39.99 (10/11/2025)","$39.99","$39.99","$39.99","-66.67","1","$39.99"
"Cetitan ex 2025 Scarlet & Violet: Destined Rivals #210/182 Ultra Rare (Full Art) CGC 10","0.00","$0.00","$14.40","$14.40 (09/28/2025)","$14.40","$14.40","$14.40","0.00","2","$28.80"
"Mega Absol ex 2025 Japanese Mega Brave #38/63 Double Rare CGC 9.5","0.00","$0.00","$10.80","$10.80 (10/19/2025)","$10.80","$10.80","$10.80","0.00","3","$32.40"
"Zekrom ex 2025 Japanese Scarlet & Violet: Black Bolt #161/086 Super Rare (Full Art) BGS 10 Pristine","0.00","$0.00","$59.00","$59.00 (10/13/2025)","$59.00","$59.00","$59.00","0.00","1","$59.00"
"Team Rocket's Persian ex 2025 Scarlet & Violet: Destined Rivals #219/182 Ultra Rare (Full Art) PSA 7","0.00","$0.00","$5.50","$5.50 (10/21/2025)","$5.50","$5.50","$5.50","0.00","1","$5.50"
"Kyurem ex 2025 Scarlet & Violet: Black Bolt #157/086 Ultra Rare (Full Art) CGC 9.5","0.00","$0.00","$14.40","$14.40 (10/05/2025)","$14.40","$14.40","$14.40","0.00","1","$14.40"
"Team Rocket's Great Ball 2025 Scarlet & Violet: Destined Rivals #175/182 Base PSA 9","0.00","$0.00","$7.50","$7.50 (10/09/2025)","$7.50","$7.50","$7.50","0.00","1","$7.50"
"Basculin 2025 Scarlet & Violet: White Flare #108/086 Illustration Rare CGC 8.5","0.00","$0.00","$9.60","$9.60 (10/19/2025)","$9.60","$9.60","$9.60","0.00","1","$9.60"
"Fraxure 2025 Japanese Scarlet & Violet: Black Bolt #151/086 Art Rare CGC 10","0.00","$0.00","$24.99","$24.99 (10/20/2025)","$24.99","$24.99","$24.99","-50.00","1","$24.99"
"Eevee 2025 Scarlet & Violet: Prismatic Evolutions #074/131 Master Ball Reverse Holo CGC 10","0.00","$0.00","$55.00","$55.00 (10/08/2025)","$55.00","$55.00","$55.00","0.00","1","$55.00"
"Duskull 2025 Scarlet & Violet: Prismatic Evolutions #035/131 Master Ball Reverse Holo PSA 10","0.00","$0.00","$60.99","$60.99 (10/12/2025)","$60.99","$52.00","$69.99","-33.33","2","$121.99"
"Whimsicott ex 2025 Japanese Scarlet & Violet: White Flare #167/086 Special Art Rare PSA 9","0.00","$0.00","$21.50","$21.50 (09/28/2025)","$21.50","$21.50","$21.50","0.00","1","$21.50"
"Whimsicott ex 2025 Japanese Scarlet & Violet: White Flare #167/086 Special Art Rare PSA 8","0.00","$0.00","$13.00","$13.00 (10/17/2025)","$13.00","$13.00","$13.00","0.00","1","$13.00"
"Glaceon 2025 Scarlet & Violet: Prismatic Evolutions #025/131 Poke Ball Reverse Holo CGC 10","0.00","$0.00","$25.00","$25.00 (09/26/2025)","$25.00","$25.00","$25.00","0.00","1","$25.00"
"Iono's Bellibolt ex 2025 Scarlet & Violet: Journey Together #183/159 Special Illustration Rare PSA 6","0.00","$0.00","$30.00","$30.00 (10/08/2025)","$30.00","$30.00","$30.00","0.00","1","$30.00"
"Espeon ex 2025 Scarlet & Violet: Prismatic Evolutions #155/131 Special Illustration Rare CGC 10","0.00","$0.00","$397.50","$397.50 (10/14/2025)","$397.50","$370.00","$425.00","-60.00","2","$795.00"
"Raging Bolt ex 2025 Scarlet & Violet: Prismatic Evolutions #166/131 Special Illustration Rare SGC 10","0.00","$0.00","$175.00","$175.00 (10/11/2025)","$175.00","$175.00","$175.00","0.00","1","$175.00"
"Maximum Belt 2025 Scarlet & Violet: Prismatic Evolutions #117/131 Holo (ACE SPEC) PSA 9","0.00","$0.00","$10.00","$10.00 (10/02/2025)","$10.00","$10.00","$10.00","-66.67","1","$10.00"
"Umbreon ex 2025 Scarlet & Violet: Prismatic Evolutions #060/131 Double Rare BGS 9","0.00","$0.00","$13.50","$13.50 (10/04/2025)","$13.50","$13.50","$13.50","0.00","1","$13.50"
"Giacomo 2025 Scarlet & Violet: Prismatic Evolutions #138/131 Ultra Rare (Full Art) PSA 9","0.00","$0.00","$14.50","$14.50 (09/26/2025)","$14.50","$14.50","$14.50","0.00","1","$14.50"
"Giacomo 2025 Scarlet & Violet: Prismatic Evolutions #138/131 Ultra Rare (Full Art) PSA 8","0.00","$0.00","$10.00","$10.00 (10/13/2025)","$10.00","$10.00","$10.00","0.00","1","$10.00"
"Ivysaur 2025 Japanese Mega Brave #65/63 Art Rare CGC 7.5","0.00","$0.00","$20.00","$20.00 (10/11/2025)","$20.00","$20.00","$20.00","0.00","1","$20.00"
"Ivysaur 2025 Japanese Mega Brave #65/63 Art Rare CGC 8.5","0.00","$0.00","$12.00","$12.00 (10/12/2025)","$12.00","$12.00","$12.00","0.00","1","$12.00"
"Team Rocket's Venture Bomb 2025 Scarlet & Violet: Destined Rivals #179/182 Reverse Holo PSA 9","0.00","$0.00","$6.50","$6.50 (10/09/2025)","$6.50","$6.50","$6.50","0.00","1","$6.50"
"Lampent 2025 Scarlet & Violet: White Flare #017/086 Reverse Holo PSA 10","0.00","$0.00","$21.50","$21.50 (10/21/2025)","$21.50","$21.50","$21.50","0.00","1","$21.50"
"Clawitzer 2025 Mega Evolution #141/132 Illustration Rare PSA 10","0.00","$0.00","$399.00","$399.00 (10/22/2025)","$399.00","$399.00","$399.00","0.00","1","$399.00"
"Lillipup 2025 Japanese Scarlet & Violet: White Flare #153/086 Art Rare PSA 10","0.00","$0.00","$29.99","$29.99 (10/17/2025)","$29.99","$29.99","$29.99","0.00","1","$29.99"
"Tirtouga 2025 Scarlet & Violet: Black Bolt #106/086 Illustration Rare PSA 7","0.00","$0.00","$25.00","$25.00 (10/13/2025)","$25.00","$25.00","$25.00","0.00","1","$25.00"
"Misty's Psyduck 2025 Scarlet & Violet: Destined Rivals #193/182 Illustration Rare PSA 9","0.00","$0.00","$67.50","$67.50 (10/24/2025)","$77.05","$55.00","$104.22","0.00","88","$6780.12"
"Vanillish 2025 Japanese Scarlet & Violet: White Flare #109/086 Art Rare PSA 10","0.00","$0.00","$37.99","$37.99 (10/03/2025)","$37.99","$37.99","$37.99","-66.67","1","$37.99"
"Acerola's Mischief 2025 Japanese Mega Symphonia #90/63 Special Art Rare BGS 10 Pristine","0.00","$0.00","$355.00","$355.00 (09/28/2025)","$355.00","$355.00","$355.00","0.00","1","$355.00"
"Acerola's Mischief 2025 Japanese Mega Symphonia #90/63 Special Art Rare BGS 9.5","0.00","$0.00","$58.88","$58.88 (10/23/2025)","$58.88","$58.88","$58.88","0.00","1","$58.88"
"Vaporeon 2025 Scarlet & Violet: Prismatic Evolutions #022/131 Poke Ball Reverse Holo PSA 9","0.00","$0.00","$20.50","$20.50 (10/03/2025)","$20.50","$20.50","$20.50","0.00","1","$20.50"
"Ruffian 2025 Scarlet & Violet: Journey Together #181/159 Ultra Rare (Full Art) PSA 8","0.00","$0.00","$8.00","$8.00 (10/20/2025)","$8.00","$8.00","$8.00","0.00","1","$8.00"
"Iono's Kilowattrel 2025 Japanese Scarlet & Violet: Battle Partners #104/100 Art Rare CGC 9","0.00","$0.00","$12.00","$12.00 (10/13/2025)","$12.00","$12.00","$12.00","0.00","1","$12.00"
"Ivysaur 2025 Japanese Mega Brave #65/63 Art Rare BGS 9.5","0.00","$0.00","$79.38","$79.38 (10/23/2025)","$79.38","$79.38","$79.38","0.00","1","$79.38"
"Mega Latias ex 2025 Japanese Mega Symphonia #88/63 Special Art Rare BGS 9.5","0.00","$0.00","$152.50","$152.50 (10/03/2025)","$152.50","$152.50","$152.50","0.00","1","$152.50"
"Bulbasaur 2025 Japanese Mega Brave #64/63 Art Rare PSA 9","0.00","$0.00","$23.50","$23.50 (10/22/2025)","$23.50","$23.50","$23.50","0.00","1","$23.50"
"Giacomo 2025 Scarlet & Violet: Prismatic Evolutions #138/131 Ultra Rare (Full Art) CGC 9.5","0.00","$0.00","$8.40","$8.40 (10/05/2025)","$8.40","$8.40","$8.40","0.00","1","$8.40"
"Gurdurr 2025 Scarlet & Violet: Black Bolt #126/086 Illustration Rare CGC 9","0.00","$0.00","$9.60","$9.60 (10/05/2025)","$9.60","$9.60","$9.60","0.00","1","$9.60"
"Ferroseed 2025 Scarlet & Violet: White Flare #148/086 Illustration Rare PSA 10","0.00","$0.00","$100.00","$100.00 (10/11/2025)","$100.00","$100.00","$100.00","0.00","1","$100.00"
"Jolteon ex 2025 Scarlet & Violet: Prismatic Evolutions #153/131 Special Illustration Rare BGS 9","0.00","$0.00","$170.00","$170.00 (09/25/2025)","$170.00","$170.00","$170.00","-50.00","1","$170.00"
"Jolteon ex 2025 Scarlet & Violet: Prismatic Evolutions #153/131 Special Illustration Rare PSA 9","0.00","$0.00","$200.00","$200.00 (10/23/2025)","$190.00","$155.00","$299.99","16.67","28","$5320.07"
"Excadrill ex 2025 Scarlet & Violet: Black Bolt #160/086 Ultra Rare (Full Art) CGC 9.5","0.00","$0.00","$12.00","$12.00 (10/19/2025)","$12.00","$12.00","$12.00","0.00","1","$12.00"
"Cinccino 2025 Scarlet & Violet: Black Bolt #076/086 Poke Ball Reverse Holo PSA 10","0.00","$0.00","$20.80","$20.80 (10/21/2025)","$20.80","$20.80","$20.80","0.00","1","$20.80"
"Yanmega ex 2025 Scarlet & Violet: Destined Rivals #003/182 Double Rare PSA 9","0.00","$0.00","$10.50","$10.50 (10/01/2025)","$10.50","$10.50","$10.50","0.00","1","$10.50"
"Mega Kangaskhan ex 2025 Japanese Mega Symphonia #51/63 Double Rare PSA 9","0.00","$0.00","$34.00","$34.00 (10/22/2025)","$34.00","$34.00","$34.00","0.00","1","$34.00"
"Vanilluxe 2025 Japanese Scarlet & Violet: White Flare #110/086 Art Rare PSA 10","0.00","$0.00","$22.50","$22.50 (10/14/2025)","$22.50","$22.50","$22.50","0.00","1","$22.50"
"Archen 2025 Scarlet & Violet: White Flare #131/086 Illustration Rare PSA 10","0.00","$0.00","$99.99","$99.99 (10/12/2025)","$99.99","$99.99","$99.99","0.00","1","$99.99"
"Slowking 2025 Scarlet & Violet: Prismatic Evolutions #019/131 Master Ball Reverse Holo PSA 10","0.00","$0.00","$75.00","$75.00 (09/30/2025)","$75.00","$75.00","$75.00","0.00","1","$75.00"
"Slowking 2025 Scarlet & Violet: Prismatic Evolutions #019/131 Master Ball Reverse Holo PSA 9","0.00","$0.00","$13.50","$13.50 (10/08/2025)","$13.50","$13.50","$13.50","0.00","1","$13.50"
"Venipede 2025 Japanese Scarlet & Violet: Black Bolt #138/086 Art Rare PSA 10","0.00","$0.00","$26.90","$26.90 (10/05/2025)","$26.90","$26.90","$26.90","0.00","1","$26.90"
"Inteleon 2025 Japanese Mega Symphonia #69/63 Art Rare PSA 10","0.00","$0.00","$41.00","$41.00 (10/23/2025)","$41.00","$41.00","$41.00","0.00","1","$41.00"
"Ruffian 2025 Japanese Scarlet & Violet: Battle Partners #122/100 Super Rare (Full Art) PSA 10","0.00","$0.00","$26.00","$26.00 (10/04/2025)","$26.00","$26.00","$26.00","0.00","1","$26.00"
"Amarys 2025 Scarlet & Violet: Prismatic Evolutions #093/131 Reverse Holo CGC 9","0.00","$0.00","$7.20","$7.20 (10/19/2025)","$7.20","$7.20","$7.20","0.00","1","$7.20"
"Emboar 2025 Japanese Scarlet & Violet: White Flare #013/086 Reverse Holo CGC 10","0.00","$0.00","$15.60","$15.60 (09/28/2025)","$15.60","$15.60","$15.60","0.00","1","$15.60"
"Emboar 2025 Japanese Scarlet & Violet: White Flare #013/086 Reverse Holo CGC 9.5","0.00","$0.00","$13.00","$13.00 (09/29/2025)","$13.00","$13.00","$13.00","0.00","1","$13.00"
"Emboar 2025 Japanese Scarlet & Violet: White Flare #013/086 Reverse Holo CGC 9","0.00","$0.00","$12.00","$12.00 (10/13/2025)","$12.00","$12.00","$12.00","0.00","1","$12.00"
"Scraggy 2025 Scarlet & Violet: White Flare #057/086 Master Ball Reverse Holo PSA 10","0.00","$0.00","$36.00","$36.00 (10/14/2025)","$36.00","$36.00","$36.00","0.00","1","$36.00"
"Spoink 2025 Mega Evolution #062/132 Reverse Holo CGC 9","0.00","$0.00","$7.20","$7.20 (10/12/2025)","$7.20","$7.20","$7.20","0.00","1","$7.20"
"Durant 2025 Japanese Scarlet & Violet: White Flare #149/086 Art Rare PSA 10","0.00","$0.00","$26.00","$26.00 (09/26/2025)","$26.00","$26.00","$26.00","0.00","1","$26.00"
"Gholdengo 2025 Mega Evolution #099/132 Reverse Holo CGC 10","0.00","$0.00","$12.00","$12.00 (10/12/2025)","$12.00","$12.00","$12.00","0.00","1","$12.00"
"Durant 2025 Japanese Scarlet & Violet: White Flare #149/086 Art Rare CGC 10","0.00","$0.00","$25.99","$25.99 (10/15/2025)","$25.99","$25.99","$25.99","0.00","1","$25.99"
"Durant 2025 Japanese Scarlet & Violet: White Flare #149/086 Art Rare CGC 9","0.00","$0.00","$12.00","$12.00 (10/19/2025)","$12.00","$12.00","$12.00","0.00","1","$12.00"
"Terrakion 2025 Scarlet & Violet: White Flare #135/086 Illustration Rare PSA 8","0.00","$0.00","$15.50","$15.50 (10/16/2025)","$15.50","$15.50","$15.50","0.00","1","$15.50"
"Terrakion 2025 Scarlet & Violet: White Flare #135/086 Illustration Rare PSA 7","0.00","$0.00","$13.50","$13.50 (10/19/2025)","$13.50","$13.50","$13.50","0.00","1","$13.50"
"Eelektrik 2025 Scarlet & Violet: Black Bolt #114/086 Illustration Rare CGC 10","0.00","$0.00","$16.50","$16.50 (10/12/2025)","$16.50","$16.50","$16.50","0.00","1","$16.50"
"Carracosta 2025 Japanese Scarlet & Violet: Black Bolt #026/086 Reverse Holo CGC 10","0.00","$0.00","$30.00","$30.00 (09/28/2025)","$30.00","$30.00","$30.00","0.00","1","$30.00"
"Tympole 2025 Scarlet & Violet: Black Bolt #103/086 Illustration Rare PSA 9","0.00","$0.00","$15.50","$15.50 (09/30/2025)","$15.50","$15.50","$15.50","0.00","1","$15.50"
"Team Rocket's Moltres ex 2025 Japanese Scarlet & Violet: Glory of Team Rocket #124/098 Special Art Rare CGC 10","0.00","$0.00","$141.54","$141.54 (10/13/2025)","$141.54","$141.54","$141.54","0.00","1","$141.54"
"Cubone 2025 Scarlet & Violet: Journey Together #076/159 Base PSA 10","0.00","$0.00","$69.99","$69.99 (10/09/2025)","$69.99","$69.99","$69.99","0.00","1","$69.99"
"Cobalion 2025 Scarlet & Violet: Black Bolt #066/086 Holo PSA 9","0.00","$0.00","$9.50","$9.50 (10/21/2025)","$9.50","$9.50","$9.50","0.00","1","$9.50"
"Ethan's Magcargo 2025 Japanese Scarlet & Violet: Heat Wave Arena #019/063 Holo PSA 10","0.00","$0.00","$39.99","$39.99 (10/10/2025)","$39.99","$39.99","$39.99","0.00","1","$39.99"
"Flareon 2025 Scarlet & Violet: Prismatic Evolutions #013/131 Master Ball Reverse Holo PSA 8","0.00","$0.00","$13.00","$13.00 (10/13/2025)","$13.00","$13.00","$13.00","0.00","1","$13.00"
"Harlequin 2025 Scarlet & Violet: White Flare #163/086 Ultra Rare (Full Art) PSA 7","0.00","$0.00","$9.00","$9.00 (09/27/2025)","$9.00","$9.00","$9.00","0.00","1","$9.00"
"Noibat 2025 Japanese Scarlet & Violet: Battle Partners #111/100 Art Rare PSA 9","0.00","$0.00","$17.01","$17.01 (09/25/2025)","$17.01","$17.01","$17.01","0.00","1","$17.01"
"Cubchoo 2025 Japanese Scarlet & Violet: Black Bolt #113/086 Art Rare CGC 10","0.00","$0.00","$12.50","$12.50 (10/20/2025)","$12.50","$12.50","$12.50","0.00","1","$12.50"
"Team Rocket's Articuno 2025 Japanese Scarlet & Violet: Glory of Team Rocket #022/098 Holo PSA 7","0.00","$0.00","$13.31","$13.31 (10/21/2025)","$13.31","$13.31","$13.31","0.00","1","$13.31"
"Slowking 2025 Scarlet & Violet: Prismatic Evolutions #019/131 Base PSA 10","0.00","$0.00","$50.00","$50.00 (10/16/2025)","$50.00","$50.00","$50.00","0.00","1","$50.00"
"Regigigas 2025 Scarlet & Violet: Prismatic Evolutions #086/131 Poke Ball Reverse Holo PSA 9","0.00","$0.00","$15.60","$15.60 (09/28/2025)","$15.60","$15.60","$15.60","0.00","1","$15.60"
"Regigigas 2025 Scarlet & Violet: Prismatic Evolutions #086/131 Poke Ball Reverse Holo CGC 10","0.00","$0.00","$16.00","$16.00 (10/07/2025)","$16.00","$16.00","$16.00","0.00","1","$16.00"
"Team Rocket's Meowth 2025 Japanese Scarlet & Violet: Glory of Team Rocket #109/098 Art Rare PSA 8","0.00","$0.00","$15.50","$15.50 (10/12/2025)","$15.50","$15.50","$15.50","0.00","1","$15.50"
"Ogre's Mask 2025 Scarlet & Violet: Prismatic Evolutions #118/131 Reverse Holo CGC 9.5","0.00","$0.00","$6.00","$6.00 (10/12/2025)","$6.00","$6.00","$6.00","0.00","1","$6.00"
"Exeggcute 2025 Scarlet & Violet: Prismatic Evolutions #001/131 Master Ball Reverse Holo PSA 10","0.00","$0.00","$55.00","$55.00 (09/27/2025)","$55.00","$55.00","$55.00","0.00","1","$55.00"
"Galvantula 2025 Scarlet & Violet: White Flare #117/086 Illustration Rare PSA 10","0.00","$0.00","$200.50","$200.50 (10/15/2025)","$200.50","$200.50","$200.50","0.00","1","$200.50"
"Exeggcute 2025 Scarlet & Violet: Prismatic Evolutions #001/131 Master Ball Reverse Holo PSA 8","0.00","$0.00","$9.01","$9.01 (10/11/2025)","$9.01","$9.01","$9.01","0.00","1","$9.01"
"Team Rocket's Drowzee 2025 Scarlet & Violet: Destined Rivals #079/182 Base PSA 9","0.00","$0.00","$9.36","$9.36 (10/09/2025)","$9.36","$9.36","$9.36","0.00","1","$9.36"
"Team Rocket's Raticate 2025 Japanese Scarlet & Violet: Glory of Team Rocket #108/098 Art Rare CGC 9","0.00","$0.00","$9.60","$9.60 (10/05/2025)","$9.60","$9.60","$9.60","0.00","1","$9.60"
"Tinkatuff 2025 Mega Evolution #097/132 Reverse Holo CGC 10","0.00","$0.00","$9.60","$9.60 (10/12/2025)","$9.60","$9.60","$9.60","0.00","1","$9.60"
"Dipplin 2025 Scarlet & Violet: Prismatic Evolutions #010/131 Poke Ball Reverse Holo CGC 8.5","0.00","$0.00","$2.75","$2.75 (10/20/2025)","$2.75","$2.75","$2.75","0.00","1","$2.75"
"Yanmega ex 2025 Japanese Scarlet & Violet: Heat Wave Arena #076/063 Super Rare (Full Art) PSA 10","0.00","$0.00","$22.50","$22.50 (10/20/2025)","$22.50","$22.50","$22.50","0.00","1","$22.50"
"Misty's Magikarp 2025 Japanese Scarlet & Violet: Heat Wave Arena #025/063 Base CGC 10","0.00","$0.00","$24.99","$24.99 (10/08/2025)","$24.99","$24.99","$24.99","0.00","1","$24.99"
"Misty's Magikarp 2025 Japanese Scarlet & Violet: Heat Wave Arena #025/063 Base CGC 9","0.00","$0.00","$7.20","$7.20 (10/05/2025)","$7.20","$7.20","$7.20","0.00","1","$7.20"
"Dondozo ex 2025 Japanese Scarlet & Violet: Heat Wave Arena #078/063 Super Rare (Full Art) CGC 10","0.00","$0.00","$23.00","$23.00 (10/22/2025)","$23.00","$18.00","$28.00","0.00","2","$46.00"
"Brock's Scouting 2025 Japanese Scarlet & Violet: Battle Partners #123/100 Super Rare (Full Art) PSA 10","0.00","$0.00","$39.95","$39.95 (10/24/2025)","$39.95","$39.95","$39.95","0.00","1","$39.95"
"Klang 2025 Scarlet & Violet: Black Bolt #140/086 Illustration Rare PSA 10","0.00","$0.00","$60.00","$60.00 (10/13/2025)","$60.00","$60.00","$60.00","-50.00","1","$60.00"
"Hop's Zacian ex 2025 Scarlet & Violet: Journey Together #176/159 Ultra Rare (Full Art) CGC 10","0.00","$0.00","$22.80","$22.80 (10/12/2025)","$22.80","$22.80","$22.80","-66.67","1","$22.80"
"Spritzee 2025 Scarlet & Violet: Prismatic Evolutions #038/131 Reverse Holo CGC 9","0.00","$0.00","$7.20","$7.20 (10/12/2025)","$7.20","$7.20","$7.20","0.00","1","$7.20"
"Cinccino 2025 Japanese Scarlet & Violet: Black Bolt #158/086 Art Rare CGC 10","0.00","$0.00","$13.50","$13.50 (10/20/2025)","$13.50","$13.50","$13.50","0.00","1","$13.50"
"Dusclops 2025 Scarlet & Violet: Prismatic Evolutions #036/131 Reverse Holo CGC 9","0.00","$0.00","$7.20","$7.20 (10/19/2025)","$7.20","$7.20","$7.20","0.00","1","$7.20"
"Zamazenta 2025 Japanese Scarlet & Violet: Glory of Team Rocket #107/098 Art Rare CGC 10","0.00","$0.00","$28.99","$28.99 (10/24/2025)","$21.37","$7.50","$28.99","33.33","4","$85.47"
"Steelix 2025 Mega Evolution #093/132 Reverse Holo CGC 9.5","0.00","$0.00","$8.40","$8.40 (10/12/2025)","$8.40","$8.40","$8.40","0.00","1","$8.40"
"Virizion 2025 Scarlet & Violet: White Flare #095/086 Illustration Rare PSA 8","0.00","$0.00","$19.95","$19.95 (09/29/2025)","$19.95","$19.95","$19.95","0.00","1","$19.95"
"Arven's Mabosstiff ex 2025 Japanese Scarlet & Violet: Heat Wave Arena #088/063 Special Art Rare CGC 9","0.00","$0.00","$10.80","$10.80 (10/05/2025)","$10.80","$10.80","$10.80","0.00","1","$10.80"
"Hippopotas 2025 Scarlet & Violet: Prismatic Evolutions #052/131 Reverse Holo CGC 10","0.00","$0.00","$14.40","$14.40 (10/19/2025)","$14.40","$14.40","$14.40","0.00","1","$14.40"
"Mienfoo 2025 Japanese Scarlet & Violet: White Flare #131/086 Art Rare CGC 10","0.00","$0.00","$15.50","$15.50 (10/05/2025)","$15.50","$15.50","$15.50","-50.00","1","$15.50"
"Victini 2025 Japanese Scarlet & Violet: Black Bolt #012/086 Master Ball Reverse Holo PSA 10","0.00","$0.00","$50.00","$50.00 (10/08/2025)","$50.00","$50.00","$50.00","-66.67","1","$50.00"
"Budew 2025 Scarlet & Violet: Prismatic Evolutions #004/131 Poke Ball Reverse Holo PSA 8","0.00","$0.00","$19.99","$19.99 (10/23/2025)","$19.99","$19.99","$19.99","0.00","1","$19.99"
"Servine 2025 Japanese Scarlet & Violet: Black Bolt #002/086 Master Ball Reverse Holo PSA 9","0.00","$0.00","$10.50","$10.50 (10/19/2025)","$10.50","$10.50","$10.50","0.00","1","$10.50"
"Iron Boulder 2025 Scarlet & Violet: Prismatic Evolutions #046/131 Holo PSA 10","0.00","$0.00","$10.00","$10.00 (10/04/2025)","$10.00","$10.00","$10.00","0.00","1","$10.00"
"Teal Mask Ogerpon ex 2025 Scarlet & Violet: Prismatic Evolutions #177/131 Hyper Rare (Secret) CGC 10","0.00","$0.00","$112.00","$112.00 (10/21/2025)","$112.00","$112.00","$112.00","0.00","1","$112.00"
"Haxorus 2025 Japanese Scarlet & Violet: Black Bolt #152/086 Art Rare CGC 9.5","0.00","$0.00","$20.00","$20.00 (09/30/2025)","$20.00","$20.00","$20.00","0.00","1","$20.00"
"Servine 2025 Japanese Scarlet & Violet: Black Bolt #002/086 Master Ball Reverse Holo CGC 10","0.00","$0.00","$16.80","$16.80 (09/28/2025)","$16.80","$16.80","$16.80","0.00","1","$16.80"
"Snivy 2025 Scarlet & Violet: Black Bolt #001/086 Master Ball Reverse Holo PSA 9","0.00","$0.00","$14.50","$14.50 (10/12/2025)","$14.50","$14.50","$14.50","0.00","1","$14.50"
"Vanilluxe 2025 Scarlet & Violet: White Flare #113/086 Illustration Rare CGC 9.5","0.00","$0.00","$16.80","$16.80 (10/05/2025)","$16.80","$16.80","$16.80","0.00","1","$16.80"
"Dudunsparce 2025 Scarlet & Violet: Prismatic Evolutions #080/131 Poke Ball Reverse Holo PSA 10","0.00","$0.00","$19.20","$19.20 (10/12/2025)","$19.20","$19.20","$19.20","0.00","1","$19.20"
"Spiky Energy 2025 Scarlet & Violet: Journey Together #190/159 Hyper Rare (Secret) CGC 9","0.00","$0.00","$6.99","$6.99 (10/09/2025)","$6.99","$6.99","$6.99","0.00","1","$6.99"
"Oshawott 2025 Scarlet & Violet: White Flare #021/086 Master Ball Reverse Holo PSA 10","0.00","$0.00","$105.00","$105.00 (10/13/2025)","$105.00","$105.00","$105.00","0.00","1","$105.00"
"Darmanitan 2025 Scarlet & Violet: Black Bolt #098/086 Illustration Rare CGC 10","0.00","$0.00","$19.50","$19.50 (10/12/2025)","$19.50","$19.50","$19.50","0.00","1","$19.50"
"Shaymin 2025 Scarlet & Violet: Prismatic Evolutions #087/131 Poke Ball Reverse Holo PSA 9","0.00","$0.00","$7.99","$7.99 (09/29/2025)","$7.99","$7.99","$7.99","0.00","1","$7.99"
"Mega Latias ex 2025 Japanese Mega Symphonia #79/63 Super Rare (Full Art) CGC 7.5","0.00","$0.00","$14.40","$14.40 (10/05/2025)","$14.40","$14.40","$14.40","0.00","1","$14.40"
"Larvesta 2025 Japanese Scarlet & Violet: Black Bolt #103/086 Art Rare CGC 9.5","0.00","$0.00","$10.50","$10.50 (10/22/2025)","$10.50","$10.50","$10.50","0.00","1","$10.50"
"Cobalion 2025 Japanese Scarlet & Violet: Black Bolt #149/086 Art Rare PSA 8","0.00","$0.00","$13.50","$13.50 (10/07/2025)","$13.50","$13.50","$13.50","0.00","1","$13.50"
"Cinccino 2025 Scarlet & Violet: Black Bolt #153/086 Illustration Rare CGC 9.5","0.00","$0.00","$29.00","$29.00 (10/01/2025)","$29.00","$29.00","$29.00","0.00","1","$29.00"
"Genesect ex 2025 Japanese Scarlet & Violet: Black Bolt #172/086 Special Art Rare CGC 10","0.00","$0.00","$41.40","$41.40 (09/29/2025)","$41.40","$41.40","$41.40","-85.71","1","$41.40"
"Team Rocket's Ariana 2025 Scarlet & Violet: Destined Rivals #237/182 Special Illustration Rare BGS 9.5","0.00","$0.00","$46.70","$46.70 (10/14/2025)","$46.70","$46.70","$46.70","0.00","1","$46.70"
"Lt. Surge's Bargain 2025 Mega Evolution #185/132 Special Illustration Rare PSA 10","0.00","$0.00","$355.00","$355.00 (10/15/2025)","$355.00","$355.00","$355.00","0.00","1","$355.00"
"Roaring Moon 2025 Scarlet & Violet: Prismatic Evolutions #065/131 Holo PSA 10","0.00","$0.00","$40.00","$40.00 (10/23/2025)","$40.00","$40.00","$40.00","-50.00","1","$40.00"
"Lt. Surge's Bargain 2025 Mega Evolution #185/132 Special Illustration Rare BGS 10 Pristine","0.00","$0.00","$261.00","$261.00 (10/08/2025)","$261.00","$261.00","$261.00","0.00","1","$261.00"
"Darmanitan 2025 Japanese Scarlet & Violet: Black Bolt #014/086 Reverse Holo CGC 10","0.00","$0.00","$25.20","$25.20 (09/28/2025)","$25.20","$25.20","$25.20","0.00","1","$25.20"
"Salamence ex 2025 Scarlet & Violet: Journey Together #114/159 Double Rare CGC 10","0.00","$0.00","$8.40","$8.40 (10/12/2025)","$8.40","$8.40","$8.40","0.00","1","$8.40"
"Rotom 2025 Scarlet & Violet: Destined Rivals #197/182 Illustration Rare CGC 9.5","0.00","$0.00","$19.00","$19.00 (10/05/2025)","$19.00","$19.00","$19.00","0.00","1","$19.00"
"Kieran 2025 Scarlet & Violet: Prismatic Evolutions #174/131 Special Illustration Rare BGS 9.5","0.00","$0.00","$36.00","$36.00 (09/28/2025)","$36.00","$36.00","$36.00","0.00","1","$36.00"
"Mega Venusaur ex 2025 Mega Evolution #177/132 Special Illustration Rare BGS 10 Pristine","0.00","$0.00","$1300.00","$1300.00 (10/24/2025)","$1300.00","$1300.00","$1300.00","0.00","1","$1300.00"
"Riolu 2025 Japanese Mega Brave #68/63 Art Rare CGC 9.5","0.00","$0.00","$14.40","$14.40 (10/12/2025)","$14.40","$13.20","$15.60","33.33","4","$57.60"
"Snivy 2025 Scarlet & Violet: Black Bolt #001/086 Base PSA 10","0.00","$0.00","$99.00","$99.00 (10/01/2025)","$99.00","$99.00","$99.00","0.00","1","$99.00"
"Snivy 2025 Scarlet & Violet: Black Bolt #001/086 Base PSA 9","0.00","$0.00","$33.00","$33.00 (10/01/2025)","$33.00","$33.00","$33.00","0.00","1","$33.00"
"Snover 2025 Mega Evolution #140/132 Illustration Rare PSA 8","0.00","$0.00","$13.06","$13.06 (10/16/2025)","$13.06","$13.06","$13.06","0.00","1","$13.06"
"Team Rocket's Proton 2025 Japanese Scarlet & Violet: Glory of Team Rocket #123/098 Super Rare (Full Art) PSA 10","0.00","$0.00","$20.00","$20.00 (10/12/2025)","$20.00","$20.00","$20.00","100.00","2","$40.00"
"Rapidash 2025 Japanese Scarlet & Violet: Heat Wave Arena #069/063 Art Rare BGS 9.5","0.00","$0.00","$19.50","$19.50 (10/04/2025)","$19.50","$19.50","$19.50","0.00","1","$19.50"
"Hop's Cramorant 2025 Japanese Scarlet & Violet: Battle Partners #087/100 Base PSA 10","0.00","$0.00","$250.77","$250.77 (10/22/2025)","$250.77","$250.77","$250.77","0.00","1","$250.77"
"Dewott 2025 Scarlet & Violet: White Flare #106/086 Illustration Rare PSA 10","0.00","$0.00","$250.00","$250.00 (10/06/2025)","$250.00","$250.00","$250.00","0.00","1","$250.00"
"Venipede 2025 Scarlet & Violet: Black Bolt #054/086 Poke Ball Reverse Holo PSA 9","0.00","$0.00","$11.00","$11.00 (10/20/2025)","$11.00","$11.00","$11.00","0.00","1","$11.00"
"N's PP Up 2025 Scarlet & Violet: Journey Together #153/159 Base PSA 10","0.00","$0.00","$135.00","$135.00 (10/12/2025)","$135.00","$135.00","$135.00","0.00","1","$135.00"
"Gurdurr 2025 Japanese Scarlet & Violet: Black Bolt #051/086 Reverse Holo CGC 9","0.00","$0.00","$8.40","$8.40 (09/28/2025)","$8.40","$8.40","$8.40","0.00","1","$8.40"
"Scolipede 2025 Japanese Scarlet & Violet: Black Bolt #140/086 Art Rare CGC 10","0.00","$0.00","$26.99","$26.99 (10/15/2025)","$26.99","$26.99","$26.99","0.00","1","$26.99"
"Mega Camerupt ex 2025 Japanese Mega Brave #13/63 Double Rare PSA 10","0.00","$0.00","$149.99","$149.99 (10/12/2025)","$149.99","$149.99","$149.99","0.00","1","$149.99"
"Rare Candy 2025 Japanese Mega Symphonia #82/63 Super Rare (Full Art) PSA 10","0.00","$0.00","$50.00","$50.00 (10/22/2025)","$50.00","$50.00","$50.00","0.00","1","$50.00"
"Sneasel 2025 Scarlet & Violet: Prismatic Evolutions #061/131 Poke Ball Reverse Holo PSA 9","0.00","$0.00","$4.25","$4.25 (10/23/2025)","$4.25","$4.25","$4.25","0.00","1","$4.25"
"Pansage 2025 Scarlet & Violet: Black Bolt #089/086 Illustration Rare PSA 9","0.00","$0.00","$13.50","$13.50 (10/19/2025)","$13.50","$13.50","$13.50","0.00","1","$13.50"
"Espeon 2025 Scarlet & Violet: Prismatic Evolutions #033/131 Holo PSA 8","0.00","$0.00","$9.99","$9.99 (10/15/2025)","$9.99","$9.99","$9.99","0.00","1","$9.99"
"Team Rocket's Mimikyu 2025 Scarlet & Violet: Destined Rivals #087/182 Base PSA 9","0.00","$0.00","$14.00","$14.00 (10/09/2025)","$14.00","$12.50","$15.00","200.00","3","$42.00"
"Premium Power Pro 2025 Japanese Mega Brave #81/63 Super Rare (Full Art) CGC 9","0.00","$0.00","$7.20","$7.20 (10/12/2025)","$7.20","$7.20","$7.20","0.00","1","$7.20"
"Pansear 2025 Scarlet & Violet: White Flare #099/086 Illustration Rare PSA 10","0.00","$0.00","$72.00","$72.00 (10/17/2025)","$72.00","$63.00","$81.01","0.00","2","$144.01"
"Buddy-Buddy Poffin 2025 Scarlet & Violet: Prismatic Evolutions #101/131 Base PSA 9","0.00","$0.00","$10.25","$10.25 (10/01/2025)","$10.25","$10.25","$10.25","0.00","1","$10.25"
"Lt. Surge's Deal 2025 Japanese Mega Brave #90/63 Special Art Rare PSA 10","0.00","$0.00","$150.00","$150.00 (10/08/2025)","$150.00","$150.00","$150.00","-50.00","1","$150.00"
"Ortega 2025 Scarlet & Violet: Prismatic Evolutions #141/131 Ultra Rare (Full Art) PSA 10","0.00","$0.00","$39.99","$39.99 (10/13/2025)","$39.99","$39.99","$39.99","0.00","1","$39.99"
"Pansear 2025 Japanese Scarlet & Violet: White Flare #099/086 Art Rare PSA 10","0.00","$0.00","$40.00","$40.00 (10/04/2025)","$40.00","$40.00","$40.00","0.00","1","$40.00"
"Team Rocket's Crobat ex 2025 Japanese Scarlet & Violet: Glory of Team Rocket #066/098 Double Rare PSA 10","0.00","$0.00","$17.38","$17.38 (10/12/2025)","$17.38","$17.38","$17.38","0.00","1","$17.38"
"Dondozo ex 2025 Scarlet & Violet: Destined Rivals #066/182 Double Rare CGC 9","0.00","$0.00","$9.60","$9.60 (09/28/2025)","$9.60","$9.60","$9.60","0.00","1","$9.60"
"Cottonee 2025 Japanese Scarlet & Violet: White Flare #004/086 Master Ball Reverse Holo CGC 9.5","0.00","$0.00","$8.50","$8.50 (10/09/2025)","$8.50","$8.50","$8.50","0.00","1","$8.50"
"Amoonguss ex 2025 Scarlet & Violet: Journey Together #011/159 Double Rare PSA 9","0.00","$0.00","$14.00","$14.00 (10/03/2025)","$14.00","$14.00","$14.00","0.00","1","$14.00"
"Amoonguss ex 2025 Scarlet & Violet: Journey Together #011/159 Double Rare PSA 8","0.00","$0.00","$7.50","$7.50 (10/03/2025)","$7.50","$7.50","$7.50","0.00","1","$7.50"
"Pansear 2025 Scarlet & Violet: White Flare #014/086 Poke Ball Reverse Holo PSA 8","0.00","$0.00","$8.16","$8.16 (10/20/2025)","$8.16","$8.16","$8.16","0.00","1","$8.16"
"Cynthia's Garchomp ex 2025 Japanese Scarlet & Violet: Heat Wave Arena #044/063 Double Rare CGC 9.5","0.00","$0.00","$10.00","$10.00 (10/15/2025)","$10.00","$10.00","$10.00","0.00","1","$10.00"
"Iron Boulder 2025 Scarlet & Violet: Prismatic Evolutions #046/131 Reverse Holo CGC 9.5","0.00","$0.00","$9.60","$9.60 (10/19/2025)","$9.60","$9.60","$9.60","0.00","1","$9.60"
"Alomomola 2025 Scarlet & Violet: Black Bolt #024/086 Poke Ball Reverse Holo PSA 9","0.00","$0.00","$12.50","$12.50 (10/21/2025)","$12.50","$12.50","$12.50","0.00","1","$12.50"
"Munkidori 2025 Scarlet & Violet: Prismatic Evolutions #044/131 Master Ball Reverse Holo CGC 9","0.00","$0.00","$8.40","$8.40 (10/12/2025)","$8.40","$8.40","$8.40","0.00","1","$8.40"
"Escavalier 2025 Japanese Scarlet & Violet: Black Bolt #065/086 Master Ball Reverse Holo PSA 9","0.00","$0.00","$8.16","$8.16 (10/19/2025)","$8.16","$8.16","$8.16","0.00","1","$8.16"
"Ethan's Slugma 2025 Scarlet & Violet: Destined Rivals #035/182 Reverse Holo PSA 9","0.00","$0.00","$15.00","$15.00 (10/12/2025)","$15.00","$15.00","$15.00","0.00","1","$15.00"
"Pignite 2025 Scarlet & Violet: White Flare #012/086 Master Ball Reverse Holo PSA 10","0.00","$0.00","$22.50","$22.50 (09/30/2025)","$22.50","$22.50","$22.50","0.00","1","$22.50"
"Atticus 2025 Scarlet & Violet: Prismatic Evolutions #134/131 Ultra Rare (Full Art) CGC 9","0.00","$0.00","$12.00","$12.00 (09/28/2025)","$12.00","$12.00","$12.00","0.00","1","$12.00"
"Regigigas 2025 Scarlet & Violet: Prismatic Evolutions #086/131 Reverse Holo CGC 9","0.00","$0.00","$7.20","$7.20 (10/19/2025)","$7.20","$7.20","$7.20","0.00","1","$7.20"
"Axew 2025 Japanese Scarlet & Violet: Black Bolt #070/086 Reverse Holo CGC 10","0.00","$0.00","$22.80","$22.80 (09/28/2025)","$22.80","$22.80","$22.80","0.00","1","$22.80"
"Garbodor 2025 Scarlet & Violet: White Flare #141/086 Illustration Rare PSA 8","0.00","$0.00","$15.50","$15.50 (10/20/2025)","$15.50","$15.50","$15.50","0.00","1","$15.50"
"Ethan's Ho-Oh ex 2025 Scarlet & Violet: Destined Rivals #039/182 Double Rare CGC 10","0.00","$0.00","$13.20","$13.20 (09/28/2025)","$13.20","$13.20","$13.20","0.00","1","$13.20"
"Mega Latias ex 2025 Mega Evolution #181/132 Special Illustration Rare BGS 10 Pristine","0.00","$0.00","$1200.00","$1200.00 (10/19/2025)","$1200.00","$1200.00","$1200.00","0.00","2","$2400.00"
"Zekrom ex 2025 Scarlet & Violet: Black Bolt #158/086 Ultra Rare (Full Art) CGC 9.5","0.00","$0.00","$25.00","$25.00 (09/29/2025)","$25.00","$25.00","$25.00","0.00","1","$25.00"
"Seismitoad 2025 Japanese Scarlet & Violet: Black Bolt #109/086 Art Rare CGC 9.5","0.00","$0.00","$84.00","$84.00 (10/11/2025)","$84.00","$84.00","$84.00","0.00","1","$84.00"
"Seismitoad 2025 Japanese Scarlet & Violet: Black Bolt #109/086 Art Rare CGC 9","0.00","$0.00","$52.00","$52.00 (10/11/2025)","$52.00","$52.00","$52.00","-50.00","1","$52.00"
"Seismitoad 2025 Japanese Scarlet & Violet: Black Bolt #109/086 Art Rare CGC 8","0.00","$0.00","$53.00","$53.00 (10/11/2025)","$53.00","$53.00","$53.00","0.00","1","$53.00"
"Pecharunt ex 2025 Scarlet & Violet: Prismatic Evolutions #163/131 Special Illustration Rare PSA 8","0.00","$0.00","$10.50","$10.50 (10/11/2025)","$10.50","$10.50","$10.50","0.00","1","$10.50"
"Flareon ex 2025 Scarlet & Violet: Prismatic Evolutions #014/131 Double Rare BGS 9","0.00","$0.00","$10.00","$10.00 (10/04/2025)","$10.00","$10.00","$10.00","0.00","1","$10.00"
"Mega Charizard X ex 2025 Japanese Mega: Inferno X #110/80 Special Art Rare CGC 9","0.00","$0.00","$900.00","$900.00 (10/15/2025)","$900.00","$900.00","$900.00","0.00","1","$900.00"
"Mega Latias ex 2025 Japanese Mega Symphonia #49/63 Double Rare CGC 9.5","0.00","$0.00","$12.00","$12.00 (10/19/2025)","$12.00","$12.00","$12.00","0.00","2","$24.00"
"Kyurem ex 2025 Scarlet & Violet: Black Bolt #028/086 Double Rare PSA 8","0.00","$0.00","$56.00","$56.00 (10/12/2025)","$56.00","$56.00","$56.00","0.00","1","$56.00"
"Cynthia's Garchomp ex 2025 Scarlet & Violet: Destined Rivals #241/182 Hyper Rare (Secret) PSA 8","0.00","$0.00","$27.00","$27.00 (10/01/2025)","$27.00","$27.00","$27.00","-50.00","1","$27.00"
"Terapagos ex 2025 Scarlet & Violet: Prismatic Evolutions #180/131 Hyper Rare (Secret) CGC 8","0.00","$0.00","$21.99","$21.99 (09/26/2025)","$21.99","$21.99","$21.99","0.00","1","$21.99"
"Lillie's Clefairy ex 2025 Scarlet & Violet: Journey Together #173/159 Ultra Rare (Full Art) BGS 9","0.00","$0.00","$20.09","$20.09 (10/19/2025)","$20.09","$20.09","$20.09","-66.67","1","$20.09"
"Iron Valiant ex 2025 Scarlet & Violet: Prismatic Evolutions #157/131 Special Illustration Rare BGS 9.5","0.00","$0.00","$93.00","$93.00 (10/14/2025)","$93.00","$93.00","$93.00","0.00","1","$93.00"
"Iron Valiant ex 2025 Scarlet & Violet: Prismatic Evolutions #157/131 Special Illustration Rare BGS 9","0.00","$0.00","$64.10","$64.10 (10/15/2025)","$64.10","$64.10","$64.10","0.00","1","$64.10"
"Leafeon ex 2025 Scarlet & Violet: Prismatic Evolutions #006/131 Double Rare CGC 10","0.00","$0.00","$15.50","$15.50 (10/20/2025)","$17.41","$8.50","$26.99","50.00","6","$104.49"
"Leafeon ex 2025 Scarlet & Violet: Prismatic Evolutions #006/131 Double Rare CGC 9.5","0.00","$0.00","$8.50","$8.50 (10/18/2025)","$8.50","$8.50","$8.50","0.00","1","$8.50"
"Flareon 2025 Scarlet & Violet: Prismatic Evolutions #013/131 Master Ball Reverse Holo BGS 9.5","0.00","$0.00","$50.00","$50.00 (10/15/2025)","$50.00","$50.00","$50.00","0.00","1","$50.00"
"Bisharp 2025 Scarlet & Violet: Black Bolt #143/086 Illustration Rare CGC 8","0.00","$0.00","$10.80","$10.80 (10/05/2025)","$10.80","$10.80","$10.80","0.00","1","$10.80"
"Sylveon ex 2025 Scarlet & Violet: Prismatic Evolutions #156/131 Special Illustration Rare PSA 7","0.00","$0.00","$271.66","$271.66 (10/18/2025)","$271.66","$271.66","$271.66","0.00","1","$271.66"
"Glaceon ex 2025 Scarlet & Violet: Prismatic Evolutions #150/131 Special Illustration Rare BGS 9.5","0.00","$0.00","$294.70","$294.70 (10/05/2025)","$294.70","$294.70","$294.70","0.00","1","$294.70"
"Hilda 2025 Scarlet & Violet: White Flare #171/086 Special Illustration Rare CGC 9","0.00","$0.00","$50.40","$50.40 (10/05/2025)","$50.40","$50.40","$50.40","0.00","1","$50.40"
"Tirtouga 2025 Scarlet & Violet: Black Bolt #106/086 Illustration Rare PSA 9","0.00","$0.00","$40.00","$40.00 (10/13/2025)","$40.00","$40.00","$40.00","0.00","1","$40.00"
"Genesect ex 2025 Scarlet & Violet: Black Bolt #169/086 Special Illustration Rare PSA 8","0.00","$0.00","$45.00","$45.00 (10/01/2025)","$45.00","$45.00","$45.00","0.00","1","$45.00"
"Genesect ex 2025 Scarlet & Violet: Black Bolt #169/086 Special Illustration Rare CGC 9","0.00","$0.00","$59.00","$59.00 (10/18/2025)","$59.00","$59.00","$59.00","0.00","1","$59.00"
"Dragapult ex 2025 Scarlet & Violet: Prismatic Evolutions #073/131 Double Rare CGC 10","0.00","$0.00","$37.00","$37.00 (10/20/2025)","$37.00","$37.00","$37.00","0.00","1","$37.00"
"Crustle 2025 Japanese Scarlet & Violet: Black Bolt #136/086 Art Rare CGC 8","0.00","$0.00","$14.99","$14.99 (10/10/2025)","$14.99","$14.99","$14.99","0.00","1","$14.99"
"Lillipup 2025 Scarlet & Violet: White Flare #154/086 Illustration Rare PSA 7","0.00","$0.00","$15.00","$15.00 (10/16/2025)","$15.00","$15.00","$15.00","0.00","1","$15.00"
"Team Rocket's Energy 2025 Scarlet & Violet: Destined Rivals #182/182 Reverse Holo PSA 8","0.00","$0.00","$7.50","$7.50 (10/09/2025)","$7.50","$7.50","$7.50","0.00","1","$7.50"
"Zekrom ex 2025 Japanese Scarlet & Violet: Black Bolt #174/086 Black White Rare (Secret) CGC 9.5","0.00","$0.00","$299.00","$299.00 (10/02/2025)","$299.00","$299.00","$299.00","0.00","1","$299.00"
"Conkeldurr 2025 Scarlet & Violet: Black Bolt #127/086 Illustration Rare PSA 8","0.00","$0.00","$19.95","$19.95 (10/04/2025)","$19.95","$19.95","$19.95","0.00","1","$19.95"
"Team Rocket's Persian ex 2025 Japanese Scarlet & Violet: Glory of Team Rocket #079/098 Double Rare PSA 10","0.00","$0.00","$19.99","$19.99 (10/02/2025)","$19.99","$19.99","$19.99","-50.00","1","$19.99"
"Tepig 2025 Japanese Scarlet & Violet: White Flare #096/086 Art Rare PSA 10","0.00","$0.00","$55.00","$55.00 (10/19/2025)","$55.00","$55.00","$55.00","0.00","1","$55.00"
"Herdier 2025 Scarlet & Violet: White Flare #155/086 Illustration Rare CGC 9.5","0.00","$0.00","$12.60","$12.60 (10/19/2025)","$12.60","$10.80","$14.40","100.00","2","$25.20"
"Lillipup 2025 Scarlet & Violet: White Flare #074/086 Master Ball Reverse Holo CGC 10","0.00","$0.00","$13.20","$13.20 (10/05/2025)","$13.20","$13.20","$13.20","0.00","1","$13.20"
"Harlequin 2025 Japanese Scarlet & Violet: White Flare #165/086 Super Rare (Full Art) CGC 9.5","0.00","$0.00","$6.50","$6.50 (10/09/2025)","$6.50","$6.50","$6.50","0.00","1","$6.50"
"Volcanion ex 2025 Japanese Scarlet & Violet: Battle Partners #113/100 Super Rare (Full Art) CGC 9","0.00","$0.00","$8.00","$8.00 (10/15/2025)","$8.00","$8.00","$8.00","0.00","1","$8.00"
"Dipplin 2025 Scarlet & Violet: Prismatic Evolutions #010/131 Reverse Holo PSA 9","0.00","$0.00","$15.00","$15.00 (10/12/2025)","$15.00","$15.00","$15.00","0.00","1","$15.00"
"Whirlipede 2025 Japanese Scarlet & Violet: Black Bolt #139/086 Art Rare PSA 9","0.00","$0.00","$20.00","$20.00 (10/23/2025)","$20.00","$20.00","$20.00","0.00","1","$20.00"
"Team Rocket's Nidoking ex 2025 Japanese Scarlet & Violet: Glory of Team Rocket #063/098 Double Rare CGC 8","0.00","$0.00","$8.40","$8.40 (10/19/2025)","$8.40","$8.40","$8.40","0.00","1","$8.40"
"Heatran 2025 Scarlet & Violet: Prismatic Evolutions #068/131 Poke Ball Reverse Holo PSA 9","0.00","$0.00","$1.25","$1.25 (10/19/2025)","$1.25","$1.25","$1.25","0.00","1","$1.25"
"Cinccino 2025 Scarlet & Violet: Journey Together #126/159 Reverse Holo CGC 10","0.00","$0.00","$7.00","$7.00 (10/15/2025)","$7.00","$7.00","$7.00","0.00","1","$7.00"
"Ethan's Adventure 2025 Scarlet & Violet: Destined Rivals #221/182 Ultra Rare (Full Art) PSA 7","0.00","$0.00","$14.50","$14.50 (10/18/2025)","$14.50","$14.50","$14.50","0.00","1","$14.50"
"Area Zero Underdepths 2025 Scarlet & Violet: Prismatic Evolutions #094/131 Base PSA 9","0.00","$0.00","$9.99","$9.99 (10/08/2025)","$9.99","$9.99","$9.99","0.00","1","$9.99"
"Pupitar 2025 Scarlet & Violet: Prismatic Evolutions #048/131 Poke Ball Reverse Holo PSA 8","0.00","$0.00","$4.99","$4.99 (10/04/2025)","$4.99","$4.99","$4.99","0.00","1","$4.99"
"Team Rocket's Moltres ex 2025 Scarlet & Violet: Destined Rivals #208/182 Ultra Rare (Full Art) BGS 9.5","0.00","$0.00","$45.00","$45.00 (10/23/2025)","$45.00","$45.00","$45.00","0.00","1","$45.00"
"Venipede 2025 Japanese Scarlet & Violet: Black Bolt #138/086 Art Rare CGC 10","0.00","$0.00","$25.99","$25.99 (09/25/2025)","$25.99","$25.99","$25.99","0.00","1","$25.99"
"Ducklett 2025 Scarlet & Violet: White Flare #025/086 Master Ball Reverse Holo PSA 10","0.00","$0.00","$49.99","$49.99 (10/19/2025)","$49.99","$49.99","$49.99","0.00","2","$99.98"
"Amarys 2025 Scarlet & Violet: Prismatic Evolutions #132/131 Ultra Rare (Full Art) CGC 10","0.00","$0.00","$10.00","$10.00 (10/16/2025)","$10.00","$10.00","$10.00","100.00","2","$20.00"
"Dudunsparce 2025 Scarlet & Violet: Prismatic Evolutions #080/131 Holo PSA 8","0.00","$0.00","$10.00","$10.00 (10/20/2025)","$10.00","$10.00","$10.00","0.00","1","$10.00"
"Kyurem ex 2025 Japanese Scarlet & Violet: Black Bolt #168/086 Special Art Rare CGC 9.5","0.00","$0.00","$30.00","$30.00 (10/05/2025)","$30.00","$30.00","$30.00","0.00","1","$30.00"
"Terrakion 2025 Scarlet & Violet: White Flare #054/086 Master Ball Reverse Holo PSA 9","0.00","$0.00","$19.99","$19.99 (10/13/2025)","$19.99","$19.99","$19.99","-50.00","1","$19.99"
"Snivy 2025 Japanese Scarlet & Violet: Black Bolt #087/086 Art Rare CGC 10","0.00","$0.00","$26.00","$26.00 (10/22/2025)","$26.00","$26.00","$26.00","-50.00","1","$26.00"
"Seaking 2025 Scarlet & Violet: Prismatic Evolutions #021/131 Poke Ball Reverse Holo PSA 9","0.00","$0.00","$1.25","$1.25 (10/19/2025)","$1.25","$1.25","$1.25","0.00","1","$1.25"
"Cobalion 2025 Scarlet & Violet: Black Bolt #066/086 Holo PSA 10","0.00","$0.00","$17.46","$17.46 (10/17/2025)","$17.46","$17.46","$17.46","0.00","1","$17.46"
"Scolipede 2025 Japanese Scarlet & Violet: Black Bolt #059/086 Reverse Holo CGC 10","0.00","$0.00","$15.60","$15.60 (09/28/2025)","$15.60","$15.60","$15.60","0.00","1","$15.60"
"Team Rocket's Giovanni 2025 Scarlet & Violet: Destined Rivals #238/182 Special Illustration Rare BGS 9","0.00","$0.00","$35.00","$35.00 (09/28/2025)","$35.00","$35.00","$35.00","0.00","1","$35.00"
"Grumpig 2025 Mega Evolution #063/132 Reverse Holo CGC 10","0.00","$0.00","$8.40","$8.40 (10/12/2025)","$8.40","$8.40","$8.40","0.00","1","$8.40"
"Salamence ex 2025 Japanese Scarlet & Violet: Battle Partners #072/100 Double Rare PSA 10","0.00","$0.00","$44.90","$44.90 (10/16/2025)","$44.90","$44.90","$44.90","0.00","1","$44.90"
"Ethan's Ho-Oh ex 2025 Scarlet & Violet: Destined Rivals #209/182 Ultra Rare (Full Art) PSA 7","0.00","$0.00","$16.50","$16.50 (10/08/2025)","$16.50","$16.50","$16.50","0.00","1","$16.50"
"Sigilyph 2025 Scarlet & Violet: White Flare #121/086 Illustration Rare PSA 9","0.00","$0.00","$20.00","$20.00 (10/15/2025)","$20.00","$20.00","$20.00","0.00","1","$20.00"
"Hop's Wooloo 2025 Scarlet & Violet: Journey Together #135/159 Base PSA 10","0.00","$0.00","$50.00","$50.00 (09/30/2025)","$50.00","$50.00","$50.00","0.00","1","$50.00"
"Cynthia's Garchomp ex 2025 Japanese Scarlet & Violet: Heat Wave Arena #080/063 Super Rare (Full Art) CGC 10","0.00","$0.00","$25.00","$25.00 (10/01/2025)","$25.00","$25.00","$25.00","-66.67","1","$25.00"
"Victini 2025 Scarlet & Violet: Black Bolt #012/086 Poke Ball Reverse Holo PSA 10","0.00","$0.00","$199.99","$199.99 (10/10/2025)","$199.99","$199.99","$199.99","0.00","1","$199.99"
"Purrloin 2025 Japanese Scarlet & Violet: White Flare #134/086 Art Rare CGC 10","0.00","$0.00","$12.50","$12.50 (10/20/2025)","$12.50","$12.50","$12.50","0.00","1","$12.50"
"Shaymin 2025 Scarlet & Violet: Prismatic Evolutions #087/131 Master Ball Reverse Holo PSA 10","0.00","$0.00","$56.00","$56.00 (09/30/2025)","$56.00","$56.00","$56.00","0.00","1","$56.00"
"Glaceon ex 2025 Scarlet & Violet: Prismatic Evolutions #026/131 Double Rare CGC 10","0.00","$0.00","$21.60","$21.60 (10/05/2025)","$21.60","$21.60","$21.60","-50.00","1","$21.60"
"Gigalith 2025 Scarlet & Violet: White Flare #048/086 Master Ball Reverse Holo PSA 10","0.00","$0.00","$26.00","$26.00 (10/16/2025)","$26.00","$26.00","$26.00","0.00","1","$26.00"
"Harlequin 2025 Japanese Scarlet & Violet: White Flare #165/086 Super Rare (Full Art) CGC 10","0.00","$0.00","$11.50","$11.50 (10/20/2025)","$11.50","$11.50","$11.50","0.00","1","$11.50"
"Vanillite 2025 Japanese Scarlet & Violet: White Flare #024/086 Master Ball Reverse Holo CGC 8.5","0.00","$0.00","$2.74","$2.74 (10/10/2025)","$2.74","$2.74","$2.74","0.00","1","$2.74"
"Cinccino 2025 Japanese Scarlet & Violet: Black Bolt #078/086 Master Ball Reverse Holo SGC 9","0.00","$0.00","$2.15","$2.15 (10/13/2025)","$2.15","$2.15","$2.15","0.00","1","$2.15"
"Leafeon ex 2025 Scarlet & Violet: Prismatic Evolutions #144/131 Special Illustration Rare BGS 9","0.00","$0.00","$250.00","$250.00 (09/25/2025)","$250.00","$250.00","$250.00","0.00","1","$250.00"
"Aromatisse 2025 Scarlet & Violet: Prismatic Evolutions #039/131 Reverse Holo CGC 10","0.00","$0.00","$7.20","$7.20 (10/12/2025)","$7.20","$7.20","$7.20","0.00","1","$7.20"
"Pangoro 2025 Scarlet & Violet: Journey Together #099/159 Base CGC 10","0.00","$0.00","$8.40","$8.40 (10/12/2025)","$8.40","$8.40","$8.40","0.00","1","$8.40"
"Shroodle 2025 Mega Evolution #149/132 Illustration Rare CGC 10","0.00","$0.00","$39.00","$39.00 (10/20/2025)","$39.00","$39.00","$39.00","0.00","1","$39.00"
"Larvesta 2025 Scarlet & Violet: Black Bolt #099/086 Illustration Rare CGC 9.5","0.00","$0.00","$10.80","$10.80 (10/19/2025)","$10.80","$10.80","$10.80","0.00","1","$10.80"
"Larvesta 2025 Scarlet & Violet: Black Bolt #099/086 Illustration Rare CGC 9","0.00","$0.00","$12.00","$12.00 (10/19/2025)","$12.00","$12.00","$12.00","0.00","1","$12.00"
"Glaceon ex 2025 Scarlet & Violet: Prismatic Evolutions #026/131 Double Rare CGC 9.5","0.00","$0.00","$20.50","$20.50 (09/30/2025)","$20.50","$20.50","$20.50","0.00","1","$20.50"
"Alomomola 2025 Scarlet & Violet: Black Bolt #108/086 Illustration Rare CGC 10","0.00","$0.00","$46.00","$46.00 (10/10/2025)","$46.00","$46.00","$46.00","0.00","1","$46.00"
"Alomomola 2025 Scarlet & Violet: Black Bolt #108/086 Illustration Rare CGC 9.5","0.00","$0.00","$13.20","$13.20 (10/05/2025)","$13.20","$13.20","$13.20","0.00","1","$13.20"
"Cynthia's Garchomp ex 2025 Japanese Scarlet & Violet: Heat Wave Arena #087/063 Special Art Rare BGS 9.5","0.00","$0.00","$200.00","$200.00 (09/30/2025)","$200.00","$200.00","$200.00","0.00","1","$200.00"
"Cynthia's Garchomp ex 2025 Japanese Scarlet & Violet: Heat Wave Arena #087/063 Special Art Rare CGC 9.5","0.00","$0.00","$157.00","$157.00 (10/01/2025)","$157.00","$157.00","$157.00","0.00","1","$157.00"
"Archen 2025 Japanese Scarlet & Violet: White Flare #129/086 Art Rare CGC 9.5","0.00","$0.00","$7.49","$7.49 (10/10/2025)","$7.49","$7.49","$7.49","0.00","1","$7.49"
"Archen 2025 Japanese Scarlet & Violet: White Flare #129/086 Art Rare CGC 9","0.00","$0.00","$10.80","$10.80 (10/19/2025)","$10.80","$10.80","$10.80","0.00","1","$10.80"
"N's Plan 2025 Scarlet & Violet: Black Bolt #163/086 Ultra Rare (Full Art) PSA 7","0.00","$0.00","$5.00","$5.00 (10/13/2025)","$5.00","$5.00","$5.00","0.00","2","$10.00"
"Iono's Bellibolt ex 2025 Scarlet & Violet: Journey Together #172/159 Ultra Rare (Full Art) SGC 10","0.00","$0.00","$10.29","$10.29 (10/06/2025)","$10.29","$9.79","$10.79","0.00","2","$20.58"
"Mega Lucario ex 2025 Mega Evolution #160/132 Ultra Rare (Full Art) CGC 8.5","0.00","$0.00","$21.60","$21.60 (10/12/2025)","$21.60","$21.60","$21.60","0.00","1","$21.60"
"Excadrill ex 2025 Scarlet & Violet: Black Bolt #168/086 Special Illustration Rare CGC 9.5","0.00","$0.00","$32.40","$32.40 (10/12/2025)","$32.40","$32.40","$32.40","0.00","1","$32.40"
"Bronzor 2025 Scarlet & Violet: Prismatic Evolutions #066/131 Master Ball Reverse Holo PSA 10","0.00","$0.00","$28.58","$28.58 (10/12/2025)","$28.58","$28.58","$28.58","0.00","1","$28.58"
"Rotom 2025 Japanese Scarlet & Violet: Heat Wave Arena #074/063 Art Rare BGS 9.5","0.00","$0.00","$20.50","$20.50 (10/04/2025)","$20.50","$20.50","$20.50","0.00","1","$20.50"
"Umbreon 2025 Scarlet & Violet: Prismatic Evolutions #059/131 Poke Ball Reverse Holo CGC 10","0.00","$0.00","$25.00","$25.00 (10/17/2025)","$25.00","$25.00","$25.00","-66.67","1","$25.00"
"Umbreon 2025 Scarlet & Violet: Prismatic Evolutions #059/131 Poke Ball Reverse Holo CGC 9.5","0.00","$0.00","$10.80","$10.80 (10/05/2025)","$10.80","$10.80","$10.80","0.00","1","$10.80"
"Umbreon 2025 Scarlet & Violet: Prismatic Evolutions #059/131 Poke Ball Reverse Holo CGC 9","0.00","$0.00","$9.99","$9.99 (10/08/2025)","$9.99","$9.99","$9.99","0.00","1","$9.99"
"Swanna 2025 Scarlet & Violet: White Flare #110/086 Illustration Rare PSA 8","0.00","$0.00","$10.50","$10.50 (10/09/2025)","$10.50","$10.50","$10.50","0.00","1","$10.50"
"Bulbasaur 2025 Japanese Mega Brave #64/63 Art Rare CGC 7.5","0.00","$0.00","$9.60","$9.60 (10/19/2025)","$9.60","$9.60","$9.60","0.00","1","$9.60"
"Team Rocket's Giovanni 2025 Scarlet & Violet: Destined Rivals #225/182 Ultra Rare (Full Art) CGC 9","0.00","$0.00","$10.80","$10.80 (09/28/2025)","$10.80","$10.80","$10.80","-50.00","1","$10.80"
"Team Rocket's Meowth 2025 Japanese Scarlet & Violet: Glory of Team Rocket #109/098 Art Rare BGS 9","0.00","$0.00","$36.72","$36.72 (10/05/2025)","$36.72","$36.72","$36.72","0.00","1","$36.72"
"Salamence ex 2025 Scarlet & Violet: Journey Together #177/159 Ultra Rare (Full Art) CGC 9.5","0.00","$0.00","$5.50","$5.50 (10/20/2025)","$5.50","$5.50","$5.50","0.00","1","$5.50"
"Steelix 2025 Japanese Mega Brave #73/63 Art Rare CGC 9.5","0.00","$0.00","$9.60","$9.60 (10/05/2025)","$9.60","$9.60","$9.60","0.00","1","$9.60"
"Steelix 2025 Japanese Mega Brave #73/63 Art Rare CGC 8.5","0.00","$0.00","$10.20","$10.20 (10/12/2025)","$10.20","$9.60","$10.80","100.00","2","$20.40"
"Steelix 2025 Japanese Mega Brave #73/63 Art Rare CGC 8","0.00","$0.00","$8.40","$8.40 (10/19/2025)","$8.40","$8.40","$8.40","0.00","2","$16.80"
"Steelix 2025 Japanese Mega Brave #73/63 Art Rare CGC 7.5","0.00","$0.00","$9.60","$9.60 (10/12/2025)","$9.60","$9.60","$9.60","0.00","1","$9.60"
"Lugia ex 2025 Scarlet & Violet: Prismatic Evolutions #082/131 Double Rare PSA 8","0.00","$0.00","$13.97","$13.97 (09/28/2025)","$13.97","$9.95","$18.00","100.00","2","$27.95"
"Landorus 2025 Scarlet & Violet: Black Bolt #131/086 Illustration Rare PSA 10","0.00","$0.00","$124.00","$124.00 (09/27/2025)","$124.00","$115.50","$132.50","-50.00","2","$248.00"
"Landorus 2025 Scarlet & Violet: Black Bolt #131/086 Illustration Rare PSA 8","0.00","$0.00","$20.50","$20.50 (10/02/2025)","$20.50","$20.50","$20.50","0.00","1","$20.50"
"Mega Lucario ex 2025 Japanese Mega Brave #78/63 Super Rare (Full Art) PSA 9","0.00","$0.00","$35.00","$35.00 (10/05/2025)","$35.00","$35.00","$35.00","0.00","1","$35.00"
"Team Rocket's Mewtwo ex 2025 Scarlet & Violet: Destined Rivals #240/182 Hyper Rare (Secret) BGS 9.5","0.00","$0.00","$115.00","$115.00 (10/24/2025)","$115.00","$115.00","$115.00","-50.00","1","$115.00"
"Dusclops 2025 Scarlet & Violet: Prismatic Evolutions #036/131 Poke Ball Reverse Holo PSA 10","0.00","$0.00","$25.00","$25.00 (09/29/2025)","$25.00","$25.00","$25.00","0.00","1","$25.00"
"Bouffalant ex 2025 Japanese Scarlet & Violet: White Flare #172/086 Special Art Rare PSA 10","0.00","$0.00","$50.00","$50.00 (09/27/2025)","$50.00","$50.00","$50.00","-50.00","1","$50.00"
"Watchog 2025 Scarlet & Violet: White Flare #153/086 Illustration Rare CGC 10","0.00","$0.00","$22.80","$22.80 (09/28/2025)","$22.80","$22.80","$22.80","0.00","1","$22.80"
"Glaceon 2025 Scarlet & Violet: Prismatic Evolutions #025/131 Reverse Holo PSA 9","0.00","$0.00","$11.50","$11.50 (10/03/2025)","$11.50","$11.50","$11.50","0.00","1","$11.50"
"Mega Mawile ex 2025 Japanese Mega Brave #46/63 Double Rare PSA 10","0.00","$0.00","$139.99","$139.99 (10/13/2025)","$139.99","$139.99","$139.99","0.00","1","$139.99"
"Ceruledge ex 2025 Scarlet & Violet: Prismatic Evolutions #147/131 Special Illustration Rare CGC 9.5","0.00","$0.00","$99.00","$99.00 (09/30/2025)","$99.00","$99.00","$99.00","0.00","1","$99.00"
"Articuno 2025 Japanese Scarlet & Violet: Battle Partners #102/100 Art Rare CGC 9.5","0.00","$0.00","$17.99","$17.99 (10/12/2025)","$17.99","$17.99","$17.99","-75.00","1","$17.99"
"Butterfree 2025 Scarlet & Violet: Journey Together #003/159 Holo CGC 10","0.00","$0.00","$6.50","$6.50 (10/21/2025)","$6.50","$6.50","$6.50","0.00","1","$6.50"
"N's Zorua 2025 Japanese Scarlet & Violet: Battle Partners #108/100 Art Rare CGC 9.5","0.00","$0.00","$15.00","$15.00 (10/23/2025)","$15.00","$15.00","$15.00","0.00","1","$15.00"
"Noctowl 2025 Scarlet & Violet: Prismatic Evolutions #078/131 Reverse Holo PSA 10","0.00","$0.00","$57.00","$57.00 (10/09/2025)","$57.00","$57.00","$57.00","0.00","1","$57.00"
"Escavalier 2025 Japanese Scarlet & Violet: Black Bolt #146/086 Art Rare CGC 10","0.00","$0.00","$8.50","$8.50 (10/20/2025)","$8.50","$8.50","$8.50","0.00","1","$8.50"
"Escavalier 2025 Japanese Scarlet & Violet: Black Bolt #146/086 Art Rare CGC 9","0.00","$0.00","$10.80","$10.80 (10/19/2025)","$10.80","$10.80","$10.80","0.00","1","$10.80"
"Espeon 2025 Scarlet & Violet: Prismatic Evolutions #033/131 Holo CGC 10","0.00","$0.00","$10.80","$10.80 (10/12/2025)","$10.80","$10.80","$10.80","-75.00","1","$10.80"
"Ethan's Typhlosion 2025 Scarlet & Violet: Destined Rivals #034/182 Holo PSA 6","0.00","$0.00","$8.16","$8.16 (10/18/2025)","$8.16","$8.16","$8.16","0.00","1","$8.16"
"Joltik 2025 Japanese Scarlet & Violet: White Flare #113/086 Art Rare CGC 10","0.00","$0.00","$13.50","$13.50 (10/20/2025)","$13.50","$13.50","$13.50","0.00","1","$13.50"
"Marshadow 2025 Mega Evolution #146/132 Illustration Rare CGC 10","0.00","$0.00","$151.51","$151.51 (10/17/2025)","$151.51","$151.51","$151.51","0.00","1","$151.51"
"Fennel 2025 Scarlet & Violet: Black Bolt #082/086 Poke Ball Reverse Holo PSA 9","0.00","$0.00","$10.50","$10.50 (10/23/2025)","$10.50","$10.50","$10.50","0.00","1","$10.50"
"Terrakion 2025 Japanese Scarlet & Violet: White Flare #133/086 Art Rare CGC 10","0.00","$0.00","$15.00","$15.00 (10/16/2025)","$15.00","$15.00","$15.00","0.00","1","$15.00"
"Team Rocket's Houndoom 2025 Scarlet & Violet: Destined Rivals #191/182 Illustration Rare CGC 9.5","0.00","$0.00","$33.00","$33.00 (10/24/2025)","$33.00","$33.00","$33.00","400.00","5","$165.00"
"Lillie's Clefairy ex 2025 Japanese Scarlet & Violet: Battle Partners #033/100 Double Rare PSA 9","0.00","$0.00","$9.99","$9.99 (09/30/2025)","$9.99","$9.99","$9.99","0.00","1","$9.99"
"Cubchoo 2025 Scarlet & Violet: Black Bolt #109/086 Illustration Rare CGC 10","0.00","$0.00","$38.00","$38.00 (09/28/2025)","$38.00","$38.00","$38.00","0.00","1","$38.00"
"N's Reshiram 2025 Japanese Scarlet & Violet: Battle Partners #109/100 Art Rare CGC 8.5","0.00","$0.00","$9.50","$9.50 (10/08/2025)","$9.50","$9.50","$9.50","0.00","1","$9.50"
"Team Rocket's Petrel 2025 Japanese Scarlet & Violet: Glory of Team Rocket #122/098 Super Rare (Full Art) PSA 10","0.00","$0.00","$24.99","$24.99 (10/03/2025)","$24.99","$24.99","$24.99","0.00","1","$24.99"
"Glaceon ex 2025 Scarlet & Violet: Prismatic Evolutions #026/131 Double Rare CGC 8.5","0.00","$0.00","$8.00","$8.00 (10/04/2025)","$8.00","$8.00","$8.00","0.00","1","$8.00"
"N's Zoroark ex 2025 Japanese Scarlet & Violet: Battle Partners #127/100 Special Art Rare PSA 9","0.00","$0.00","$39.67","$39.67 (10/21/2025)","$39.67","$39.67","$39.67","-50.00","1","$39.67"
"Roaring Moon 2025 Scarlet & Violet: Prismatic Evolutions #065/131 Holo PSA 8","0.00","$0.00","$11.50","$11.50 (10/03/2025)","$11.50","$11.50","$11.50","0.00","1","$11.50"
"Clamperl 2025 Scarlet & Violet: Destined Rivals #195/182 Illustration Rare SGC 10","0.00","$0.00","$20.00","$20.00 (10/04/2025)","$20.00","$20.00","$20.00","0.00","1","$20.00"
"Clamperl 2025 Scarlet & Violet: Destined Rivals #195/182 Illustration Rare CGC 10","0.00","$0.00","$15.60","$15.60 (10/19/2025)","$15.60","$15.60","$15.60","-50.00","2","$31.20"
"Brock's Scouting 2025 Scarlet & Violet: Journey Together #179/159 Ultra Rare (Full Art) CGC 9.5","0.00","$0.00","$8.40","$8.40 (09/28/2025)","$8.40","$8.40","$8.40","0.00","1","$8.40"
"Blaziken 2025 Scarlet & Violet: Destined Rivals #192/182 Illustration Rare BGS 9.5","0.00","$0.00","$91.20","$91.20 (10/05/2025)","$91.20","$91.20","$91.20","0.00","1","$91.20"
"Kyurem ex 2025 Scarlet & Violet: Black Bolt #157/086 Ultra Rare (Full Art) CGC 9","0.00","$0.00","$12.00","$12.00 (10/16/2025)","$12.00","$12.00","$12.00","0.00","1","$12.00"
"Mega Absol ex 2025 Japanese Mega Brave #38/63 Double Rare PSA 9","0.00","$0.00","$79.99","$79.99 (10/13/2025)","$79.99","$79.99","$79.99","0.00","1","$79.99"
"Drilbur 2025 Scarlet & Violet: Black Bolt #124/086 Illustration Rare CGC 10","0.00","$0.00","$22.80","$22.80 (09/28/2025)","$22.80","$22.80","$22.80","0.00","1","$22.80"
"Iono's Bellibolt ex 2025 Japanese Scarlet & Violet: Battle Partners #130/100 Ultra Rare (Secret) CGC 9","0.00","$0.00","$26.00","$26.00 (10/16/2025)","$26.00","$26.00","$26.00","0.00","1","$26.00"
"Sandy Shocks ex 2025 Scarlet & Violet: Prismatic Evolutions #056/131 Double Rare CGC 9","0.00","$0.00","$7.00","$7.00 (10/02/2025)","$7.00","$7.00","$7.00","0.00","1","$7.00"
"Team Rocket's Zapdos 2025 Japanese Scarlet & Violet: Glory of Team Rocket #033/098 Holo CGC 10","0.00","$0.00","$14.00","$14.00 (09/29/2025)","$14.00","$14.00","$14.00","-75.00","1","$14.00"
"Cofagrigus 2025 Scarlet & Violet: White Flare #040/086 Poke Ball Reverse Holo PSA 10","0.00","$0.00","$29.99","$29.99 (10/19/2025)","$29.99","$29.99","$29.99","0.00","1","$29.99"
"Snover 2025 Scarlet & Violet: Destined Rivals #059/182 Reverse Holo CGC 10","0.00","$0.00","$7.20","$7.20 (10/05/2025)","$7.20","$7.20","$7.20","0.00","1","$7.20"
"Lillipup 2025 Scarlet & Violet: White Flare #074/086 Master Ball Reverse Holo PSA 10","0.00","$0.00","$29.00","$29.00 (10/05/2025)","$29.00","$29.00","$29.00","0.00","1","$29.00"
"Duraludon 2025 Scarlet & Violet: Prismatic Evolutions #069/131 Poke Ball Reverse Holo CGC 10","0.00","$0.00","$10.00","$10.00 (10/20/2025)","$10.00","$10.00","$10.00","0.00","1","$10.00"
"Team Rocket's Mewtwo ex 2025 Scarlet & Violet: Destined Rivals #213/182 Ultra Rare (Full Art) BGS 9","0.00","$0.00","$35.00","$35.00 (10/22/2025)","$35.00","$35.00","$35.00","0.00","1","$35.00"
"Maximum Belt 2025 Scarlet & Violet: Prismatic Evolutions #117/131 Holo (ACE SPEC) PSA 10","0.00","$0.00","$27.60","$27.60 (09/28/2025)","$27.60","$27.60","$27.60","0.00","1","$27.60"
"Axew 2025 Scarlet & Violet: Black Bolt #068/086 Poke Ball Reverse Holo PSA 9","0.00","$0.00","$7.50","$7.50 (10/21/2025)","$7.50","$7.50","$7.50","0.00","1","$7.50"
"N's Zoroark ex 2025 Japanese Scarlet & Violet: Battle Partners #061/100 Double Rare PSA 10","0.00","$0.00","$30.00","$30.00 (10/10/2025)","$25.33","$16.00","$30.00","0.00","3","$76.00"
"Paldean Clodsire ex 2025 Scarlet & Violet: Journey Together #094/159 Double Rare PSA 9","0.00","$0.00","$3.75","$3.75 (10/03/2025)","$3.75","$3.75","$3.75","0.00","1","$3.75"
"Misty's Psyduck 2025 Japanese Scarlet & Violet: Heat Wave Arena #071/063 Art Rare BGS 10 Black Label","0.00","$0.00","$1374.12","$1374.12 (09/28/2025)","$1374.12","$1374.12","$1374.12","0.00","1","$1374.12"
"Team Rocket's Mewtwo ex 2025 Scarlet & Violet: Destined Rivals #081/182 Double Rare PSA 6","0.00","$0.00","$19.95","$19.95 (10/01/2025)","$19.95","$19.95","$19.95","0.00","1","$19.95"
"Samurott 2025 Japanese Scarlet & Violet: White Flare #104/086 Art Rare PSA 9","0.00","$0.00","$22.50","$22.50 (10/03/2025)","$22.50","$22.50","$22.50","0.00","1","$22.50"
"Houndstone 2025 Japanese Mega Symphonia #73/63 Art Rare PSA 9","0.00","$0.00","$14.40","$14.40 (10/22/2025)","$14.40","$14.40","$14.40","0.00","1","$14.40"
"Houndstone 2025 Japanese Mega Symphonia #73/63 Art Rare CGC 9.5","0.00","$0.00","$9.60","$9.60 (10/05/2025)","$9.60","$9.60","$9.60","0.00","1","$9.60"
"Mantine 2025 Mega Evolution #032/132 Reverse Holo CGC 9.5","0.00","$0.00","$7.20","$7.20 (10/12/2025)","$7.20","$7.20","$7.20","0.00","1","$7.20"
"Exeggutor 2025 Japanese Mega Brave #66/63 Art Rare CGC 9.5","0.00","$0.00","$12.00","$12.00 (10/19/2025)","$12.00","$12.00","$12.00","-50.00","1","$12.00"
"Mega Latias ex 2025 Japanese Mega Symphonia #88/63 Special Art Rare CGC 9","0.00","$0.00","$33.60","$33.60 (10/12/2025)","$33.60","$33.60","$33.60","-50.00","1","$33.60"
"Jellicent ex 2025 Japanese Scarlet & Violet: White Flare #170/086 Special Art Rare PSA 8","0.00","$0.00","$19.50","$19.50 (10/24/2025)","$19.50","$19.50","$19.50","0.00","1","$19.50"
"Jellicent ex 2025 Japanese Scarlet & Violet: White Flare #170/086 Special Art Rare BGS 9.5","0.00","$0.00","$32.99","$32.99 (10/18/2025)","$32.99","$32.99","$32.99","0.00","1","$32.99"
"Mega Kangaskhan ex 2025 Japanese Mega Symphonia #89/63 Special Art Rare PSA 9","0.00","$0.00","$45.00","$45.00 (10/19/2025)","$45.00","$45.00","$45.00","0.00","1","$45.00"
"Great Tusk 2025 Scarlet & Violet: Prismatic Evolutions #055/131 Base PSA 9","0.00","$0.00","$13.00","$13.00 (10/05/2025)","$13.00","$13.00","$13.00","0.00","1","$13.00"
"Liepard 2025 Japanese Scarlet & Violet: White Flare #135/086 Art Rare CGC 9","0.00","$0.00","$11.00","$11.00 (10/23/2025)","$11.00","$11.00","$11.00","0.00","1","$11.00"
"Iono's Bellibolt ex 2025 Scarlet & Violet: Journey Together #053/159 Double Rare PSA 9","0.00","$0.00","$10.50","$10.50 (09/30/2025)","$10.50","$10.50","$10.50","0.00","1","$10.50"
"Marshadow 2025 Japanese Mega Brave #69/63 Art Rare PSA 9","0.00","$0.00","$35.00","$35.00 (10/11/2025)","$35.00","$35.00","$35.00","0.00","1","$35.00"
"Iris's Fighting Spirit 2025 Scarlet & Violet: Journey Together #180/159 Ultra Rare (Full Art) PSA 6","0.00","$0.00","$10.58","$10.58 (09/28/2025)","$10.58","$10.58","$10.58","0.00","1","$10.58"
"Cinderace 2025 Mega Evolution #028/132 Holo CGC 9","0.00","$0.00","$6.00","$6.00 (10/12/2025)","$6.00","$6.00","$6.00","0.00","1","$6.00"
"Team Rocket's Nidoking ex 2025 Japanese Scarlet & Violet: Glory of Team Rocket #063/098 Double Rare CGC 9","0.00","$0.00","$5.50","$5.50 (09/28/2025)","$5.50","$5.50","$5.50","0.00","1","$5.50"
"Palafin ex 2025 Scarlet & Violet: Prismatic Evolutions #151/131 Special Illustration Rare CGC 10","0.00","$0.00","$52.80","$52.80 (09/28/2025)","$52.80","$52.80","$52.80","0.00","1","$52.80"
"Team Rocket's Nidoking ex 2025 Scarlet & Violet: Destined Rivals #119/182 Double Rare CGC 10","0.00","$0.00","$12.00","$12.00 (09/28/2025)","$12.00","$12.00","$12.00","-66.67","1","$12.00"
"Mega Kangaskhan ex 2025 Japanese Mega Symphonia #80/63 Super Rare (Full Art) PSA 9","0.00","$0.00","$90.00","$90.00 (10/22/2025)","$90.00","$90.00","$90.00","0.00","1","$90.00"
"Team Rocket's Tyranitar 2025 Japanese Scarlet & Violet: Glory of Team Rocket #050/098 Holo PSA 10","0.00","$0.00","$30.75","$30.75 (10/12/2025)","$30.75","$18.50","$43.00","0.00","2","$61.50"
"Iono's Bellibolt ex 2025 Japanese Scarlet & Violet: Battle Partners #030/100 Double Rare CGC 10","0.00","$0.00","$21.60","$21.60 (09/28/2025)","$21.60","$21.60","$21.60","0.00","1","$21.60"
"Hippopotas 2025 Scarlet & Violet: Prismatic Evolutions #052/131 Base PSA 10","0.00","$0.00","$30.00","$30.00 (10/06/2025)","$30.00","$30.00","$30.00","0.00","1","$30.00"
"Hippopotas 2025 Scarlet & Violet: Prismatic Evolutions #052/131 Base PSA 9","0.00","$0.00","$17.00","$17.00 (10/21/2025)","$17.00","$17.00","$17.00","0.00","1","$17.00"
"Umbreon 2025 Scarlet & Violet: Prismatic Evolutions #059/131 Master Ball Reverse Holo PSA 8","0.00","$0.00","$87.22","$87.22 (10/06/2025)","$87.22","$87.22","$87.22","0.00","1","$87.22"
"Kyurem ex 2025 Japanese Scarlet & Violet: Black Bolt #168/086 Special Art Rare BGS 9.5","0.00","$0.00","$44.99","$44.99 (10/03/2025)","$44.99","$44.99","$44.99","0.00","1","$44.99"
"Tapu Koko ex 2025 Scarlet & Violet: Journey Together #051/159 Double Rare PSA 9","0.00","$0.00","$30.00","$30.00 (10/11/2025)","$30.00","$30.00","$30.00","0.00","1","$30.00"
"Shroodle 2025 Japanese Mega Brave #72/63 Art Rare CGC 9","0.00","$0.00","$9.60","$9.60 (10/05/2025)","$9.60","$9.60","$9.60","0.00","1","$9.60"
"Ethan's Typhlosion 2025 Japanese Scarlet & Violet: Heat Wave Arena #070/063 Art Rare PSA 8","0.00","$0.00","$11.25","$11.25 (10/23/2025)","$11.25","$11.25","$11.25","0.00","1","$11.25"
"Electivire ex 2025 Japanese Scarlet & Violet: Heat Wave Arena #035/063 Double Rare PSA 10","0.00","$0.00","$26.88","$26.88 (10/12/2025)","$26.88","$19.50","$34.25","0.00","2","$53.75"
"Zekrom ex 2025 Japanese Scarlet & Violet: Black Bolt #161/086 Super Rare (Full Art) PSA 10","0.00","$0.00","$54.00","$54.00 (10/21/2025)","$45.25","$26.00","$54.00","-33.33","4","$181.00"
"Ethan's Ho-Oh ex 2025 Scarlet & Violet: Destined Rivals #039/182 Double Rare PSA 8","0.00","$0.00","$14.50","$14.50 (09/30/2025)","$14.50","$14.50","$14.50","0.00","1","$14.50"
"Ethan's Adventure 2025 Japanese Scarlet & Violet: Heat Wave Arena #089/063 Special Art Rare CGC 10","0.00","$0.00","$125.00","$125.00 (10/03/2025)","$125.00","$125.00","$125.00","-50.00","1","$125.00"
"Yveltal 2025 Mega Evolution #088/132 Holo CGC 10","0.00","$0.00","$12.00","$12.00 (10/12/2025)","$12.00","$12.00","$12.00","0.00","1","$12.00"
"Cynthia's Garchomp ex 2025 Scarlet & Violet: Destined Rivals #241/182 Hyper Rare (Secret) CGC 10","0.00","$0.00","$57.60","$57.60 (09/28/2025)","$57.60","$55.20","$60.00","-33.33","2","$115.20"
"Sandile 2025 Scarlet & Violet: Black Bolt #135/086 Illustration Rare CGC 10","0.00","$0.00","$22.80","$22.80 (10/12/2025)","$22.80","$22.80","$22.80","0.00","1","$22.80"
"Tympole 2025 Japanese Scarlet & Violet: Black Bolt #107/086 Art Rare CGC 7.5","0.00","$0.00","$6.00","$6.00 (10/12/2025)","$6.00","$6.00","$6.00","0.00","1","$6.00"
"Unfezant 2025 Scarlet & Violet: Black Bolt #150/086 Illustration Rare CGC 9.5","0.00","$0.00","$12.00","$12.00 (10/19/2025)","$12.00","$12.00","$12.00","0.00","1","$12.00"
"Rufflet 2025 Japanese Scarlet & Violet: White Flare #156/086 Art Rare PSA 10","0.00","$0.00","$34.99","$34.99 (09/26/2025)","$34.99","$34.99","$34.99","0.00","1","$34.99"
"Pyroar 2025 Scarlet & Violet: Prismatic Evolutions #016/131 Poke Ball Reverse Holo PSA 9","0.00","$0.00","$0.99","$0.99 (10/19/2025)","$0.99","$0.99","$0.99","0.00","1","$0.99"
"Team Rocket's Giovanni 2025 Scarlet & Violet: Destined Rivals #238/182 Special Illustration Rare CGC 10","0.00","$0.00","$46.00","$46.00 (10/20/2025)","$46.00","$46.00","$46.00","-50.00","1","$46.00"
"Team Rocket's Giovanni 2025 Scarlet & Violet: Destined Rivals #238/182 Special Illustration Rare CGC 9","0.00","$0.00","$37.00","$37.00 (10/21/2025)","$37.00","$37.00","$37.00","-66.67","1","$37.00"
"Maractus 2025 Scarlet & Violet: Black Bolt #008/086 Poke Ball Reverse Holo PSA 9","0.00","$0.00","$8.16","$8.16 (10/20/2025)","$8.16","$8.16","$8.16","0.00","1","$8.16"
"Boldore 2025 Japanese Scarlet & Violet: White Flare #126/086 Art Rare CGC 10","0.00","$0.00","$27.99","$27.99 (10/20/2025)","$27.99","$27.99","$27.99","0.00","1","$27.99"
"Boldore 2025 Japanese Scarlet & Violet: White Flare #126/086 Art Rare CGC 9.5","0.00","$0.00","$5.99","$5.99 (10/23/2025)","$5.99","$5.99","$5.99","0.00","1","$5.99"
"Lillie's Clefairy ex 2025 Scarlet & Violet: Journey Together #184/159 Special Illustration Rare CGC 9.5","0.00","$0.00","$204.70","$204.70 (10/09/2025)","$204.70","$204.70","$204.70","-50.00","1","$204.70"
"Litwick 2025 Scarlet & Violet: White Flare #101/086 Illustration Rare PSA 10","0.00","$0.00","$82.50","$82.50 (09/27/2025)","$82.50","$75.00","$90.00","0.00","2","$165.00"
"Sandy Shocks ex 2025 Scarlet & Violet: Prismatic Evolutions #159/131 Special Illustration Rare PSA 8","0.00","$0.00","$18.52","$18.52 (10/18/2025)","$18.52","$18.52","$18.52","0.00","1","$18.52"
"Sandy Shocks ex 2025 Scarlet & Violet: Prismatic Evolutions #159/131 Special Illustration Rare CGC 10","0.00","$0.00","$50.00","$50.00 (10/18/2025)","$50.00","$50.00","$50.00","0.00","1","$50.00"
"Mega Signal 2025 Japanese Mega Symphonia #83/63 Super Rare (Full Art) PSA 9","0.00","$0.00","$35.00","$35.00 (10/22/2025)","$35.00","$35.00","$35.00","0.00","1","$35.00"
"Mega Signal 2025 Japanese Mega Symphonia #83/63 Super Rare (Full Art) CGC 9.5","0.00","$0.00","$8.40","$8.40 (10/12/2025)","$8.40","$8.40","$8.40","0.00","1","$8.40"
"Eevee 2025 Scarlet & Violet: Prismatic Evolutions #074/131 Master Ball Reverse Holo CGC 9","0.00","$0.00","$15.60","$15.60 (10/19/2025)","$15.60","$15.60","$15.60","-50.00","1","$15.60"
"Ethan's Ho-Oh ex 2025 Japanese Scarlet & Violet: Heat Wave Arena #086/063 Special Art Rare BGS 10 Pristine","0.00","$0.00","$250.25","$250.25 (10/06/2025)","$250.25","$250.25","$250.25","0.00","1","$250.25"
"Ethan's Ho-Oh ex 2025 Japanese Scarlet & Violet: Heat Wave Arena #086/063 Special Art Rare BGS 9.5","0.00","$0.00","$128.25","$128.25 (10/15/2025)","$128.25","$128.25","$128.25","0.00","1","$128.25"
"Vanillish 2025 Japanese Scarlet & Violet: White Flare #109/086 Art Rare CGC 9.5","0.00","$0.00","$5.00","$5.00 (10/10/2025)","$5.00","$5.00","$5.00","0.00","1","$5.00"
"Liepard 2025 Scarlet & Violet: White Flare #137/086 Illustration Rare PSA 8","0.00","$0.00","$11.50","$11.50 (10/23/2025)","$11.50","$11.50","$11.50","0.00","1","$11.50"
"Vullaby 2025 Japanese Scarlet & Violet: Black Bolt #063/086 Master Ball Reverse Holo CGC 10","0.00","$0.00","$10.49","$10.49 (10/22/2025)","$10.49","$10.49","$10.49","0.00","1","$10.49"
"Amoonguss 2025 Japanese Scarlet & Violet: Black Bolt #096/086 Art Rare PSA 10","0.00","$0.00","$35.00","$35.00 (10/03/2025)","$35.00","$35.00","$35.00","-50.00","1","$35.00"
"Dudunsparce ex 2025 Scarlet & Violet: Journey Together #121/159 Double Rare PSA 9","0.00","$0.00","$11.00","$11.00 (10/17/2025)","$11.00","$11.00","$11.00","0.00","1","$11.00"
"Sigilyph 2025 Japanese Scarlet & Violet: White Flare #118/086 Art Rare PSA 10","0.00","$0.00","$34.99","$34.99 (10/18/2025)","$34.99","$34.99","$34.99","0.00","1","$34.99"
"Carracosta 2025 Scarlet & Violet: Black Bolt #107/086 Illustration Rare PSA 8","0.00","$0.00","$20.00","$20.00 (10/08/2025)","$20.00","$20.00","$20.00","0.00","1","$20.00"
"Hydrapple ex 2025 Scarlet & Violet: Prismatic Evolutions #011/131 Double Rare PSA 10","0.00","$0.00","$25.00","$25.00 (09/30/2025)","$25.00","$25.00","$25.00","0.00","1","$25.00"
"Vaporeon 2025 Scarlet & Violet: Prismatic Evolutions #022/131 Master Ball Reverse Holo PSA 8","0.00","$0.00","$10.50","$10.50 (10/11/2025)","$10.50","$10.50","$10.50","0.00","1","$10.50"
"Vaporeon 2025 Scarlet & Violet: Prismatic Evolutions #022/131 Master Ball Reverse Holo PSA 7","0.00","$0.00","$10.50","$10.50 (09/28/2025)","$10.50","$10.50","$10.50","0.00","1","$10.50"
"Eevee ex 2025 Scarlet & Violet: Prismatic Evolutions #167/131 Special Illustration Rare BGS 9","0.00","$0.00","$212.50","$212.50 (10/02/2025)","$212.50","$175.00","$250.00","0.00","2","$425.00"
"N's Reshiram 2025 Japanese Scarlet & Violet: Battle Partners #109/100 Art Rare BGS 10 Pristine","0.00","$0.00","$69.60","$69.60 (09/28/2025)","$69.60","$69.60","$69.60","-50.00","1","$69.60"
"Roggenrola 2025 Scarlet & Violet: White Flare #127/086 Illustration Rare PSA 9","0.00","$0.00","$16.50","$16.50 (10/12/2025)","$16.50","$16.50","$16.50","0.00","1","$16.50"
"Klink 2025 Scarlet & Violet: Black Bolt #139/086 Illustration Rare PSA 9","0.00","$0.00","$14.95","$14.95 (09/28/2025)","$14.95","$14.95","$14.95","-50.00","1","$14.95"
"Klink 2025 Scarlet & Violet: Black Bolt #139/086 Illustration Rare CGC 10","0.00","$0.00","$16.80","$16.80 (10/05/2025)","$16.80","$16.80","$16.80","0.00","1","$16.80"
"Klink 2025 Scarlet & Violet: Black Bolt #139/086 Illustration Rare CGC 9","0.00","$0.00","$10.80","$10.80 (10/05/2025)","$10.80","$10.80","$10.80","0.00","1","$10.80"
"Duosion 2025 Japanese Scarlet & Violet: Black Bolt #124/086 Art Rare CGC 9.5","0.00","$0.00","$15.00","$15.00 (10/03/2025)","$15.00","$15.00","$15.00","0.00","1","$15.00"
"Glaceon 2025 Scarlet & Violet: Prismatic Evolutions #025/131 Holo PSA 8","0.00","$0.00","$13.50","$13.50 (10/15/2025)","$13.50","$13.50","$13.50","0.00","1","$13.50"
"Glaceon 2025 Scarlet & Violet: Prismatic Evolutions #025/131 Holo CGC 8","0.00","$0.00","$6.00","$6.00 (10/05/2025)","$6.00","$6.00","$6.00","0.00","1","$6.00"
"Umbreon 2025 Scarlet & Violet: Prismatic Evolutions #059/131 Reverse Holo BGS 8.5","0.00","$0.00","$54.00","$54.00 (10/01/2025)","$54.00","$54.00","$54.00","0.00","1","$54.00"
"Landorus 2025 Japanese Scarlet & Violet: Black Bolt #137/086 Art Rare BGS 9.5","0.00","$0.00","$24.99","$24.99 (10/23/2025)","$24.99","$24.99","$24.99","0.00","1","$24.99"
"Sylveon 2025 Scarlet & Violet: Prismatic Evolutions #040/131 Master Ball Reverse Holo PSA 10","0.00","$0.00","$200.00","$200.00 (09/27/2025)","$200.00","$200.00","$200.00","-87.50","1","$200.00"
"Sylveon 2025 Scarlet & Violet: Prismatic Evolutions #040/131 Master Ball Reverse Holo CGC 8.5","0.00","$0.00","$15.60","$15.60 (10/19/2025)","$15.60","$15.60","$15.60","0.00","1","$15.60"
"Beartic 2025 Japanese Scarlet & Violet: Black Bolt #114/086 Art Rare CGC 9.5","0.00","$0.00","$7.16","$7.16 (10/22/2025)","$7.16","$7.16","$7.16","0.00","1","$7.16"
"Hilda 2025 Japanese Scarlet & Violet: White Flare #173/086 Special Art Rare CGC 9","0.00","$0.00","$55.20","$55.20 (10/12/2025)","$55.20","$55.20","$55.20","0.00","1","$55.20"
"Stunfisk 2025 Japanese Scarlet & Violet: White Flare #115/086 Art Rare CGC 10","0.00","$0.00","$25.99","$25.99 (10/15/2025)","$25.99","$25.99","$25.99","0.00","1","$25.99"
"Stoutland 2025 Scarlet & Violet: White Flare #156/086 Illustration Rare PSA 8","0.00","$0.00","$9.50","$9.50 (09/26/2025)","$9.50","$9.50","$9.50","0.00","1","$9.50"
"Vanillite 2025 Japanese Scarlet & Violet: White Flare #108/086 Art Rare PSA 9","0.00","$0.00","$15.50","$15.50 (10/14/2025)","$15.50","$15.50","$15.50","0.00","1","$15.50"
"Heatmor 2025 Japanese Scarlet & Violet: White Flare #101/086 Art Rare PSA 10","0.00","$0.00","$27.00","$27.00 (10/18/2025)","$27.00","$27.00","$27.00","0.00","1","$27.00"
"Lillipup 2025 Scarlet & Violet: White Flare #074/086 Reverse Holo PSA 10","0.00","$0.00","$26.00","$26.00 (10/21/2025)","$26.00","$26.00","$26.00","0.00","1","$26.00"
"Heatmor 2025 Japanese Scarlet & Violet: White Flare #101/086 Art Rare CGC 10","0.00","$0.00","$25.99","$25.99 (10/15/2025)","$25.99","$25.99","$25.99","0.00","1","$25.99"
"Druddigon 2025 Japanese Scarlet & Violet: White Flare #150/086 Art Rare CGC 9.5","0.00","$0.00","$18.07","$18.07 (10/01/2025)","$18.07","$18.07","$18.07","-50.00","1","$18.07"
"Tynamo 2025 Scarlet & Violet: Black Bolt #113/086 Illustration Rare PSA 10","0.00","$0.00","$202.50","$202.50 (10/17/2025)","$202.50","$202.50","$202.50","0.00","1","$202.50"
"Tynamo 2025 Scarlet & Violet: Black Bolt #113/086 Illustration Rare CGC 9","0.00","$0.00","$28.00","$28.00 (10/06/2025)","$28.00","$28.00","$28.00","0.00","1","$28.00"
"Wellspring Mask Ogerpon ex 2025 Scarlet & Violet: Prismatic Evolutions #027/131 Double Rare CGC 9.5","0.00","$0.00","$9.60","$9.60 (10/19/2025)","$9.60","$9.60","$9.60","0.00","1","$9.60"
"Brock's Scouting 2025 Scarlet & Violet: Journey Together #179/159 Ultra Rare (Full Art) CGC 9","0.00","$0.00","$10.80","$10.80 (10/19/2025)","$10.80","$10.80","$10.80","0.00","1","$10.80"
"Ethan's Ho-Oh ex 2025 Scarlet & Violet: Destined Rivals #209/182 Ultra Rare (Full Art) CGC 8.5","0.00","$0.00","$12.00","$12.00 (10/05/2025)","$12.00","$12.00","$12.00","0.00","1","$12.00"
"Dondozo ex 2025 Scarlet & Violet: Destined Rivals #211/182 Ultra Rare (Full Art) PSA 8","0.00","$0.00","$7.00","$7.00 (10/03/2025)","$7.00","$7.00","$7.00","0.00","1","$7.00"
"Gigalith 2025 Scarlet & Violet: White Flare #129/086 Illustration Rare PSA 8","0.00","$0.00","$17.50","$17.50 (10/17/2025)","$17.50","$17.50","$17.50","0.00","1","$17.50"
"Misty's Gyarados 2025 Scarlet & Violet: Destined Rivals #049/182 Holo CGC 9","0.00","$0.00","$33.60","$33.60 (09/28/2025)","$33.60","$33.60","$33.60","0.00","2","$67.20"
"Tyranitar 2025 Scarlet & Violet: Journey Together #095/159 Holo PSA 9","0.00","$0.00","$9.00","$9.00 (10/24/2025)","$9.00","$9.00","$9.00","0.00","1","$9.00"
"Hop's Zacian ex 2025 Scarlet & Violet: Journey Together #176/159 Ultra Rare (Full Art) PSA 8","0.00","$0.00","$8.50","$8.50 (09/30/2025)","$8.50","$8.50","$8.50","-80.00","1","$8.50"
"Fan Rotom 2025 Scarlet & Violet: Prismatic Evolutions #085/131 Master Ball Reverse Holo PSA 10","0.00","$0.00","$75.00","$75.00 (10/06/2025)","$75.00","$75.00","$75.00","0.00","1","$75.00"
"Fan Rotom 2025 Scarlet & Violet: Prismatic Evolutions #085/131 Reverse Holo CGC 9.5","0.00","$0.00","$7.20","$7.20 (10/19/2025)","$7.20","$7.20","$7.20","0.00","1","$7.20"
"Fennel 2025 Scarlet & Violet: Black Bolt #162/086 Ultra Rare (Full Art) PSA 8","0.00","$0.00","$50.00","$50.00 (10/14/2025)","$50.00","$50.00","$50.00","0.00","1","$50.00"
"Gigalith 2025 Japanese Scarlet & Violet: White Flare #127/086 Art Rare CGC 10","0.00","$0.00","$12.99","$12.99 (10/04/2025)","$12.99","$12.99","$12.99","0.00","1","$12.99"
"Rabsca ex 2025 Scarlet & Violet: Destined Rivals #025/182 Double Rare CGC 10","0.00","$0.00","$14.40","$14.40 (10/05/2025)","$14.40","$14.40","$14.40","0.00","1","$14.40"
"Rabsca ex 2025 Scarlet & Violet: Destined Rivals #025/182 Double Rare CGC 9","0.00","$0.00","$4.00","$4.00 (10/20/2025)","$4.00","$4.00","$4.00","0.00","1","$4.00"
"Snover 2025 Japanese Mega Symphonia #67/63 Art Rare CGC 9.5","0.00","$0.00","$9.60","$9.60 (10/12/2025)","$9.60","$9.60","$9.60","0.00","2","$19.20"
"Sandshrew 2025 Mega Evolution #068/132 Reverse Holo CGC 10","0.00","$0.00","$11.40","$11.40 (10/12/2025)","$11.40","$8.40","$14.40","0.00","2","$22.80"
"Exeggutor 2025 Japanese Mega Brave #66/63 Art Rare CGC 8.5","0.00","$0.00","$9.60","$9.60 (10/12/2025)","$9.60","$9.60","$9.60","0.00","1","$9.60"
"Axew 2025 Japanese Scarlet & Violet: Black Bolt #150/086 Art Rare CGC 9","0.00","$0.00","$7.50","$7.50 (10/13/2025)","$7.50","$7.50","$7.50","0.00","1","$7.50"
"Team Rocket's Crobat ex 2025 Scarlet & Violet: Destined Rivals #234/182 Special Illustration Rare PSA 7","0.00","$0.00","$98.40","$98.40 (09/28/2025)","$98.40","$98.40","$98.40","0.00","1","$98.40"
"Deino 2025 Scarlet & Violet: White Flare #146/086 Illustration Rare PSA 8","0.00","$0.00","$13.50","$13.50 (09/28/2025)","$13.50","$13.50","$13.50","0.00","1","$13.50"
"Deino 2025 Scarlet & Violet: White Flare #146/086 Illustration Rare CGC 10","0.00","$0.00","$34.80","$34.80 (10/05/2025)","$34.80","$34.80","$34.80","0.00","1","$34.80"
"Shuckle 2025 Japanese Mega Symphonia #64/63 Art Rare CGC 9","0.00","$0.00","$9.60","$9.60 (10/12/2025)","$9.60","$9.60","$9.60","0.00","1","$9.60"
"Mega Venusaur ex 2025 Japanese Mega Brave #03/63 Double Rare CGC 9","0.00","$0.00","$10.80","$10.80 (10/19/2025)","$10.80","$10.80","$10.80","0.00","2","$21.60"
"Gothita 2025 Japanese Scarlet & Violet: White Flare #038/086 Master Ball Reverse Holo CGC 9","0.00","$0.00","$3.25","$3.25 (10/21/2025)","$3.25","$3.25","$3.25","0.00","1","$3.25"
"Festival Grounds 2025 Scarlet & Violet: Prismatic Evolutions #108/131 Reverse Holo CGC 9.5","0.00","$0.00","$6.00","$6.00 (10/12/2025)","$6.00","$6.00","$6.00","0.00","1","$6.00"
"Festival Grounds 2025 Scarlet & Violet: Prismatic Evolutions #108/131 Reverse Holo CGC 9","0.00","$0.00","$7.20","$7.20 (10/19/2025)","$7.20","$7.20","$7.20","0.00","1","$7.20"
"Ethan's Adventure 2025 Japanese Scarlet & Violet: Heat Wave Arena #084/063 Super Rare (Full Art) PSA 10","0.00","$0.00","$30.00","$30.00 (09/30/2025)","$30.00","$30.00","$30.00","0.00","1","$30.00"
"Leafeon 2025 Scarlet & Violet: Prismatic Evolutions #005/131 Holo CGC 9","0.00","$0.00","$8.00","$8.00 (10/14/2025)","$8.00","$8.00","$8.00","0.00","1","$8.00"
"Frillish 2025 Scarlet & Violet: White Flare #044/086 Master Ball Reverse Holo PSA 8","0.00","$0.00","$3.25","$3.25 (10/22/2025)","$3.25","$3.25","$3.25","0.00","1","$3.25"
"Mega Manectric ex 2025 Japanese Mega Symphonia #77/63 Super Rare (Full Art) CGC 9","0.00","$0.00","$15.00","$15.00 (10/05/2025)","$15.00","$13.20","$16.80","0.00","2","$30.00"
"Arven's Mabosstiff ex 2025 Scarlet & Violet: Destined Rivals #218/182 Ultra Rare (Full Art) CGC 10","0.00","$0.00","$19.20","$19.20 (10/05/2025)","$19.20","$19.20","$19.20","-66.67","1","$19.20"
"Flareon 2025 Scarlet & Violet: Prismatic Evolutions #013/131 Reverse Holo PSA 9","0.00","$0.00","$18.50","$18.50 (10/03/2025)","$18.50","$18.50","$18.50","0.00","1","$18.50"
"Cynthia's Garchomp ex 2025 Scarlet & Violet: Destined Rivals #232/182 Special Illustration Rare CGC 9","0.00","$0.00","$280.00","$280.00 (10/23/2025)","$280.00","$280.00","$280.00","0.00","1","$280.00"
"Celebi 2025 Mega Evolution #012/132 Reverse Holo CGC 9","0.00","$0.00","$7.20","$7.20 (10/12/2025)","$7.20","$7.20","$7.20","0.00","1","$7.20"
"Misty's Psyduck 2025 Japanese Scarlet & Violet: Heat Wave Arena #071/063 Art Rare PSA 8","0.00","$0.00","$39.99","$39.99 (10/21/2025)","$39.99","$39.99","$39.99","-50.00","1","$39.99"
"Prime Catcher 2025 Scarlet & Violet: Prismatic Evolutions #119/131 Holo (ACE SPEC) PSA 7","0.00","$0.00","$13.41","$13.41 (10/17/2025)","$13.41","$13.41","$13.41","0.00","1","$13.41"
"Mega Camerupt ex 2025 Japanese Mega Brave #77/63 Super Rare (Full Art) CGC 10","0.00","$0.00","$16.80","$16.80 (10/12/2025)","$16.80","$16.80","$16.80","-66.67","1","$16.80"
"Iono's Bellibolt ex 2025 Japanese Scarlet & Violet: Battle Partners #030/100 Double Rare PSA 10","0.00","$0.00","$30.00","$30.00 (10/07/2025)","$30.00","$30.00","$30.00","0.00","1","$30.00"
"Cofagrigus 2025 Japanese Scarlet & Violet: White Flare #037/086 Master Ball Reverse Holo CGC 10","0.00","$0.00","$14.49","$14.49 (10/04/2025)","$14.49","$14.49","$14.49","0.00","1","$14.49"
"Panpour 2025 Scarlet & Violet: Black Bolt #101/086 Illustration Rare PSA 10","0.00","$0.00","$104.50","$104.50 (10/17/2025)","$104.50","$104.50","$104.50","0.00","1","$104.50"
"Panpour 2025 Scarlet & Violet: Black Bolt #101/086 Illustration Rare CGC 10","0.00","$0.00","$20.40","$20.40 (10/05/2025)","$20.40","$20.40","$20.40","0.00","1","$20.40"
"Archaludon 2025 Scarlet & Violet: Prismatic Evolutions #070/131 Poke Ball Reverse Holo PSA 9","0.00","$0.00","$0.99","$0.99 (10/19/2025)","$0.99","$0.99","$0.99","0.00","1","$0.99"
"Gothita 2025 Japanese Scarlet & Violet: White Flare #121/086 Art Rare BGS 9.5","0.00","$0.00","$10.53","$10.53 (10/13/2025)","$10.53","$10.53","$10.53","0.00","1","$10.53"
"Thundurus 2025 Japanese Scarlet & Violet: Black Bolt #036/086 Holo CGC 10","0.00","$0.00","$13.20","$13.20 (09/28/2025)","$13.20","$13.20","$13.20","0.00","1","$13.20"
"Hilda 2025 Scarlet & Violet: White Flare #171/086 Special Illustration Rare BGS 9","0.00","$0.00","$55.00","$55.00 (10/19/2025)","$55.00","$55.00","$55.00","0.00","1","$55.00"
"Vaporeon 2025 Scarlet & Violet: Prismatic Evolutions #022/131 Poke Ball Reverse Holo PSA 7","0.00","$0.00","$12.00","$12.00 (10/19/2025)","$12.00","$12.00","$12.00","0.00","1","$12.00"
"Steven's Metagross ex 2025 Scarlet & Violet: Destined Rivals #145/182 Double Rare PSA 8","0.00","$0.00","$17.00","$17.00 (10/13/2025)","$17.00","$17.00","$17.00","0.00","1","$17.00"
"Garganacl 2025 Japanese Mega Brave #70/63 Art Rare PSA 10","0.00","$0.00","$40.00","$40.00 (10/14/2025)","$40.00","$40.00","$40.00","0.00","1","$40.00"
"N's Plan 2025 Scarlet & Violet: Black Bolt #170/086 Special Illustration Rare CGC 10","0.00","$0.00","$126.00","$126.00 (10/12/2025)","$126.00","$126.00","$126.00","0.00","1","$126.00"
"Amoonguss 2025 Japanese Scarlet & Violet: Black Bolt #096/086 Art Rare CGC 10","0.00","$0.00","$15.00","$15.00 (10/20/2025)","$15.00","$15.00","$15.00","0.00","2","$30.00"
"Herdier 2025 Japanese Scarlet & Violet: White Flare #154/086 Art Rare CGC 10","0.00","$0.00","$27.99","$27.99 (10/20/2025)","$27.99","$27.99","$27.99","0.00","2","$55.98"
"Misty's Lapras 2025 Scarlet & Violet: Destined Rivals #194/182 Illustration Rare BGS 9.5","0.00","$0.00","$54.00","$54.00 (10/08/2025)","$54.00","$54.00","$54.00","0.00","1","$54.00"
"Whimsicott ex 2025 Scarlet & Violet: White Flare #005/086 Double Rare PSA 10","0.00","$0.00","$19.99","$19.99 (10/18/2025)","$19.99","$19.99","$19.99","0.00","1","$19.99"
"Lillie's Determination 2025 Mega Evolution #184/132 Special Illustration Rare BGS 10 Pristine","0.00","$0.00","$1900.00","$1900.00 (10/07/2025)","$1900.00","$1900.00","$1900.00","0.00","1","$1900.00"
"Lillie's Determination 2025 Mega Evolution #184/132 Special Illustration Rare BGS 9.5","0.00","$0.00","$255.00","$255.00 (10/15/2025)","$255.00","$255.00","$255.00","0.00","1","$255.00"
"Nuzleaf 2025 Mega Evolution #014/132 Reverse Holo CGC 10","0.00","$0.00","$7.20","$7.20 (10/12/2025)","$7.20","$7.20","$7.20","0.00","1","$7.20"
"Vulpix 2025 Mega Evolution #138/132 Illustration Rare PSA 9","0.00","$0.00","$53.96","$53.96 (10/19/2025)","$53.96","$53.96","$53.96","0.00","1","$53.96"
"Vulpix 2025 Mega Evolution #138/132 Illustration Rare CGC 9.5","0.00","$0.00","$39.00","$39.00 (10/14/2025)","$39.00","$39.00","$39.00","0.00","1","$39.00"
"Koffing 2025 Scarlet & Violet: Journey Together #091/159 Reverse Holo PSA 10","0.00","$0.00","$59.99","$59.99 (10/12/2025)","$59.99","$59.99","$59.99","0.00","1","$59.99"
"Elgyem 2025 Scarlet & Violet: Black Bolt #040/086 Poke Ball Reverse Holo CGC 8","0.00","$0.00","$12.00","$12.00 (09/28/2025)","$12.00","$12.00","$12.00","0.00","1","$12.00"
"Kyurem ex 2025 Scarlet & Violet: Black Bolt #028/086 Double Rare CGC 10","0.00","$0.00","$15.60","$15.60 (10/19/2025)","$15.60","$15.60","$15.60","0.00","1","$15.60"
"Janine's Secret Art 2025 Scarlet & Violet: Prismatic Evolutions #112/131 Base PSA 8","0.00","$0.00","$5.50","$5.50 (10/03/2025)","$5.50","$5.50","$5.50","0.00","1","$5.50"
"Cubchoo 2025 Scarlet & Violet: Black Bolt #109/086 Illustration Rare CGC 9.5","0.00","$0.00","$13.20","$13.20 (10/12/2025)","$13.20","$13.20","$13.20","0.00","1","$13.20"
"Iron Boulder 2025 Scarlet & Violet: Prismatic Evolutions #046/131 Master Ball Reverse Holo PSA 9","0.00","$0.00","$9.99","$9.99 (10/16/2025)","$9.99","$9.99","$9.99","0.00","2","$19.98"
"Stoutland 2025 Scarlet & Violet: White Flare #156/086 Illustration Rare PSA 9","0.00","$0.00","$29.95","$29.95 (10/01/2025)","$29.95","$29.95","$29.95","0.00","1","$29.95"
"Whimsicott 2025 Scarlet & Violet: Prismatic Evolutions #008/131 Poke Ball Reverse Holo PSA 10","0.00","$0.00","$25.00","$25.00 (10/18/2025)","$25.00","$25.00","$25.00","0.00","1","$25.00"
"Dusknoir 2025 Scarlet & Violet: Prismatic Evolutions #037/131 Master Ball Reverse Holo PSA 10","0.00","$0.00","$100.00","$100.00 (10/18/2025)","$100.00","$100.00","$100.00","0.00","1","$100.00"
"Duskull 2025 Scarlet & Violet: Prismatic Evolutions #035/131 Poke Ball Reverse Holo PSA 9","0.00","$0.00","$11.00","$11.00 (10/22/2025)","$11.00","$11.00","$11.00","0.00","1","$11.00"
"Zekrom ex 2025 Japanese Scarlet & Violet: Black Bolt #161/086 Super Rare (Full Art) CGC 10","0.00","$0.00","$19.35","$19.35 (09/28/2025)","$19.35","$13.50","$25.20","0.00","2","$38.70"
"Lillie's Clefairy ex 2025 Scarlet & Violet: Journey Together #173/159 Ultra Rare (Full Art) SGC 10","0.00","$0.00","$20.50","$20.50 (10/06/2025)","$20.50","$20.50","$20.50","0.00","1","$20.50"
"Professor's Research 2025 Scarlet & Violet: Black Bolt #085/086 Poke Ball Reverse Holo (Professor Juniper) CGC 9","0.00","$0.00","$8.40","$8.40 (09/28/2025)","$8.40","$8.40","$8.40","0.00","1","$8.40"
"Rufflet 2025 Japanese Scarlet & Violet: White Flare #156/086 Art Rare CGC 10","0.00","$0.00","$15.00","$15.00 (10/22/2025)","$15.00","$15.00","$15.00","0.00","1","$15.00"
"Rufflet 2025 Japanese Scarlet & Violet: White Flare #156/086 Art Rare CGC 9.5","0.00","$0.00","$3.25","$3.25 (09/30/2025)","$3.25","$3.25","$3.25","0.00","1","$3.25"
"Rufflet 2025 Japanese Scarlet & Violet: White Flare #156/086 Art Rare CGC 8.5","0.00","$0.00","$13.99","$13.99 (10/10/2025)","$13.99","$13.99","$13.99","0.00","1","$13.99"
"Xerneas 2025 Mega Evolution #064/132 Holo CGC 9","0.00","$0.00","$7.20","$7.20 (10/12/2025)","$7.20","$7.20","$7.20","0.00","1","$7.20"
"Leafeon ex 2025 Scarlet & Violet: Prismatic Evolutions #006/131 Double Rare CGC 9","0.00","$0.00","$13.20","$13.20 (10/12/2025)","$13.20","$13.20","$13.20","-50.00","1","$13.20"
"Scrafty 2025 Japanese Scarlet & Violet: White Flare #137/086 Art Rare CGC 10","0.00","$0.00","$27.99","$27.99 (10/20/2025)","$27.99","$27.99","$27.99","100.00","2","$55.98"
"Vaporeon 2025 Scarlet & Violet: Prismatic Evolutions #022/131 Reverse Holo PSA 9","0.00","$0.00","$18.00","$18.00 (10/19/2025)","$14.77","$8.06","$18.00","33.33","4","$59.06"
"Oricorio ex 2025 Japanese Mega: Inferno X #111/80 Special Art Rare PSA 9","0.00","$0.00","$164.50","$164.50 (10/16/2025)","$164.50","$164.50","$164.50","0.00","1","$164.50"
"Reuniclus 2025 Japanese Scarlet & Violet: Black Bolt #125/086 Art Rare PSA 9","0.00","$0.00","$10.50","$10.50 (10/08/2025)","$10.50","$10.50","$10.50","0.00","1","$10.50"
"Duskull 2025 Scarlet & Violet: Prismatic Evolutions #035/131 Master Ball Reverse Holo CGC 9","0.00","$0.00","$6.00","$6.00 (10/12/2025)","$6.00","$6.00","$6.00","0.00","1","$6.00"
"Iono's Bellibolt ex 2025 Japanese Scarlet & Violet: Battle Partners #125/100 Special Art Rare CGC 9","0.00","$0.00","$36.00","$36.00 (10/02/2025)","$36.00","$36.00","$36.00","-50.00","1","$36.00"
"Krookodile 2025 Japanese Scarlet & Violet: Black Bolt #143/086 Art Rare PSA 10","0.00","$0.00","$44.99","$44.99 (10/06/2025)","$44.99","$44.99","$44.99","100.00","2","$89.98"
"Cottonee 2025 Scarlet & Violet: White Flare #090/086 Illustration Rare PSA 10","0.00","$0.00","$70.00","$70.00 (10/15/2025)","$70.00","$70.00","$70.00","0.00","1","$70.00"
"Yanmega ex 2025 Japanese Scarlet & Violet: Heat Wave Arena #076/063 Super Rare (Full Art) PSA 9","0.00","$0.00","$11.50","$11.50 (10/19/2025)","$11.50","$11.50","$11.50","0.00","1","$11.50"
"Dragapult ex 2025 Scarlet & Violet: Prismatic Evolutions #073/131 Double Rare PSA 10","0.00","$0.00","$28.63","$28.63 (09/28/2025)","$28.63","$28.63","$28.63","0.00","1","$28.63"
"Dragapult ex 2025 Scarlet & Violet: Prismatic Evolutions #073/131 Double Rare PSA 9","0.00","$0.00","$9.00","$9.00 (10/02/2025)","$9.00","$8.50","$9.50","0.00","2","$18.00"
"Grafaiai 2025 Mega Evolution #092/132 Reverse Holo CGC 9","0.00","$0.00","$6.00","$6.00 (10/12/2025)","$6.00","$6.00","$6.00","0.00","1","$6.00"
"Salamence ex 2025 Japanese Scarlet & Violet: Battle Partners #072/100 Double Rare CGC 9","0.00","$0.00","$10.00","$10.00 (09/25/2025)","$10.00","$10.00","$10.00","0.00","1","$10.00"
"Mega Latias ex 2025 Mega Evolution #100/132 Double Rare CGC 9.5","0.00","$0.00","$20.00","$20.00 (10/13/2025)","$20.00","$20.00","$20.00","0.00","1","$20.00"
"Zebstrika 2025 Scarlet & Violet: White Flare #115/086 Illustration Rare PSA 9","0.00","$0.00","$29.95","$29.95 (09/25/2025)","$29.95","$29.95","$29.95","0.00","1","$29.95"
"Alomomola 2025 Japanese Scarlet & Violet: Black Bolt #112/086 Art Rare CGC 10","0.00","$0.00","$25.99","$25.99 (10/15/2025)","$25.99","$25.99","$25.99","0.00","1","$25.99"
"Simisage 2025 Japanese Scarlet & Violet: Black Bolt #090/086 Art Rare PSA 10","0.00","$0.00","$35.00","$35.00 (10/24/2025)","$35.00","$35.00","$35.00","0.00","1","$35.00"
"Ethan's Ho-Oh ex 2025 Japanese Scarlet & Violet: Heat Wave Arena #086/063 Special Art Rare CGC 9.5","0.00","$0.00","$119.95","$119.95 (10/10/2025)","$119.95","$119.95","$119.95","0.00","1","$119.95"
"Dusknoir 2025 Scarlet & Violet: Prismatic Evolutions #037/131 Master Ball Reverse Holo PSA 8","0.00","$0.00","$5.99","$5.99 (10/08/2025)","$5.99","$5.99","$5.99","0.00","1","$5.99"
"Roggenrola 2025 Scarlet & Violet: White Flare #127/086 Illustration Rare CGC 9","0.00","$0.00","$9.60","$9.60 (10/12/2025)","$9.60","$9.60","$9.60","0.00","1","$9.60"
"Lucario ex 2025 Scarlet & Violet: Prismatic Evolutions #051/131 Double Rare PSA 7","0.00","$0.00","$18.00","$18.00 (10/08/2025)","$18.00","$18.00","$18.00","0.00","1","$18.00"
"Budew 2025 Scarlet & Violet: Prismatic Evolutions #004/131 Reverse Holo PSA 10","0.00","$0.00","$20.50","$20.50 (10/11/2025)","$20.50","$20.50","$20.50","0.00","1","$20.50"
"Druddigon 2025 Scarlet & Violet: White Flare #151/086 Illustration Rare CGC 9.5","0.00","$0.00","$13.20","$13.20 (10/05/2025)","$13.20","$13.20","$13.20","0.00","1","$13.20"
"Team Rocket's Giovanni 2025 Scarlet & Violet: Destined Rivals #174/182 Base PSA 10","0.00","$0.00","$300.00","$300.00 (10/20/2025)","$300.00","$300.00","$300.00","0.00","1","$300.00"
"Team Rocket's Nidoking ex 2025 Japanese Scarlet & Violet: Glory of Team Rocket #116/098 Super Rare (Full Art) PSA 9","0.00","$0.00","$22.50","$22.50 (09/26/2025)","$22.50","$22.50","$22.50","0.00","1","$22.50"
"Team Rocket's Nidoking ex 2025 Japanese Scarlet & Violet: Glory of Team Rocket #116/098 Super Rare (Full Art) BGS 9.5","0.00","$0.00","$21.56","$21.56 (10/05/2025)","$21.56","$21.56","$21.56","0.00","1","$21.56"
"Victini 2025 Scarlet & Violet: White Flare #172/086 Black White Rare (Secret) CGC 10","0.00","$0.00","$850.00","$850.00 (10/17/2025)","$850.00","$850.00","$850.00","0.00","1","$850.00"
"Victini 2025 Scarlet & Violet: White Flare #172/086 Black White Rare (Secret) CGC 9","0.00","$0.00","$350.00","$350.00 (10/11/2025)","$350.00","$350.00","$350.00","0.00","1","$350.00"
"Elgyem 2025 Scarlet & Violet: Black Bolt #120/086 Illustration Rare CGC 9","0.00","$0.00","$13.20","$13.20 (10/19/2025)","$13.20","$13.20","$13.20","0.00","1","$13.20"
"Lillie's Determination 2025 Japanese Mega Brave #91/63 Special Art Rare CGC 10","0.00","$0.00","$420.00","$420.00 (10/12/2025)","$420.00","$420.00","$420.00","0.00","1","$420.00"
"Victini 2025 Japanese Scarlet & Violet: Black Bolt #012/086 Reverse Holo CGC 7.5","0.00","$0.00","$10.00","$10.00 (09/25/2025)","$10.00","$10.00","$10.00","0.00","1","$10.00"
"Ruffian 2025 Scarlet & Violet: Journey Together #181/159 Ultra Rare (Full Art) CGC 9.5","0.00","$0.00","$10.00","$10.00 (09/25/2025)","$10.00","$10.00","$10.00","0.00","1","$10.00"
"Mega Gardevoir ex 2025 Japanese Mega Symphonia #78/63 Super Rare (Full Art) CGC 8","0.00","$0.00","$10.80","$10.80 (10/05/2025)","$10.80","$10.80","$10.80","0.00","1","$10.80"
"Riolu 2025 Scarlet & Violet: Prismatic Evolutions #050/131 Reverse Holo CGC 10","0.00","$0.00","$28.00","$28.00 (10/09/2025)","$28.00","$28.00","$28.00","0.00","1","$28.00"
"Sandile 2025 Scarlet & Violet: Black Bolt #135/086 Illustration Rare PSA 10","0.00","$0.00","$73.00","$73.00 (10/12/2025)","$73.00","$73.00","$73.00","-50.00","1","$73.00"
"Sandile 2025 Scarlet & Violet: Black Bolt #135/086 Illustration Rare PSA 8","0.00","$0.00","$12.50","$12.50 (10/11/2025)","$12.50","$12.50","$12.50","0.00","1","$12.50"
"Team Rocket's Nidoking ex 2025 Scarlet & Violet: Destined Rivals #233/182 Special Illustration Rare BGS 9.5","0.00","$0.00","$186.00","$186.00 (10/12/2025)","$186.00","$186.00","$186.00","0.00","1","$186.00"
"Cetitan ex 2025 Japanese Scarlet & Violet: Glory of Team Rocket #032/098 Double Rare PSA 10","0.00","$0.00","$17.38","$17.38 (10/12/2025)","$17.38","$17.38","$17.38","0.00","1","$17.38"
"Max Rod 2025 Scarlet & Violet: Prismatic Evolutions #116/131 Holo (ACE SPEC) CGC 8.5","0.00","$0.00","$8.40","$8.40 (10/19/2025)","$8.40","$8.40","$8.40","0.00","1","$8.40"
"Reshiram ex 2025 Scarlet & Violet: White Flare #173/086 Black White Rare (Secret) PSA 7","0.00","$0.00","$305.00","$305.00 (10/23/2025)","$305.00","$305.00","$305.00","0.00","1","$305.00"
"Seismitoad 2025 Japanese Scarlet & Violet: Black Bolt #109/086 Art Rare BGS 10 Black Label","0.00","$0.00","$2650.00","$2650.00 (10/15/2025)","$2650.00","$2650.00","$2650.00","0.00","1","$2650.00"
"Solosis 2025 Scarlet & Violet: Black Bolt #037/086 Master Ball Reverse Holo PSA 9","0.00","$0.00","$13.06","$13.06 (10/16/2025)","$13.06","$13.06","$13.06","0.00","1","$13.06"
"Salamence ex 2025 Scarlet & Violet: Journey Together #177/159 Ultra Rare (Full Art) PSA 8","0.00","$0.00","$13.50","$13.50 (09/27/2025)","$13.50","$13.50","$13.50","-50.00","1","$13.50"
"Oricorio ex 2025 Japanese Mega: Inferno X #111/80 Special Art Rare CGC 10","0.00","$0.00","$177.50","$177.50 (10/24/2025)","$177.50","$175.00","$180.00","0.00","2","$355.00"
"Houndour 2025 Scarlet & Violet: Prismatic Evolutions #062/131 Master Ball Reverse Holo PSA 10","0.00","$0.00","$28.25","$28.25 (10/06/2025)","$28.25","$24.50","$32.00","0.00","2","$56.50"
"Houndour 2025 Scarlet & Violet: Prismatic Evolutions #062/131 Master Ball Reverse Holo PSA 9","0.00","$0.00","$6.50","$6.50 (10/18/2025)","$6.50","$6.50","$6.50","-50.00","1","$6.50"
"Noibat 2025 Scarlet & Violet: Prismatic Evolutions #090/131 Master Ball Reverse Holo CGC 9.5","0.00","$0.00","$14.99","$14.99 (10/16/2025)","$14.99","$14.99","$14.99","0.00","1","$14.99"
"Goldeen 2025 Scarlet & Violet: Prismatic Evolutions #020/131 Reverse Holo PSA 10","0.00","$0.00","$40.00","$40.00 (10/06/2025)","$40.00","$40.00","$40.00","0.00","1","$40.00"
"Bouffalant ex 2025 Scarlet & Violet: White Flare #170/086 Special Illustration Rare PSA 8","0.00","$0.00","$20.00","$20.00 (10/15/2025)","$20.00","$20.00","$20.00","0.00","1","$20.00"
"Golett 2025 Scarlet & Violet: Black Bolt #122/086 Illustration Rare PSA 9","0.00","$0.00","$15.50","$15.50 (10/24/2025)","$15.50","$15.50","$15.50","0.00","1","$15.50"
"Golett 2025 Scarlet & Violet: Black Bolt #122/086 Illustration Rare PSA 8","0.00","$0.00","$15.50","$15.50 (10/24/2025)","$15.50","$15.50","$15.50","0.00","1","$15.50"
"Terrakion 2025 Scarlet & Violet: White Flare #054/086 Master Ball Reverse Holo PSA 10","0.00","$0.00","$45.00","$45.00 (10/01/2025)","$45.00","$45.00","$45.00","0.00","1","$45.00"
"Volcanion ex 2025 Scarlet & Violet: Journey Together #182/159 Special Illustration Rare PSA 7","0.00","$0.00","$30.00","$30.00 (09/26/2025)","$30.00","$30.00","$30.00","0.00","1","$30.00"
"Fan Rotom 2025 Scarlet & Violet: Prismatic Evolutions #085/131 Reverse Holo CGC 8.5","0.00","$0.00","$7.20","$7.20 (10/19/2025)","$7.20","$7.20","$7.20","0.00","1","$7.20"
"Excadrill ex 2025 Scarlet & Violet: Black Bolt #160/086 Ultra Rare (Full Art) CGC 10","0.00","$0.00","$30.00","$30.00 (10/04/2025)","$30.00","$30.00","$30.00","100.00","2","$60.00"
"Iono's Bellibolt ex 2025 Scarlet & Violet: Journey Together #188/159 Hyper Rare (Secret) PSA 7","0.00","$0.00","$18.00","$18.00 (10/05/2025)","$18.00","$18.00","$18.00","0.00","1","$18.00"
"Lillie's Determination 2025 Japanese Mega Brave #91/63 Special Art Rare CGC 8","0.00","$0.00","$222.00","$222.00 (10/05/2025)","$222.00","$222.00","$222.00","0.00","1","$222.00"
"Cryogonal 2025 Scarlet & Violet: Black Bolt #027/086 Poke Ball Reverse Holo PSA 10","0.00","$0.00","$249.99","$249.99 (10/10/2025)","$249.99","$249.99","$249.99","0.00","1","$249.99"
"Tyranitar 2025 Scarlet & Violet: Journey Together #095/159 Holo PSA 10","0.00","$0.00","$40.00","$40.00 (10/19/2025)","$40.00","$40.00","$40.00","0.00","1","$40.00"
"Team Rocket's Moltres ex 2025 Scarlet & Violet: Destined Rivals #208/182 Ultra Rare (Full Art) BGS 9","0.00","$0.00","$20.50","$20.50 (10/17/2025)","$20.50","$20.50","$20.50","0.00","1","$20.50"
"Team Rocket's Weezing 2025 Japanese Scarlet & Violet: Glory of Team Rocket #105/098 Art Rare CGC 9.5","0.00","$0.00","$19.99","$19.99 (10/06/2025)","$19.99","$19.99","$19.99","0.00","1","$19.99"
"Whirlipede 2025 Japanese Scarlet & Violet: Black Bolt #139/086 Art Rare PSA 10","0.00","$0.00","$39.90","$39.90 (10/14/2025)","$39.90","$39.90","$39.90","0.00","1","$39.90"
"Audino 2025 Japanese Scarlet & Violet: Black Bolt #156/086 Art Rare PSA 10","0.00","$0.00","$51.00","$51.00 (09/26/2025)","$51.00","$51.00","$51.00","0.00","1","$51.00"
"Lillie's Ribombee 2025 Scarlet & Violet: Journey Together #067/159 Holo PSA 9","0.00","$0.00","$19.99","$19.99 (10/17/2025)","$19.99","$19.99","$19.99","0.00","1","$19.99"
"Bouffalant ex 2025 Japanese Scarlet & Violet: White Flare #164/086 Super Rare (Full Art) CGC 10","0.00","$0.00","$23.99","$23.99 (10/15/2025)","$23.99","$23.99","$23.99","0.00","1","$23.99"
"Blitzle 2025 Japanese Scarlet & Violet: White Flare #111/086 Art Rare PSA 10","0.00","$0.00","$64.99","$64.99 (10/09/2025)","$64.99","$64.99","$64.99","0.00","1","$64.99"
"Duskull 2025 Scarlet & Violet: Prismatic Evolutions #035/131 Poke Ball Reverse Holo CGC 9","0.00","$0.00","$6.00","$6.00 (10/12/2025)","$6.00","$6.00","$6.00","0.00","1","$6.00"
"Jolteon ex 2025 Scarlet & Violet: Prismatic Evolutions #153/131 Special Illustration Rare CGC 9","0.00","$0.00","$158.00","$158.00 (10/12/2025)","$158.00","$150.00","$162.00","0.00","3","$474.00"
"Leavanny 2025 Japanese Scarlet & Violet: White Flare #089/086 Art Rare CGC 9","0.00","$0.00","$5.24","$5.24 (10/10/2025)","$5.24","$5.24","$5.24","0.00","1","$5.24"
"Duskull 2025 Scarlet & Violet: Prismatic Evolutions #035/131 Reverse Holo CGC 10","0.00","$0.00","$17.00","$17.00 (10/09/2025)","$17.00","$17.00","$17.00","0.00","1","$17.00"
"Unfezant 2025 Japanese Scarlet & Violet: Black Bolt #155/086 Art Rare PSA 10","0.00","$0.00","$34.99","$34.99 (09/26/2025)","$34.99","$34.99","$34.99","0.00","1","$34.99"
"Bulbasaur 2025 Mega Evolution #133/132 Illustration Rare PSA 9","0.00","$0.00","$39.95","$39.95 (10/24/2025)","$39.95","$39.95","$39.95","0.00","1","$39.95"
"Team Rocket's Moltres ex 2025 Japanese Scarlet & Violet: Glory of Team Rocket #015/098 Double Rare PSA 10","0.00","$0.00","$20.00","$20.00 (10/07/2025)","$20.00","$20.00","$20.00","0.00","1","$20.00"
"Electivire ex 2025 Japanese Scarlet & Violet: Heat Wave Arena #079/063 Super Rare (Full Art) PSA 10","0.00","$0.00","$34.99","$34.99 (09/26/2025)","$34.99","$34.99","$34.99","0.00","1","$34.99"
"Meloetta ex 2025 Japanese Scarlet & Violet: Black Bolt #162/086 Super Rare (Full Art) CGC 10","0.00","$0.00","$24.99","$24.99 (10/20/2025)","$24.99","$24.99","$24.99","0.00","1","$24.99"
"Serperior ex 2025 Scarlet & Violet: Black Bolt #156/086 Ultra Rare (Full Art) PSA 8","0.00","$0.00","$22.75","$22.75 (10/22/2025)","$22.75","$5.50","$40.00","0.00","2","$45.50"
"Mienshao 2025 Japanese Scarlet & Violet: White Flare #132/086 Art Rare CGC 10","0.00","$0.00","$25.99","$25.99 (10/17/2025)","$25.99","$25.99","$25.99","0.00","1","$25.99"
"Electivire ex 2025 Japanese Scarlet & Violet: Heat Wave Arena #079/063 Super Rare (Full Art) CGC 10","0.00","$0.00","$26.99","$26.99 (09/29/2025)","$26.99","$26.99","$26.99","0.00","1","$26.99"
"Gumshoos 2025 Mega Evolution #153/132 Illustration Rare PSA 9","0.00","$0.00","$54.75","$54.75 (10/19/2025)","$54.75","$54.75","$54.75","0.00","1","$54.75"
"Misty's Lapras 2025 Japanese Scarlet & Violet: Heat Wave Arena #072/063 Art Rare BGS 9","0.00","$0.00","$25.99","$25.99 (10/23/2025)","$25.99","$25.99","$25.99","0.00","1","$25.99"
"Mega Abomasnow ex 2025 Japanese Mega Symphonia #76/63 Super Rare (Full Art) PSA 10","0.00","$0.00","$50.00","$50.00 (09/29/2025)","$50.00","$50.00","$50.00","0.00","1","$50.00"
"Rotom 2025 Japanese Scarlet & Violet: Heat Wave Arena #074/063 Art Rare PSA 9","0.00","$0.00","$9.99","$9.99 (10/07/2025)","$9.99","$9.99","$9.99","0.00","1","$9.99"
"Cetitan ex 2025 Scarlet & Violet: Destined Rivals #065/182 Double Rare CGC 10","0.00","$0.00","$13.50","$13.50 (10/20/2025)","$13.50","$13.50","$13.50","0.00","1","$13.50"
"Reshiram ex 2025 Japanese Scarlet & Violet: White Flare #174/086 Black White Rare (Secret) BGS 10 Pristine","0.00","$0.00","$800.00","$800.00 (10/19/2025)","$800.00","$800.00","$800.00","-50.00","1","$800.00"
"Helioptile 2025 Mega Evolution #143/132 Illustration Rare CGC 9","0.00","$0.00","$25.00","$25.00 (10/16/2025)","$25.00","$25.00","$25.00","0.00","1","$25.00"
"Reshiram ex 2025 Japanese Scarlet & Violet: White Flare #168/086 Special Art Rare PSA 9","0.00","$0.00","$113.61","$113.61 (10/18/2025)","$113.61","$113.61","$113.61","0.00","1","$113.61"
"Shedinja 2025 Mega Evolution #144/132 Illustration Rare CGC 10","0.00","$0.00","$24.00","$24.00 (10/12/2025)","$24.00","$24.00","$24.00","0.00","1","$24.00"
"Reshiram ex 2025 Japanese Scarlet & Violet: White Flare #168/086 Special Art Rare BGS 9.5","0.00","$0.00","$186.00","$186.00 (10/19/2025)","$186.00","$186.00","$186.00","0.00","1","$186.00"
"Eevee 2025 Scarlet & Violet: Prismatic Evolutions #074/131 Base BGS 9.5","0.00","$0.00","$30.00","$30.00 (10/06/2025)","$30.00","$30.00","$30.00","0.00","1","$30.00"
"Steven's Metagross ex 2025 Scarlet & Violet: Destined Rivals #145/182 Double Rare PSA 10","0.00","$0.00","$39.99","$39.99 (09/28/2025)","$39.99","$39.99","$39.99","-50.00","1","$39.99"
"Bulbasaur 2025 Japanese Mega Brave #64/63 Art Rare CGC 8.5","0.00","$0.00","$19.20","$19.20 (10/05/2025)","$19.20","$19.20","$19.20","0.00","1","$19.20"
"Team Rocket's Mimikyu 2025 Scarlet & Violet: Destined Rivals #087/182 Base CGC 9","0.00","$0.00","$120.00","$120.00 (10/05/2025)","$120.00","$120.00","$120.00","0.00","1","$120.00"
"Mega Absol ex 2025 Japanese Mega Brave #89/63 Special Art Rare CGC 8.5","0.00","$0.00","$25.20","$25.20 (10/19/2025)","$25.20","$25.20","$25.20","0.00","1","$25.20"
"Mega Lucario ex 2025 Japanese Mega Brave #92/63 Mega Ultra Rare (Secret) PSA 8","0.00","$0.00","$300.00","$300.00 (10/22/2025)","$300.00","$300.00","$300.00","0.00","1","$300.00"
"Durant 2025 Scarlet & Violet: White Flare #150/086 Illustration Rare PSA 10","0.00","$0.00","$81.00","$81.00 (10/23/2025)","$81.00","$81.00","$81.00","0.00","1","$81.00"
"Victini 2025 Scarlet & Violet: Black Bolt #171/086 Black White Rare (Secret) PSA 8","0.00","$0.00","$415.00","$415.00 (10/02/2025)","$415.00","$415.00","$415.00","-50.00","1","$415.00"
"Cinderace 2025 Mega Evolution #028/132 Holo CGC 10","0.00","$0.00","$7.20","$7.20 (10/12/2025)","$7.20","$7.20","$7.20","0.00","1","$7.20"
"Team Rocket's Weezing 2025 Japanese Scarlet & Violet: Glory of Team Rocket #105/098 Art Rare BGS 10 Pristine","0.00","$0.00","$74.16","$74.16 (10/05/2025)","$74.16","$74.16","$74.16","-50.00","1","$74.16"
"Landorus 2025 Japanese Scarlet & Violet: Black Bolt #137/086 Art Rare PSA 10","0.00","$0.00","$39.99","$39.99 (10/11/2025)","$39.99","$39.99","$39.99","-50.00","2","$79.98"
"Landorus 2025 Japanese Scarlet & Violet: Black Bolt #137/086 Art Rare PSA 8","0.00","$0.00","$13.50","$13.50 (10/17/2025)","$13.50","$13.50","$13.50","0.00","1","$13.50"
"Mega Absol ex 2025 Japanese Mega Brave #38/63 Double Rare CGC 8.5","0.00","$0.00","$10.80","$10.80 (10/19/2025)","$10.80","$10.80","$10.80","0.00","2","$21.60"
"Cryogonal 2025 Scarlet & Violet: Black Bolt #111/086 Illustration Rare PSA 9","0.00","$0.00","$24.99","$24.99 (10/19/2025)","$24.99","$24.99","$24.99","-50.00","1","$24.99"
"Archaludon 2025 Scarlet & Violet: Prismatic Evolutions #070/131 Holo CGC 10","0.00","$0.00","$11.00","$11.00 (10/09/2025)","$11.00","$11.00","$11.00","0.00","2","$22.00"
"Rescue Board 2025 Scarlet & Violet: Prismatic Evolutions #126/131 Base PSA 8","0.00","$0.00","$9.99","$9.99 (10/04/2025)","$9.99","$9.99","$9.99","0.00","1","$9.99"
"Team Rocket's Mewtwo ex 2025 Scarlet & Violet: Destined Rivals #081/182 Double Rare CGC 9.5","0.00","$0.00","$28.80","$28.80 (09/28/2025)","$28.80","$26.40","$31.20","0.00","2","$57.60"
"Team Rocket's Mewtwo ex 2025 Scarlet & Violet: Destined Rivals #081/182 Double Rare PSA 5","0.00","$0.00","$5.00","$5.00 (10/14/2025)","$5.00","$5.00","$5.00","0.00","1","$5.00"
"Liepard 2025 Japanese Scarlet & Violet: White Flare #053/086 Master Ball Reverse Holo CGC 10","0.00","$0.00","$8.50","$8.50 (10/20/2025)","$8.50","$8.50","$8.50","0.00","1","$8.50"
"Eelektrik 2025 Japanese Scarlet & Violet: Black Bolt #118/086 Art Rare PSA 10","0.00","$0.00","$32.03","$32.03 (10/04/2025)","$32.03","$32.03","$32.03","-50.00","1","$32.03"
"Eelektrik 2025 Japanese Scarlet & Violet: Black Bolt #118/086 Art Rare CGC 10","0.00","$0.00","$16.00","$16.00 (10/15/2025)","$16.00","$16.00","$16.00","0.00","1","$16.00"
"Jellicent ex 2025 Japanese Scarlet & Violet: White Flare #170/086 Special Art Rare CGC 10","0.00","$0.00","$47.50","$47.50 (10/17/2025)","$47.50","$47.50","$47.50","0.00","1","$47.50"
"Fan Rotom 2025 Scarlet & Violet: Prismatic Evolutions #085/131 Poke Ball Reverse Holo CGC 9","0.00","$0.00","$8.40","$8.40 (10/12/2025)","$8.40","$8.40","$8.40","0.00","1","$8.40"
"Glass Trumpet 2025 Scarlet & Violet: Prismatic Evolutions #110/131 Poke Ball Reverse Holo CGC 9","0.00","$0.00","$9.60","$9.60 (10/19/2025)","$9.60","$9.60","$9.60","0.00","1","$9.60"
"Unfezant 2025 Scarlet & Violet: Black Bolt #073/086 Master Ball Reverse Holo PSA 9","0.00","$0.00","$7.50","$7.50 (10/04/2025)","$7.50","$7.50","$7.50","0.00","1","$7.50"
"Mega Venusaur ex 2025 Japanese Mega Brave #03/63 Double Rare PSA 10","0.00","$0.00","$50.00","$50.00 (10/04/2025)","$50.00","$50.00","$50.00","0.00","1","$50.00"
"Karrablast 2025 Scarlet & Violet: Black Bolt #094/086 Illustration Rare PSA 10","0.00","$0.00","$271.00","$271.00 (10/15/2025)","$271.00","$271.00","$271.00","0.00","1","$271.00"
"Deerling 2025 Japanese Scarlet & Violet: White Flare #091/086 Art Rare PSA 10","0.00","$0.00","$36.00","$36.00 (10/14/2025)","$36.00","$36.00","$36.00","-50.00","1","$36.00"
"Hydreigon ex 2025 Japanese Scarlet & Violet: White Flare #163/086 Super Rare (Full Art) CGC 9","0.00","$0.00","$11.00","$11.00 (10/14/2025)","$11.00","$11.00","$11.00","0.00","1","$11.00"
"Stunfisk 2025 Scarlet & Violet: White Flare #035/086 Poke Ball Reverse Holo PSA 9","0.00","$0.00","$7.50","$7.50 (10/21/2025)","$7.50","$7.50","$7.50","0.00","1","$7.50"
"Frillish 2025 Japanese Scarlet & Violet: White Flare #124/086 Art Rare CGC 10","0.00","$0.00","$8.50","$8.50 (10/20/2025)","$8.50","$8.50","$8.50","-50.00","1","$8.50"
"Joltik 2025 Scarlet & Violet: White Flare #033/086 Master Ball Reverse Holo PSA 7","0.00","$0.00","$13.20","$13.20 (10/19/2025)","$13.20","$13.20","$13.20","0.00","1","$13.20"
"Snivy 2025 Scarlet & Violet: Black Bolt #001/086 Master Ball Reverse Holo PSA 10","0.00","$0.00","$62.00","$62.00 (10/15/2025)","$62.00","$62.00","$62.00","0.00","1","$62.00"
"Palpitoad 2025 Scarlet & Violet: Black Bolt #104/086 Illustration Rare PSA 8","0.00","$0.00","$9.95","$9.95 (09/28/2025)","$9.95","$9.95","$9.95","0.00","1","$9.95"
"Pansage 2025 Japanese Scarlet & Violet: Black Bolt #004/086 Master Ball Reverse Holo CGC 9.5","0.00","$0.00","$2.25","$2.25 (10/21/2025)","$2.25","$2.25","$2.25","0.00","1","$2.25"
"N's Plan 2025 Scarlet & Violet: Black Bolt #083/086 Base PSA 10","0.00","$0.00","$21.50","$21.50 (10/21/2025)","$21.50","$21.50","$21.50","0.00","1","$21.50"
"Sawk 2025 Scarlet & Violet: White Flare #049/086 Master Ball Reverse Holo PSA 9","0.00","$0.00","$19.99","$19.99 (10/13/2025)","$19.99","$19.99","$19.99","-50.00","1","$19.99"
"Accelgor 2025 Japanese Scarlet & Violet: White Flare #094/086 Art Rare PSA 7","0.00","$0.00","$11.00","$11.00 (10/18/2025)","$11.00","$11.00","$11.00","0.00","1","$11.00"
"Accelgor 2025 Japanese Scarlet & Violet: White Flare #094/086 Art Rare CGC 10","0.00","$0.00","$6.00","$6.00 (09/30/2025)","$6.00","$6.00","$6.00","0.00","1","$6.00"
"Buddy-Buddy Poffin 2025 Japanese Mega Symphonia #81/63 Super Rare (Full Art) CGC 10","0.00","$0.00","$10.80","$10.80 (10/12/2025)","$10.80","$10.80","$10.80","0.00","1","$10.80"
"Kieran 2025 Scarlet & Violet: Prismatic Evolutions #113/131 Poke Ball Reverse Holo CGC 8.5","0.00","$0.00","$10.00","$10.00 (10/13/2025)","$10.00","$10.00","$10.00","0.00","1","$10.00"
"Eelektrik 2025 Scarlet & Violet: Black Bolt #114/086 Illustration Rare PSA 8","0.00","$0.00","$14.00","$14.00 (10/15/2025)","$14.00","$14.00","$14.00","0.00","1","$14.00"
"Bloodmoon Ursaluna 2025 Scarlet & Violet: Prismatic Evolutions #054/131 Holo PSA 9","0.00","$0.00","$19.00","$19.00 (10/15/2025)","$19.00","$19.00","$19.00","0.00","1","$19.00"
"Bloodmoon Ursaluna 2025 Scarlet & Violet: Prismatic Evolutions #054/131 Holo CGC 10","0.00","$0.00","$16.80","$16.80 (10/19/2025)","$16.80","$16.80","$16.80","0.00","1","$16.80"
"Acerola's Mischief 2025 Japanese Mega Symphonia #84/63 Super Rare (Full Art) PSA 9","0.00","$0.00","$12.50","$12.50 (10/24/2025)","$12.50","$12.50","$12.50","0.00","1","$12.50"
"Shelmet 2025 Japanese Scarlet & Violet: White Flare #093/086 Art Rare CGC 10","0.00","$0.00","$25.99","$25.99 (10/15/2025)","$25.99","$25.99","$25.99","0.00","1","$25.99"
"Shelmet 2025 Japanese Scarlet & Violet: White Flare #093/086 Art Rare CGC 9","0.00","$0.00","$9.37","$9.37 (10/14/2025)","$9.37","$9.37","$9.37","0.00","1","$9.37"
"Regigigas 2025 Scarlet & Violet: Prismatic Evolutions #086/131 Master Ball Reverse Holo PSA 9","0.00","$0.00","$4.25","$4.25 (10/06/2025)","$4.25","$4.25","$4.25","0.00","1","$4.25"
"Team Rocket's Meowth 2025 Scarlet & Violet: Destined Rivals #149/182 Base PSA 9","0.00","$0.00","$19.50","$19.50 (10/10/2025)","$19.50","$19.50","$19.50","0.00","1","$19.50"
"Litwick 2025 Japanese Scarlet & Violet: Black Bolt #100/086 Art Rare PSA 9","0.00","$0.00","$13.50","$13.50 (09/27/2025)","$13.50","$13.50","$13.50","0.00","1","$13.50"
"Houndoom 2025 Scarlet & Violet: Prismatic Evolutions #063/131 Base PSA 9","0.00","$0.00","$8.16","$8.16 (10/19/2025)","$8.16","$8.16","$8.16","0.00","1","$8.16"
"Miltank 2025 Scarlet & Violet: Prismatic Evolutions #081/131 Poke Ball Reverse Holo PSA 9","0.00","$0.00","$15.60","$15.60 (09/28/2025)","$15.60","$15.60","$15.60","0.00","1","$15.60"
"Flutter Mane 2025 Scarlet & Violet: Prismatic Evolutions #043/131 Reverse Holo CGC 9.5","0.00","$0.00","$8.40","$8.40 (10/19/2025)","$8.40","$8.40","$8.40","0.00","1","$8.40"
"Chandelure 2025 Scarlet & Violet: White Flare #018/086 Holo PSA 10","0.00","$0.00","$38.00","$38.00 (10/21/2025)","$38.00","$38.00","$38.00","0.00","1","$38.00"
"Chandelure 2025 Scarlet & Violet: White Flare #018/086 Holo PSA 9","0.00","$0.00","$10.50","$10.50 (10/21/2025)","$10.50","$10.50","$10.50","0.00","1","$10.50"
"Electrike 2025 Japanese Scarlet & Violet: Heat Wave Arena #073/063 Art Rare BGS 9.5","0.00","$0.00","$7.50","$7.50 (10/04/2025)","$7.50","$7.50","$7.50","0.00","1","$7.50"
"Great Tusk 2025 Scarlet & Violet: Prismatic Evolutions #055/131 Reverse Holo CGC 10","0.00","$0.00","$16.00","$16.00 (10/14/2025)","$16.00","$16.00","$16.00","0.00","1","$16.00"
"Great Tusk 2025 Scarlet & Violet: Prismatic Evolutions #055/131 Reverse Holo CGC 8.5","0.00","$0.00","$7.20","$7.20 (10/19/2025)","$7.20","$7.20","$7.20","0.00","1","$7.20"
"Basculin 2025 Japanese Scarlet & Violet: White Flare #021/086 Master Ball Reverse Holo CGC 10","0.00","$0.00","$15.00","$15.00 (10/22/2025)","$15.00","$15.00","$15.00","0.00","1","$15.00"
"Cubchoo 2025 Scarlet & Violet: Black Bolt #025/086 Poke Ball Reverse Holo PSA 9","0.00","$0.00","$80.00","$80.00 (10/22/2025)","$80.00","$80.00","$80.00","0.00","1","$80.00"
"Beartic 2025 Japanese Scarlet & Violet: Black Bolt #029/086 Holo PSA 10","0.00","$0.00","$49.99","$49.99 (10/14/2025)","$49.99","$49.99","$49.99","0.00","1","$49.99"
"Munna 2025 Scarlet & Violet: Black Bolt #035/086 Master Ball Reverse Holo PSA 9","0.00","$0.00","$14.50","$14.50 (10/01/2025)","$14.50","$14.50","$14.50","0.00","1","$14.50"
"Team Rocket's Proton 2025 Japanese Scarlet & Violet: Glory of Team Rocket #123/098 Super Rare (Full Art) BGS 9","0.00","$0.00","$8.00","$8.00 (10/05/2025)","$8.00","$8.00","$8.00","0.00","1","$8.00"
"Reuniclus 2025 Scarlet & Violet: Black Bolt #039/086 Poke Ball Reverse Holo CGC 10","0.00","$0.00","$12.00","$12.00 (09/28/2025)","$12.00","$12.00","$12.00","0.00","1","$12.00"
"Dudunsparce ex 2025 Japanese Scarlet & Violet: Battle Partners #120/100 Super Rare (Full Art) CGC 9","0.00","$0.00","$14.99","$14.99 (10/10/2025)","$14.99","$14.99","$14.99","0.00","1","$14.99"
"Hop's Zacian ex 2025 Japanese Scarlet & Violet: Battle Partners #118/100 Super Rare (Full Art) PSA 9","0.00","$0.00","$20.55","$20.55 (10/08/2025)","$20.55","$20.55","$20.55","0.00","1","$20.55"
"Hariyama 2025 Mega Evolution #073/132 Holo CGC 10","0.00","$0.00","$7.20","$7.20 (10/12/2025)","$7.20","$7.20","$7.20","0.00","1","$7.20"
"Squawkabilly 2025 Scarlet & Violet: Journey Together #141/159 Reverse Holo PSA 9","0.00","$0.00","$6.50","$6.50 (10/03/2025)","$6.50","$6.50","$6.50","0.00","1","$6.50"
"Bouffalant ex 2025 Japanese Scarlet & Violet: White Flare #075/086 Double Rare PSA 9","0.00","$0.00","$8.99","$8.99 (10/04/2025)","$8.99","$8.99","$8.99","0.00","1","$8.99"
"Mega Abomasnow ex 2025 Japanese Mega Symphonia #18/63 Double Rare PSA 10","0.00","$0.00","$145.00","$145.00 (10/13/2025)","$145.00","$145.00","$145.00","0.00","1","$145.00"
"Mega Venusaur ex 2025 Japanese Mega Brave #87/63 Special Art Rare CGC 9.5","0.00","$0.00","$74.40","$74.40 (10/05/2025)","$74.40","$74.40","$74.40","-50.00","1","$74.40"
"Lt. Surge's Deal 2025 Japanese Mega Brave #85/63 Super Rare (Full Art) CGC 10","0.00","$0.00","$15.00","$15.00 (10/05/2025)","$15.00","$13.20","$16.80","0.00","2","$30.00"
"Zorua 2025 Scarlet & Violet: White Flare #061/086 Poke Ball Reverse Holo CGC 9","0.00","$0.00","$6.00","$6.00 (10/19/2025)","$6.00","$6.00","$6.00","0.00","1","$6.00"
"Purrloin 2025 Scarlet & Violet: White Flare #055/086 Poke Ball Reverse Holo PSA 10","0.00","$0.00","$21.50","$21.50 (10/21/2025)","$21.50","$21.50","$21.50","0.00","1","$21.50"
"Galvantula 2025 Scarlet & Violet: White Flare #117/086 Illustration Rare CGC 10","0.00","$0.00","$25.20","$25.20 (10/05/2025)","$25.20","$25.20","$25.20","0.00","1","$25.20"
"Tynamo 2025 Japanese Scarlet & Violet: Black Bolt #117/086 Art Rare CGC 9.5","0.00","$0.00","$13.00","$13.00 (10/21/2025)","$13.00","$13.00","$13.00","0.00","1","$13.00"
"Keldeo ex 2025 Japanese Scarlet & Violet: White Flare #169/086 Special Art Rare PSA 9","0.00","$0.00","$36.51","$36.51 (10/22/2025)","$36.51","$36.51","$36.51","0.00","1","$36.51"
"Buneary 2025 Scarlet & Violet: Prismatic Evolutions #083/131 Reverse Holo CGC 9","0.00","$0.00","$7.20","$7.20 (10/19/2025)","$7.20","$7.20","$7.20","0.00","2","$14.40"
"Joltik 2025 Scarlet & Violet: White Flare #033/086 Poke Ball Reverse Holo PSA 9","0.00","$0.00","$9.99","$9.99 (10/18/2025)","$9.99","$9.99","$9.99","0.00","1","$9.99"
"Pinsir 2025 Scarlet & Violet: Prismatic Evolutions #003/131 Master Ball Reverse Holo PSA 10","0.00","$0.00","$69.99","$69.99 (09/29/2025)","$69.99","$69.99","$69.99","0.00","1","$69.99"
"Bronzor 2025 Scarlet & Violet: Prismatic Evolutions #066/131 Reverse Holo CGC 10","0.00","$0.00","$13.00","$13.00 (10/09/2025)","$13.00","$13.00","$13.00","0.00","1","$13.00"
"Bronzor 2025 Scarlet & Violet: Prismatic Evolutions #066/131 Reverse Holo CGC 9.5","0.00","$0.00","$7.20","$7.20 (10/12/2025)","$7.20","$7.20","$7.20","0.00","1","$7.20"
"Dewott 2025 Scarlet & Violet: White Flare #022/086 Master Ball Reverse Holo PSA 9","0.00","$0.00","$80.00","$80.00 (10/22/2025)","$80.00","$80.00","$80.00","0.00","1","$80.00"
"Riolu 2025 Scarlet & Violet: Prismatic Evolutions #050/131 Poke Ball Reverse Holo PSA 8","0.00","$0.00","$9.01","$9.01 (10/15/2025)","$9.01","$9.01","$9.01","0.00","1","$9.01"
"Hoothoot 2025 Scarlet & Violet: Prismatic Evolutions #077/131 Poke Ball Reverse Holo CGC 9","0.00","$0.00","$6.00","$6.00 (10/12/2025)","$6.00","$6.00","$6.00","0.00","1","$6.00"
"Victini 2025 Scarlet & Violet: White Flare #172/086 Black White Rare (Secret) BGS 9.5","0.00","$0.00","$823.69","$823.69 (10/07/2025)","$823.69","$823.69","$823.69","0.00","1","$823.69"
"Jolteon 2025 Scarlet & Violet: Prismatic Evolutions #029/131 Reverse Holo CGC 10","0.00","$0.00","$11.25","$11.25 (10/10/2025)","$11.25","$11.25","$11.25","0.00","1","$11.25"
"Klang 2025 Scarlet & Violet: Black Bolt #140/086 Illustration Rare CGC 10","0.00","$0.00","$16.80","$16.80 (10/05/2025)","$16.80","$16.80","$16.80","0.00","1","$16.80"
"Mega Charizard X ex 2025 Japanese Mega: Inferno X #110/80 Special Art Rare BGS 9","0.00","$0.00","$840.00","$840.00 (10/23/2025)","$840.00","$840.00","$840.00","0.00","1","$840.00"
"Mega Charizard X ex 2025 Japanese Mega: Inferno X #110/80 Special Art Rare CGC 10","0.00","$0.00","$1200.00","$1200.00 (10/18/2025)","$1200.00","$1200.00","$1200.00","0.00","1","$1200.00"
"Team Rocket's Moltres ex 2025 Japanese Scarlet & Violet: Glory of Team Rocket #112/098 Super Rare (Full Art) CGC 10","0.00","$0.00","$29.99","$29.99 (10/16/2025)","$25.49","$16.50","$29.99","50.00","3","$76.48"
"Trubbish 2025 Japanese Scarlet & Violet: White Flare #056/086 Master Ball Reverse Holo CGC 10","0.00","$0.00","$7.50","$7.50 (10/20/2025)","$7.50","$7.50","$7.50","0.00","1","$7.50"
"Raboot 2025 Mega Evolution #027/132 Reverse Holo CGC 10","0.00","$0.00","$8.40","$8.40 (10/12/2025)","$8.40","$8.40","$8.40","0.00","2","$16.80"
"Dudunsparce ex 2025 Scarlet & Violet: Journey Together #121/159 Double Rare PSA 10","0.00","$0.00","$28.00","$28.00 (09/27/2025)","$28.00","$28.00","$28.00","0.00","1","$28.00"
"Foongus 2025 Scarlet & Violet: Black Bolt #010/086 Master Ball Reverse Holo PSA 10","0.00","$0.00","$39.99","$39.99 (10/19/2025)","$39.99","$39.99","$39.99","0.00","2","$79.98"
"Escavalier 2025 Scarlet & Violet: Black Bolt #060/086 Poke Ball Reverse Holo CGC 9","0.00","$0.00","$8.40","$8.40 (09/28/2025)","$8.40","$8.40","$8.40","0.00","1","$8.40"
"Teal Mask Ogerpon ex 2025 Scarlet & Violet: Prismatic Evolutions #177/131 Hyper Rare (Secret) PSA 10","0.00","$0.00","$90.00","$90.00 (10/02/2025)","$90.00","$90.00","$90.00","-50.00","1","$90.00"
"Teal Mask Ogerpon ex 2025 Scarlet & Violet: Prismatic Evolutions #177/131 Hyper Rare (Secret) PSA 9","0.00","$0.00","$17.50","$17.50 (10/19/2025)","$17.50","$17.50","$17.50","-50.00","1","$17.50"
"Houndoom 2025 Scarlet & Violet: Prismatic Evolutions #063/131 Poke Ball Reverse Holo CGC 10","0.00","$0.00","$25.00","$25.00 (10/08/2025)","$25.00","$25.00","$25.00","0.00","1","$25.00"
"Houndoom 2025 Scarlet & Violet: Prismatic Evolutions #063/131 Poke Ball Reverse Holo CGC 8.5","0.00","$0.00","$9.60","$9.60 (10/19/2025)","$9.60","$9.60","$9.60","0.00","1","$9.60"
"Timburr 2025 Scarlet & Violet: Black Bolt #125/086 Illustration Rare CGC 10","0.00","$0.00","$69.99","$69.99 (10/23/2025)","$69.99","$69.99","$69.99","-50.00","1","$69.99"
"Timburr 2025 Scarlet & Violet: Black Bolt #125/086 Illustration Rare CGC 9","0.00","$0.00","$16.80","$16.80 (10/05/2025)","$16.80","$16.80","$16.80","0.00","1","$16.80"
"Stoutland 2025 Japanese Scarlet & Violet: White Flare #074/086 Master Ball Reverse Holo PSA 10","0.00","$0.00","$35.00","$35.00 (09/27/2025)","$35.00","$35.00","$35.00","0.00","1","$35.00"
"Groudon 2025 Scarlet & Violet: Prismatic Evolutions #049/131 Poke Ball Reverse Holo CGC 9","0.00","$0.00","$7.20","$7.20 (10/12/2025)","$7.20","$7.20","$7.20","0.00","1","$7.20"
"Aromatisse 2025 Scarlet & Violet: Prismatic Evolutions #039/131 Poke Ball Reverse Holo PSA 9","0.00","$0.00","$5.00","$5.00 (10/10/2025)","$5.00","$5.00","$5.00","0.00","1","$5.00"
"Trubbish 2025 Scarlet & Violet: White Flare #140/086 Illustration Rare PSA 10","0.00","$0.00","$135.00","$135.00 (10/14/2025)","$135.00","$135.00","$135.00","0.00","1","$135.00"
"Ethan's Cyndaquil 2025 Scarlet & Violet: Destined Rivals #032/182 Reverse Holo PSA 9","0.00","$0.00","$14.50","$14.50 (09/30/2025)","$14.50","$14.50","$14.50","0.00","1","$14.50"
"Vanilluxe 2025 Scarlet & Violet: White Flare #113/086 Illustration Rare PSA 10","0.00","$0.00","$144.49","$144.49 (10/12/2025)","$144.49","$144.49","$144.49","0.00","1","$144.49"
"Leafeon 2025 Scarlet & Violet: Prismatic Evolutions #005/131 Master Ball Reverse Holo PSA 8","0.00","$0.00","$5.50","$5.50 (09/28/2025)","$5.50","$5.50","$5.50","0.00","1","$5.50"
"Noibat 2025 Scarlet & Violet: Prismatic Evolutions #090/131 Reverse Holo CGC 9.5","0.00","$0.00","$7.20","$7.20 (10/19/2025)","$7.20","$7.20","$7.20","0.00","1","$7.20"
"Acerola's Mischief 2025 Mega Evolution #183/132 Special Illustration Rare PSA 10","0.00","$0.00","$300.00","$300.00 (10/07/2025)","$300.00","$300.00","$300.00","0.00","1","$300.00"
"Walking Wake ex 2025 Scarlet & Violet: Prismatic Evolutions #178/131 Hyper Rare (Secret) CGC 8.5","0.00","$0.00","$7.38","$7.38 (10/05/2025)","$7.38","$7.38","$7.38","0.00","1","$7.38"
"Acerola's Mischief 2025 Mega Evolution #183/132 Special Illustration Rare CGC 10","0.00","$0.00","$74.40","$74.40 (10/12/2025)","$74.40","$74.40","$74.40","0.00","1","$74.40"
"Lillie's Ribombee 2025 Japanese Scarlet & Violet: Battle Partners #105/100 Art Rare BGS 10 Pristine","0.00","$0.00","$56.00","$56.00 (10/05/2025)","$56.00","$56.00","$56.00","-50.00","1","$56.00"
"Lillie's Ribombee 2025 Japanese Scarlet & Violet: Battle Partners #105/100 Art Rare CGC 8","0.00","$0.00","$9.60","$9.60 (10/12/2025)","$9.60","$9.60","$9.60","0.00","1","$9.60"
"Kangaskhan 2025 Scarlet & Violet: Destined Rivals #204/182 Illustration Rare CGC 9.5","0.00","$0.00","$27.50","$27.50 (10/05/2025)","$27.50","$27.50","$27.50","0.00","1","$27.50"
"Cinccino 2025 Scarlet & Violet: Black Bolt #153/086 Illustration Rare PSA 8","0.00","$0.00","$7.75","$7.75 (10/23/2025)","$7.75","$7.75","$7.75","0.00","1","$7.75"
"Sawsbuck 2025 Scarlet & Violet: White Flare #092/086 Illustration Rare PSA 9","0.00","$0.00","$28.49","$28.49 (10/18/2025)","$28.49","$28.49","$28.49","0.00","1","$28.49"
"Shaymin 2025 Scarlet & Violet: Prismatic Evolutions #087/131 Reverse Holo PSA 9","0.00","$0.00","$10.99","$10.99 (10/04/2025)","$10.99","$10.99","$10.99","0.00","1","$10.99"
"Shaymin 2025 Scarlet & Violet: Prismatic Evolutions #087/131 Reverse Holo CGC 9","0.00","$0.00","$7.00","$7.00 (10/22/2025)","$7.00","$7.00","$7.00","0.00","1","$7.00"
"Cynthia's Roserade 2025 Scarlet & Violet: Destined Rivals #184/182 Illustration Rare CGC 8.5","0.00","$0.00","$12.00","$12.00 (10/19/2025)","$12.00","$10.80","$13.20","0.00","2","$24.00"
"Klang 2025 Scarlet & Violet: Black Bolt #062/086 Master Ball Reverse Holo CGC 10","0.00","$0.00","$16.80","$16.80 (09/28/2025)","$16.80","$16.80","$16.80","0.00","1","$16.80"
"Pidove 2025 Japanese Scarlet & Violet: Black Bolt #153/086 Art Rare PSA 10","0.00","$0.00","$32.00","$32.00 (10/14/2025)","$32.00","$32.00","$32.00","-66.67","1","$32.00"
"Team Rocket's Hypno 2025 Scarlet & Violet: Destined Rivals #080/182 Base PSA 9","0.00","$0.00","$12.50","$12.50 (10/09/2025)","$12.50","$12.50","$12.50","0.00","1","$12.50"
"Panpour 2025 Japanese Scarlet & Violet: Black Bolt #105/086 Art Rare PSA 10","0.00","$0.00","$40.00","$40.00 (10/04/2025)","$40.00","$40.00","$40.00","0.00","1","$40.00"
"Yamask 2025 Scarlet & Violet: White Flare #122/086 Illustration Rare PSA 6","0.00","$0.00","$7.95","$7.95 (10/14/2025)","$7.95","$7.95","$7.95","0.00","1","$7.95"
"Steelix 2025 Mega Evolution #093/132 Holo CGC 10","0.00","$0.00","$8.40","$8.40 (10/12/2025)","$8.40","$8.40","$8.40","0.00","1","$8.40"
"Team Rocket's Mewtwo ex 2025 Japanese Scarlet & Violet: Glory of Team Rocket #130/098 Ultra Rare (Secret) CGC 10","0.00","$0.00","$50.00","$50.00 (10/23/2025)","$50.00","$50.00","$50.00","-50.00","1","$50.00"
"Servine 2025 Japanese Scarlet & Violet: Black Bolt #002/086 Master Ball Reverse Holo CGC 8","0.00","$0.00","$3.80","$3.80 (10/22/2025)","$3.80","$3.80","$3.80","0.00","1","$3.80"
"Snover 2025 Japanese Mega Symphonia #67/63 Art Rare PSA 10","0.00","$0.00","$40.00","$40.00 (10/04/2025)","$40.00","$40.00","$40.00","0.00","1","$40.00"
"Lillipup 2025 Japanese Scarlet & Violet: White Flare #072/086 Master Ball Reverse Holo CGC 10","0.00","$0.00","$21.00","$21.00 (10/04/2025)","$21.00","$21.00","$21.00","0.00","1","$21.00"
"Cobalion 2025 Japanese Scarlet & Violet: Black Bolt #149/086 Art Rare CGC 9","0.00","$0.00","$7.50","$7.50 (10/14/2025)","$7.50","$7.50","$7.50","0.00","1","$7.50"
"Houndour 2025 Scarlet & Violet: Prismatic Evolutions #062/131 Reverse Holo CGC 9.5","0.00","$0.00","$7.20","$7.20 (10/12/2025)","$7.20","$7.20","$7.20","0.00","1","$7.20"
"Houndour 2025 Scarlet & Violet: Prismatic Evolutions #062/131 Reverse Holo CGC 9","0.00","$0.00","$7.20","$7.20 (10/19/2025)","$7.20","$7.20","$7.20","0.00","1","$7.20"
"N's Zoroark ex 2025 Scarlet & Violet: Journey Together #098/159 Double Rare PSA 8","0.00","$0.00","$5.00","$5.00 (10/18/2025)","$5.00","$5.00","$5.00","-80.00","1","$5.00"
"Mega Venusaur ex 2025 Japanese Mega Brave #87/63 Special Art Rare CGC 9","0.00","$0.00","$95.00","$95.00 (10/23/2025)","$95.00","$95.00","$95.00","-50.00","1","$95.00"
"Lilligant 2025 Scarlet & Violet: Black Bolt #092/086 Illustration Rare PSA 10","0.00","$0.00","$137.50","$137.50 (09/27/2025)","$137.50","$137.50","$137.50","0.00","1","$137.50"
"Lilligant 2025 Scarlet & Violet: Black Bolt #092/086 Illustration Rare PSA 9","0.00","$0.00","$25.49","$25.49 (10/23/2025)","$25.49","$25.49","$25.49","0.00","1","$25.49"
"Oshawott 2025 Scarlet & Violet: White Flare #105/086 Illustration Rare PSA 7","0.00","$0.00","$41.00","$41.00 (10/16/2025)","$41.00","$41.00","$41.00","0.00","1","$41.00"
"Team Rocket's Proton 2025 Japanese Scarlet & Violet: Glory of Team Rocket #123/098 Super Rare (Full Art) CGC 10","0.00","$0.00","$26.99","$26.99 (10/15/2025)","$26.99","$26.99","$26.99","0.00","1","$26.99"
"Exeggcute 2025 Mega Evolution #004/132 Reverse Holo CGC 10","0.00","$0.00","$8.40","$8.40 (10/12/2025)","$8.40","$8.40","$8.40","0.00","1","$8.40"
"Mega Camerupt ex 2025 Japanese Mega Brave #13/63 Double Rare CGC 10","0.00","$0.00","$13.00","$13.00 (09/29/2025)","$13.00","$13.00","$13.00","-66.67","1","$13.00"
"Musharna 2025 Japanese Scarlet & Violet: Black Bolt #039/086 Master Ball Reverse Holo CGC 10","0.00","$0.00","$14.00","$14.00 (10/03/2025)","$14.00","$14.00","$14.00","0.00","1","$14.00"
"Cetitan ex 2025 Scarlet & Violet: Destined Rivals #065/182 Double Rare PSA 10","0.00","$0.00","$16.50","$16.50 (10/01/2025)","$16.50","$16.50","$16.50","0.00","1","$16.50"
"Pyroar 2025 Mega Evolution #024/132 Reverse Holo CGC 10","0.00","$0.00","$9.00","$9.00 (10/12/2025)","$9.00","$8.40","$9.60","0.00","2","$18.00"
"Pansage 2025 Scarlet & Violet: Black Bolt #089/086 Illustration Rare PSA 10","0.00","$0.00","$103.59","$103.59 (10/10/2025)","$103.59","$103.59","$103.59","0.00","1","$103.59"
"Cofagrigus 2025 Japanese Scarlet & Violet: White Flare #120/086 Art Rare PSA 10","0.00","$0.00","$46.00","$46.00 (10/03/2025)","$46.00","$46.00","$46.00","0.00","1","$46.00"
"Liepard 2025 Scarlet & Violet: White Flare #056/086 Master Ball Reverse Holo PSA 10","0.00","$0.00","$45.00","$45.00 (10/07/2025)","$45.00","$45.00","$45.00","0.00","1","$45.00"
"Misty's Lapras 2025 Japanese Scarlet & Violet: Heat Wave Arena #072/063 Art Rare CGC 8.5","0.00","$0.00","$12.00","$12.00 (10/12/2025)","$12.00","$12.00","$12.00","0.00","1","$12.00"
"Pansear 2025 Japanese Scarlet & Violet: White Flare #099/086 Art Rare CGC 10","0.00","$0.00","$25.99","$25.99 (09/28/2025)","$25.99","$25.99","$25.99","0.00","1","$25.99"
"Vullaby 2025 Scarlet & Violet: White Flare #063/086 Master Ball Reverse Holo PSA 9","0.00","$0.00","$15.00","$15.00 (10/15/2025)","$15.00","$15.00","$15.00","0.00","2","$30.00"
"Yamask 2025 Japanese Scarlet & Violet: White Flare #119/086 Art Rare PSA 9","0.00","$0.00","$14.50","$14.50 (10/15/2025)","$14.50","$14.50","$14.50","0.00","1","$14.50"
"Ruffian 2025 Scarlet & Violet: Journey Together #181/159 Ultra Rare (Full Art) PSA 10","0.00","$0.00","$37.50","$37.50 (10/07/2025)","$37.50","$37.50","$37.50","-50.00","1","$37.50"
"Umbreon 2025 Scarlet & Violet: Prismatic Evolutions #059/131 Poke Ball Reverse Holo PSA 8","0.00","$0.00","$9.50","$9.50 (10/16/2025)","$9.50","$9.50","$9.50","0.00","1","$9.50"
"Thundurus 2025 Scarlet & Violet: Black Bolt #033/086 Holo PSA 10","0.00","$0.00","$35.85","$35.85 (10/21/2025)","$35.85","$35.85","$35.85","0.00","1","$35.85"
"Arven's Mabosstiff ex 2025 Japanese Scarlet & Violet: Heat Wave Arena #081/063 Super Rare (Full Art) PSA 10","0.00","$0.00","$34.99","$34.99 (09/26/2025)","$34.99","$34.99","$34.99","0.00","1","$34.99"
"Arven's Mabosstiff ex 2025 Japanese Scarlet & Violet: Heat Wave Arena #081/063 Super Rare (Full Art) CGC 10","0.00","$0.00","$32.99","$32.99 (10/24/2025)","$32.99","$32.99","$32.99","0.00","1","$32.99"
"Beartic 2025 Scarlet & Violet: Black Bolt #026/086 Holo PSA 10","0.00","$0.00","$14.97","$14.97 (10/17/2025)","$14.97","$14.97","$14.97","0.00","1","$14.97"
"Maractus 2025 Scarlet & Violet: Journey Together #008/159 Base PSA 8","0.00","$0.00","$9.99","$9.99 (10/16/2025)","$9.99","$9.99","$9.99","-50.00","1","$9.99"
"Black Belt's Training 2025 Scarlet & Violet: Prismatic Evolutions #097/131 Base PSA 9","0.00","$0.00","$15.00","$15.00 (10/12/2025)","$15.00","$15.00","$15.00","0.00","1","$15.00"
"Vullaby 2025 Japanese Scarlet & Violet: Black Bolt #063/086 Master Ball Reverse Holo PSA 10","0.00","$0.00","$35.00","$35.00 (10/20/2025)","$35.00","$35.00","$35.00","0.00","1","$35.00"
"Ferrothorn 2025 Scarlet & Violet: White Flare #069/086 Master Ball Reverse Holo PSA 9","0.00","$0.00","$80.00","$80.00 (10/22/2025)","$80.00","$80.00","$80.00","0.00","1","$80.00"
"Zamazenta 2025 Scarlet & Violet: Destined Rivals #146/182 Reverse Holo PSA 9","0.00","$0.00","$7.50","$7.50 (10/09/2025)","$7.50","$7.50","$7.50","0.00","1","$7.50"
"Fennel 2025 Japanese Scarlet & Violet: Black Bolt #085/086 Reverse Holo CGC 10","0.00","$0.00","$16.80","$16.80 (09/28/2025)","$16.80","$16.80","$16.80","0.00","1","$16.80"
"Heatran 2025 Scarlet & Violet: Prismatic Evolutions #068/131 Reverse Holo CGC 10","0.00","$0.00","$12.00","$12.00 (10/19/2025)","$12.00","$12.00","$12.00","0.00","1","$12.00"
"Heatran 2025 Scarlet & Violet: Prismatic Evolutions #068/131 Reverse Holo CGC 9","0.00","$0.00","$6.00","$6.00 (10/12/2025)","$6.00","$6.00","$6.00","0.00","1","$6.00"
"Pawniard 2025 Japanese Scarlet & Violet: Black Bolt #066/086 Master Ball Reverse Holo PSA 10","0.00","$0.00","$21.50","$21.50 (10/19/2025)","$21.50","$21.50","$21.50","0.00","1","$21.50"
"Centiskorch 2025 Mega Evolution #030/132 Reverse Holo CGC 9","0.00","$0.00","$6.00","$6.00 (10/12/2025)","$6.00","$6.00","$6.00","0.00","1","$6.00"
"Snivy 2025 Japanese Scarlet & Violet: Black Bolt #001/086 Master Ball Reverse Holo CGC 10","0.00","$0.00","$23.50","$23.50 (10/04/2025)","$23.50","$23.50","$23.50","0.00","1","$23.50"
"Hop's Zacian ex 2025 Scarlet & Violet: Journey Together #176/159 Ultra Rare (Full Art) CGC 9","0.00","$0.00","$13.50","$13.50 (09/29/2025)","$13.50","$13.50","$13.50","0.00","1","$13.50"
"Team Rocket's Crobat ex 2025 Scarlet & Violet: Destined Rivals #234/182 Special Illustration Rare BGS 10 Pristine","0.00","$0.00","$380.00","$380.00 (10/06/2025)","$380.00","$380.00","$380.00","0.00","1","$380.00"
"Team Rocket's Crobat ex 2025 Scarlet & Violet: Destined Rivals #234/182 Special Illustration Rare CGC 9.5","0.00","$0.00","$134.99","$134.99 (10/10/2025)","$134.99","$134.99","$134.99","0.00","1","$134.99"
"Cynthia's Roserade 2025 Japanese Scarlet & Violet: Heat Wave Arena #065/063 Art Rare BGS 9.5","0.00","$0.00","$20.50","$20.50 (10/05/2025)","$20.50","$20.50","$20.50","0.00","1","$20.50"
"Cynthia's Roserade 2025 Japanese Scarlet & Violet: Heat Wave Arena #065/063 Art Rare CGC 9.5","0.00","$0.00","$19.99","$19.99 (10/19/2025)","$19.99","$19.99","$19.99","0.00","1","$19.99"
"Mega Gardevoir ex 2025 Japanese Mega Symphonia #87/63 Special Art Rare BGS 9.5","0.00","$0.00","$261.34","$261.34 (09/28/2025)","$261.34","$261.34","$261.34","0.00","1","$261.34"
"Houndstone 2025 Japanese Mega Symphonia #73/63 Art Rare CGC 10","0.00","$0.00","$15.00","$15.00 (09/29/2025)","$15.00","$15.00","$15.00","-66.67","1","$15.00"
"Spearow 2025 Japanese Mega Brave #74/63 Art Rare CGC 10","0.00","$0.00","$15.60","$15.60 (10/12/2025)","$15.35","$13.00","$20.00","-50.00","8","$122.80"
"Mega Latias ex 2025 Japanese Mega Symphonia #88/63 Special Art Rare PSA 9","0.00","$0.00","$66.00","$66.00 (10/11/2025)","$66.00","$66.00","$66.00","0.00","1","$66.00"
"Mega Latias ex 2025 Japanese Mega Symphonia #88/63 Special Art Rare PSA 7","0.00","$0.00","$99.90","$99.90 (10/11/2025)","$99.90","$99.90","$99.90","0.00","1","$99.90"
"Mega Latias ex 2025 Japanese Mega Symphonia #88/63 Special Art Rare CGC 8.5","0.00","$0.00","$55.00","$55.00 (09/29/2025)","$55.00","$55.00","$55.00","0.00","1","$55.00"
"Basculin 2025 Scarlet & Violet: White Flare #024/086 Master Ball Reverse Holo CGC 10","0.00","$0.00","$15.60","$15.60 (10/05/2025)","$15.60","$15.60","$15.60","0.00","1","$15.60"
"Riolu 2025 Japanese Mega Brave #68/63 Art Rare CGC 8.5","0.00","$0.00","$10.80","$10.80 (10/12/2025)","$10.80","$10.80","$10.80","0.00","1","$10.80"
"Espeon ex 2025 Scarlet & Violet: Prismatic Evolutions #155/131 Special Illustration Rare PSA 8","0.00","$0.00","$215.00","$215.00 (10/12/2025)","$215.00","$215.00","$215.00","-50.00","3","$645.00"
"Hilda 2025 Japanese Scarlet & Violet: White Flare #166/086 Super Rare (Full Art) CGC 10","0.00","$0.00","$17.50","$17.50 (10/03/2025)","$17.50","$17.50","$17.50","-66.67","1","$17.50"
"Hilda 2025 Japanese Scarlet & Violet: White Flare #166/086 Super Rare (Full Art) CGC 8.5","0.00","$0.00","$12.99","$12.99 (10/10/2025)","$12.99","$12.99","$12.99","0.00","1","$12.99"
"Arven's Mabosstiff ex 2025 Scarlet & Violet: Destined Rivals #139/182 Double Rare PSA 8","0.00","$0.00","$8.88","$8.88 (10/13/2025)","$8.88","$8.88","$8.88","0.00","1","$8.88"
"Arven's Mabosstiff ex 2025 Scarlet & Violet: Destined Rivals #139/182 Double Rare PSA 10","0.00","$0.00","$37.00","$37.00 (10/09/2025)","$37.00","$37.00","$37.00","0.00","1","$37.00"
"Reshiram ex 2025 Scarlet & Violet: White Flare #020/086 Double Rare SGC 9.5","0.00","$0.00","$14.96","$14.96 (10/17/2025)","$14.96","$14.96","$14.96","0.00","1","$14.96"
"Larry's Skill 2025 Scarlet & Violet: Prismatic Evolutions #139/131 Ultra Rare (Full Art) CGC 10","0.00","$0.00","$26.99","$26.99 (10/24/2025)","$26.99","$26.99","$26.99","-75.00","1","$26.99"
"Elgyem 2025 Scarlet & Violet: Black Bolt #120/086 Illustration Rare CGC 10","0.00","$0.00","$21.60","$21.60 (10/19/2025)","$21.60","$21.60","$21.60","0.00","1","$21.60"
"Elgyem 2025 Scarlet & Violet: Black Bolt #120/086 Illustration Rare CGC 9.5","0.00","$0.00","$19.20","$19.20 (10/05/2025)","$19.20","$19.20","$19.20","0.00","1","$19.20"
"Salamence ex 2025 Scarlet & Violet: Journey Together #114/159 Double Rare PSA 9","0.00","$0.00","$13.50","$13.50 (10/17/2025)","$13.50","$13.50","$13.50","0.00","1","$13.50"
"Pikachu ex 2025 Scarlet & Violet: Prismatic Evolutions #028/131 Double Rare CGC 9","0.00","$0.00","$27.00","$27.00 (10/18/2025)","$27.00","$27.00","$27.00","0.00","1","$27.00"
"Pikachu ex 2025 Scarlet & Violet: Prismatic Evolutions #028/131 Double Rare CGC 8.5","0.00","$0.00","$8.00","$8.00 (10/01/2025)","$8.00","$8.00","$8.00","0.00","1","$8.00"
"Bouffalant ex 2025 Scarlet & Violet: White Flare #162/086 Ultra Rare (Full Art) CGC 10","0.00","$0.00","$15.60","$15.60 (09/28/2025)","$15.60","$15.60","$15.60","0.00","1","$15.60"
"N's Zoroark ex 2025 Scarlet & Violet: Journey Together #185/159 Special Illustration Rare CGC 10","0.00","$0.00","$100.01","$100.01 (10/21/2025)","$100.01","$100.01","$100.01","-50.00","1","$100.01"
"Chandelure 2025 Japanese Scarlet & Violet: Black Bolt #102/086 Art Rare CGC 9","0.00","$0.00","$7.50","$7.50 (10/22/2025)","$7.50","$7.50","$7.50","0.00","1","$7.50"
"Mienfoo 2025 Scarlet & Violet: White Flare #133/086 Illustration Rare CGC 9","0.00","$0.00","$9.60","$9.60 (10/05/2025)","$9.60","$9.60","$9.60","0.00","1","$9.60"
"Reuniclus 2025 Scarlet & Violet: Black Bolt #039/086 Master Ball Reverse Holo PSA 10","0.00","$0.00","$21.50","$21.50 (10/19/2025)","$21.50","$21.50","$21.50","0.00","1","$21.50"
"Hydreigon ex 2025 Japanese Scarlet & Violet: White Flare #171/086 Special Art Rare CGC 9","0.00","$0.00","$44.99","$44.99 (10/19/2025)","$44.99","$44.99","$44.99","0.00","1","$44.99"
"Sawk 2025 Scarlet & Violet: White Flare #130/086 Illustration Rare CGC 10","0.00","$0.00","$89.00","$89.00 (10/04/2025)","$89.00","$89.00","$89.00","0.00","1","$89.00"
"Sawk 2025 Scarlet & Violet: White Flare #130/086 Illustration Rare CGC 9","0.00","$0.00","$19.20","$19.20 (10/05/2025)","$19.20","$19.20","$19.20","0.00","1","$19.20"
"Zekrom ex 2025 Scarlet & Violet: Black Bolt #166/086 Special Illustration Rare PSA 10","0.00","$0.00","$590.00","$590.00 (10/24/2025)","$607.04","$520.00","$690.00","13.89","82","$49777.02"
"Zekrom ex 2025 Scarlet & Violet: Black Bolt #166/086 Special Illustration Rare BGS 9","0.00","$0.00","$241.00","$241.00 (10/24/2025)","$241.00","$241.00","$241.00","0.00","1","$241.00"
"Flareon 2025 Scarlet & Violet: Prismatic Evolutions #013/131 Holo PSA 8","0.00","$0.00","$9.99","$9.99 (10/15/2025)","$9.99","$9.99","$9.99","0.00","1","$9.99"
"Raifort 2025 Scarlet & Violet: Prismatic Evolutions #142/131 Ultra Rare (Full Art) PSA 9","0.00","$0.00","$7.80","$7.80 (10/02/2025)","$7.80","$7.00","$8.60","-60.00","2","$15.60"
"Hydrapple 2025 Japanese Scarlet & Violet: Heat Wave Arena #068/063 Art Rare BGS 9.5","0.00","$0.00","$16.50","$16.50 (10/04/2025)","$16.50","$16.50","$16.50","0.00","1","$16.50"
"Zekrom ex 2025 Japanese Scarlet & Violet: Black Bolt #174/086 Black White Rare (Secret) CGC 10","0.00","$0.00","$255.00","$255.00 (10/15/2025)","$255.00","$255.00","$255.00","-87.50","1","$255.00"
"Mamoswine ex 2025 Scarlet & Violet: Journey Together #174/159 Ultra Rare (Full Art) SGC 9","0.00","$0.00","$1.45","$1.45 (10/14/2025)","$1.45","$1.45","$1.45","0.00","1","$1.45"
"Golurk 2025 Scarlet & Violet: Black Bolt #043/086 Poke Ball Reverse Holo PSA 8","0.00","$0.00","$60.00","$60.00 (10/22/2025)","$60.00","$60.00","$60.00","0.00","1","$60.00"
"Noibat 2025 Japanese Scarlet & Violet: Battle Partners #111/100 Art Rare BGS 9.5","0.00","$0.00","$24.59","$24.59 (09/30/2025)","$24.59","$24.59","$24.59","0.00","1","$24.59"
"Noibat 2025 Japanese Scarlet & Violet: Battle Partners #111/100 Art Rare CGC 9","0.00","$0.00","$3.75","$3.75 (10/20/2025)","$3.75","$3.75","$3.75","0.00","1","$3.75"
"Vanillite 2025 Scarlet & Violet: White Flare #111/086 Illustration Rare CGC 9.5","0.00","$0.00","$8.27","$8.27 (10/19/2025)","$8.27","$8.27","$8.27","0.00","1","$8.27"
"Team Rocket's Ariana 2025 Scarlet & Violet: Destined Rivals #224/182 Ultra Rare (Full Art) PSA 8","0.00","$0.00","$14.00","$14.00 (10/03/2025)","$14.00","$14.00","$14.00","-50.00","1","$14.00"
"Team Rocket's Ariana 2025 Scarlet & Violet: Destined Rivals #224/182 Ultra Rare (Full Art) PSA 7","0.00","$0.00","$14.50","$14.50 (09/30/2025)","$14.50","$14.50","$14.50","0.00","1","$14.50"
"Team Rocket's Ariana 2025 Scarlet & Violet: Destined Rivals #224/182 Ultra Rare (Full Art) CGC 9.5","0.00","$0.00","$12.00","$12.00 (09/28/2025)","$12.00","$12.00","$12.00","0.00","1","$12.00"
"Mega Charizard X ex 2025 Japanese Mega: Inferno X #110/80 Special Art Rare BGS 10 Pristine","0.00","$0.00","$2500.00","$2500.00 (10/24/2025)","$2333.33","$2000.00","$2500.00","0.00","3","$7000.00"
"Seismitoad 2025 Japanese Scarlet & Violet: Black Bolt #109/086 Art Rare PSA 8","0.00","$0.00","$70.00","$70.00 (09/27/2025)","$70.00","$70.00","$70.00","0.00","1","$70.00"
"Seismitoad 2025 Japanese Scarlet & Violet: Black Bolt #109/086 Art Rare PSA 7","0.00","$0.00","$58.00","$58.00 (09/27/2025)","$58.00","$51.00","$65.00","0.00","2","$116.00"
"Mega Charizard X ex 2025 Japanese Mega: Inferno X #110/80 Special Art Rare PSA 8","0.00","$0.00","$840.00","$840.00 (10/19/2025)","$840.00","$840.00","$840.00","0.00","1","$840.00"
"Volcarona 2025 Scarlet & Violet: Black Bolt #100/086 Illustration Rare CGC 7.5","0.00","$0.00","$8.40","$8.40 (10/19/2025)","$8.40","$8.40","$8.40","0.00","1","$8.40"
"Emolga 2025 Scarlet & Violet: Black Bolt #112/086 Illustration Rare PSA 9","0.00","$0.00","$35.00","$35.00 (10/24/2025)","$35.00","$35.00","$35.00","0.00","1","$35.00"
"Emolga 2025 Scarlet & Violet: Black Bolt #112/086 Illustration Rare PSA 8","0.00","$0.00","$18.50","$18.50 (10/05/2025)","$18.50","$18.50","$18.50","0.00","1","$18.50"
"Meloetta ex 2025 Scarlet & Violet: Black Bolt #167/086 Special Illustration Rare BGS 9.5","0.00","$0.00","$71.00","$71.00 (10/06/2025)","$71.00","$71.00","$71.00","0.00","1","$71.00"
"Meloetta ex 2025 Scarlet & Violet: Black Bolt #167/086 Special Illustration Rare PSA 8","0.00","$0.00","$26.00","$26.00 (10/19/2025)","$26.00","$26.00","$26.00","0.00","1","$26.00"
"Herdier 2025 Scarlet & Violet: White Flare #075/086 Reverse Holo PSA 10","0.00","$0.00","$21.50","$21.50 (10/21/2025)","$21.50","$21.50","$21.50","0.00","1","$21.50"
"Sylveon ex 2025 Scarlet & Violet: Prismatic Evolutions #156/131 Special Illustration Rare BGS 9.5","0.00","$0.00","$808.37","$808.37 (10/04/2025)","$808.37","$716.74","$900.00","0.00","2","$1616.74"
"Sylveon ex 2025 Scarlet & Violet: Prismatic Evolutions #156/131 Special Illustration Rare CGC 9","0.00","$0.00","$384.00","$384.00 (10/12/2025)","$384.00","$384.00","$384.00","0.00","1","$384.00"
"Team Rocket's Houndoom 2025 Japanese Scarlet & Violet: Glory of Team Rocket #100/098 Art Rare CGC 9","0.00","$0.00","$12.00","$12.00 (09/28/2025)","$12.00","$12.00","$12.00","-75.00","1","$12.00"
"Blaziken 2025 Japanese Scarlet & Violet: Glory of Team Rocket #101/098 Art Rare CGC 10","0.00","$0.00","$30.12","$30.12 (10/15/2025)","$30.12","$30.12","$30.12","-50.00","1","$30.12"
"Hoothoot 2025 Scarlet & Violet: Prismatic Evolutions #077/131 Poke Ball Reverse Holo PSA 9","0.00","$0.00","$3.25","$3.25 (10/19/2025)","$3.25","$3.25","$3.25","0.00","1","$3.25"
"Swoobat 2025 Scarlet & Violet: White Flare #120/086 Illustration Rare PSA 8","0.00","$0.00","$13.50","$13.50 (10/12/2025)","$13.50","$13.50","$13.50","0.00","1","$13.50"
"Ethan's Adventure 2025 Scarlet & Violet: Destined Rivals #221/182 Ultra Rare (Full Art) CGC 9","0.00","$0.00","$5.00","$5.00 (10/20/2025)","$5.00","$5.00","$5.00","-50.00","1","$5.00"
"N's Plot 2025 Japanese Scarlet & Violet: Black Bolt #083/086 Reverse Holo PSA 9","0.00","$0.00","$9.01","$9.01 (10/15/2025)","$9.01","$9.01","$9.01","0.00","1","$9.01"
"Marshadow 2025 Japanese Mega Brave #69/63 Art Rare CGC 8.5","0.00","$0.00","$18.00","$18.00 (10/02/2025)","$18.00","$18.00","$18.00","-50.00","1","$18.00"
"Eevee ex 2025 Scarlet & Violet: Prismatic Evolutions #075/131 Double Rare CGC 9.5","0.00","$0.00","$8.50","$8.50 (10/05/2025)","$8.50","$8.50","$8.50","0.00","1","$8.50"
"Yamask 2025 Scarlet & Violet: White Flare #122/086 Illustration Rare CGC 9.5","0.00","$0.00","$13.20","$13.20 (10/05/2025)","$13.20","$13.20","$13.20","0.00","1","$13.20"
"Cynthia's Gabite 2025 Japanese Scarlet & Violet: Heat Wave Arena #043/063 Base PSA 10","0.00","$0.00","$30.00","$30.00 (10/10/2025)","$30.00","$30.00","$30.00","0.00","1","$30.00"
"Litwick 2025 Scarlet & Violet: White Flare #101/086 Illustration Rare CGC 9","0.00","$0.00","$6.99","$6.99 (10/19/2025)","$6.99","$6.99","$6.99","0.00","1","$6.99"
"Budew 2025 Scarlet & Violet: Prismatic Evolutions #004/131 Reverse Holo CGC 9.5","0.00","$0.00","$7.20","$7.20 (10/12/2025)","$7.20","$7.20","$7.20","0.00","1","$7.20"
"Zekrom ex 2025 Scarlet & Violet: Black Bolt #034/086 Double Rare CGC 9","0.00","$0.00","$9.00","$9.00 (10/16/2025)","$9.00","$9.00","$9.00","0.00","1","$9.00"
"Mimikyu ex 2025 Scarlet & Violet: Journey Together #069/159 Double Rare CGC 9.5","0.00","$0.00","$14.40","$14.40 (10/05/2025)","$14.40","$14.40","$14.40","0.00","1","$14.40"
"Cobalion 2025 Scarlet & Violet: Black Bolt #144/086 Illustration Rare CGC 10","0.00","$0.00","$27.60","$27.60 (10/12/2025)","$27.60","$27.60","$27.60","0.00","1","$27.60"
"Shaymin 2025 Scarlet & Violet: Prismatic Evolutions #087/131 Master Ball Reverse Holo CGC 10","0.00","$0.00","$11.00","$11.00 (09/29/2025)","$11.00","$11.00","$11.00","0.00","1","$11.00"
"Shaymin 2025 Scarlet & Violet: Prismatic Evolutions #087/131 Master Ball Reverse Holo CGC 9","0.00","$0.00","$6.00","$6.00 (10/05/2025)","$6.00","$6.00","$6.00","0.00","1","$6.00"
"Watchog 2025 Japanese Scarlet & Violet: White Flare #152/086 Art Rare CGC 10","0.00","$0.00","$18.24","$18.24 (10/20/2025)","$18.24","$8.50","$27.99","0.00","2","$36.49"
"Darmanitan 2025 Japanese Scarlet & Violet: Black Bolt #099/086 Art Rare CGC 10","0.00","$0.00","$15.99","$15.99 (10/22/2025)","$15.99","$15.99","$15.99","0.00","1","$15.99"
"Crustle 2025 Japanese Scarlet & Violet: Black Bolt #136/086 Art Rare PSA 9","0.00","$0.00","$20.00","$20.00 (10/21/2025)","$20.00","$20.00","$20.00","0.00","1","$20.00"
"Swoobat 2025 Japanese Scarlet & Violet: White Flare #034/086 Master Ball Reverse Holo CGC 8","0.00","$0.00","$0.99","$0.99 (10/21/2025)","$0.99","$0.99","$0.99","0.00","1","$0.99"
"Golurk 2025 Japanese Scarlet & Violet: Black Bolt #129/086 Art Rare CGC 9","0.00","$0.00","$13.50","$13.50 (10/21/2025)","$13.50","$13.50","$13.50","0.00","1","$13.50"
"Lacey 2025 Scarlet & Violet: Prismatic Evolutions #114/131 Reverse Holo CGC 10","0.00","$0.00","$10.00","$10.00 (10/19/2025)","$10.00","$10.00","$10.00","0.00","1","$10.00"
"Garbodor 2025 Japanese Scarlet & Violet: White Flare #139/086 Art Rare PSA 10","0.00","$0.00","$34.97","$34.97 (10/23/2025)","$34.97","$34.97","$34.97","-50.00","1","$34.97"
"Mega Manectric ex 2025 Japanese Mega Symphonia #32/63 Double Rare PSA 10","0.00","$0.00","$80.00","$80.00 (10/14/2025)","$80.00","$80.00","$80.00","0.00","1","$80.00"
"Okidogi 2025 Scarlet & Violet: Prismatic Evolutions #057/131 Holo CGC 10","0.00","$0.00","$14.40","$14.40 (10/19/2025)","$14.40","$14.40","$14.40","0.00","1","$14.40"
"Okidogi 2025 Scarlet & Violet: Prismatic Evolutions #057/131 Holo CGC 9.5","0.00","$0.00","$7.20","$7.20 (10/19/2025)","$7.20","$7.20","$7.20","0.00","1","$7.20"
"Audino 2025 Japanese Scarlet & Violet: Black Bolt #156/086 Art Rare CGC 9.5","0.00","$0.00","$13.37","$13.37 (10/14/2025)","$13.37","$13.37","$13.37","0.00","1","$13.37"
"Samurott 2025 Scarlet & Violet: White Flare #107/086 Illustration Rare CGC 8.5","0.00","$0.00","$19.00","$19.00 (10/01/2025)","$19.00","$19.00","$19.00","0.00","1","$19.00"
"Cubchoo 2025 Scarlet & Violet: Black Bolt #025/086 Master Ball Reverse Holo CGC 9","0.00","$0.00","$8.00","$8.00 (10/04/2025)","$8.00","$8.00","$8.00","0.00","1","$8.00"
"Noctowl 2025 Scarlet & Violet: Prismatic Evolutions #078/131 Poke Ball Reverse Holo PSA 9","0.00","$0.00","$0.99","$0.99 (10/19/2025)","$0.99","$0.99","$0.99","0.00","1","$0.99"
"Noctowl 2025 Scarlet & Violet: Prismatic Evolutions #078/131 Poke Ball Reverse Holo CGC 10","0.00","$0.00","$18.00","$18.00 (09/28/2025)","$18.00","$18.00","$18.00","0.00","1","$18.00"
"Crispin 2025 Scarlet & Violet: Prismatic Evolutions #171/131 Special Illustration Rare CGC 10","0.00","$0.00","$73.00","$73.00 (10/14/2025)","$73.00","$73.00","$73.00","0.00","1","$73.00"
"Lt. Surge's Deal 2025 Japanese Mega Brave #90/63 Special Art Rare CGC 10","0.00","$0.00","$39.00","$39.00 (10/01/2025)","$39.00","$39.00","$39.00","0.00","1","$39.00"
"Munkidori 2025 Scarlet & Violet: Prismatic Evolutions #044/131 Master Ball Reverse Holo PSA 9","0.00","$0.00","$3.25","$3.25 (10/19/2025)","$3.25","$3.25","$3.25","0.00","1","$3.25"
"N's Plot 2025 Japanese Scarlet & Violet: Black Bolt #165/086 Super Rare (Full Art) PSA 6","0.00","$0.00","$15.00","$15.00 (10/05/2025)","$15.00","$15.00","$15.00","0.00","1","$15.00"
"Whimsicott ex 2025 Scarlet & Violet: White Flare #157/086 Ultra Rare (Full Art) CGC 9","0.00","$0.00","$10.80","$10.80 (10/05/2025)","$10.80","$10.80","$10.80","0.00","1","$10.80"
"Pikachu ex 2025 Scarlet & Violet: Prismatic Evolutions #028/131 Double Rare SGC 9.5","0.00","$0.00","$24.99","$24.99 (10/20/2025)","$24.99","$24.99","$24.99","0.00","1","$24.99"
"Lampent 2025 Japanese Scarlet & Violet: Black Bolt #016/086 Reverse Holo CGC 10","0.00","$0.00","$18.00","$18.00 (09/28/2025)","$18.00","$18.00","$18.00","0.00","1","$18.00"
"Larvitar 2025 Scarlet & Violet: Prismatic Evolutions #047/131 Reverse Holo CGC 10","0.00","$0.00","$12.00","$12.00 (09/29/2025)","$12.00","$12.00","$12.00","0.00","1","$12.00"
"Jolteon 2025 Scarlet & Violet: Prismatic Evolutions #029/131 Master Ball Reverse Holo PSA 8","0.00","$0.00","$10.50","$10.50 (09/28/2025)","$10.50","$10.50","$10.50","-75.00","1","$10.50"
"Spike Energy 2025 Japanese Scarlet & Violet: Battle Partners #132/100 Ultra Rare (Secret) PSA 10","0.00","$0.00","$25.00","$25.00 (10/08/2025)","$25.00","$25.00","$25.00","0.00","1","$25.00"
"Lampent 2025 Japanese Scarlet & Violet: Black Bolt #101/086 Art Rare CGC 9.5","0.00","$0.00","$9.50","$9.50 (10/10/2025)","$9.50","$9.50","$9.50","0.00","1","$9.50"
"Zoroark 2025 Scarlet & Violet: White Flare #062/086 Poke Ball Reverse Holo PSA 9","0.00","$0.00","$8.16","$8.16 (10/20/2025)","$8.16","$8.16","$8.16","0.00","1","$8.16"
"Purrloin 2025 Japanese Scarlet & Violet: White Flare #134/086 Art Rare PSA 10","0.00","$0.00","$50.00","$50.00 (10/24/2025)","$50.00","$50.00","$50.00","-66.67","1","$50.00"
"Leafeon 2025 Scarlet & Violet: Prismatic Evolutions #005/131 Reverse Holo PSA 9","0.00","$0.00","$20.00","$20.00 (10/06/2025)","$20.00","$20.00","$20.00","0.00","1","$20.00"
"Pyroar 2025 Scarlet & Violet: Prismatic Evolutions #016/131 Master Ball Reverse Holo CGC 8.5","0.00","$0.00","$6.00","$6.00 (10/05/2025)","$6.00","$6.00","$6.00","0.00","1","$6.00"
"Pignite 2025 Japanese Scarlet & Violet: White Flare #012/086 Reverse Holo PSA 10","0.00","$0.00","$34.99","$34.99 (10/11/2025)","$34.99","$34.99","$34.99","-50.00","1","$34.99"
"Litwick 2025 Japanese Scarlet & Violet: Black Bolt #100/086 Art Rare PSA 10","0.00","$0.00","$37.00","$37.00 (10/14/2025)","$37.00","$37.00","$37.00","-80.00","1","$37.00"
"Rufflet 2025 Scarlet & Violet: Black Bolt #154/086 Illustration Rare PSA 9","0.00","$0.00","$16.50","$16.50 (10/23/2025)","$17.00","$13.50","$19.50","300.00","4","$68.00"
"Emolga 2025 Japanese Scarlet & Violet: Black Bolt #116/086 Art Rare PSA 10","0.00","$0.00","$38.00","$38.00 (10/07/2025)","$38.00","$38.00","$38.00","-75.00","1","$38.00"
"Bouffalant ex 2025 Scarlet & Violet: White Flare #077/086 Double Rare PSA 10","0.00","$0.00","$174.99","$174.99 (10/12/2025)","$174.99","$174.99","$174.99","0.00","1","$174.99"
"Bouffalant ex 2025 Scarlet & Violet: White Flare #077/086 Double Rare PSA 9","0.00","$0.00","$15.00","$15.00 (10/10/2025)","$15.00","$15.00","$15.00","0.00","1","$15.00"
"Heatmor 2025 Japanese Scarlet & Violet: White Flare #016/086 Master Ball Reverse Holo PSA 10","0.00","$0.00","$26.00","$26.00 (10/10/2025)","$26.00","$26.00","$26.00","0.00","1","$26.00"
"Misty's Psyduck 2025 Scarlet & Violet: Destined Rivals #193/182 Illustration Rare CGC 8.5","-0.02","-$0.01","$57.00","$56.99 (10/16/2025)","$59.60","$56.99","$64.80","0.00","3","$178.79"
"Solosis 2025 Japanese Scarlet & Violet: Black Bolt #123/086 Art Rare CGC 10","-0.03","-$0.01","$29.00","$28.99 (09/30/2025)","$28.99","$27.99","$29.99","200.00","3","$86.98"
"N's Zoroark ex 2025 Scarlet & Violet: Journey Together #098/159 Double Rare PSA 9","-0.10","-$0.01","$10.00","$9.99 (10/16/2025)","$11.66","$9.99","$15.00","50.00","3","$34.99"
"Jellicent ex 2025 Japanese Scarlet & Violet: White Flare #170/086 Special Art Rare PSA 10","-0.18","-$0.10","$55.10","$55.00 (10/20/2025)","$46.27","$19.99","$55.10","33.33","4","$185.09"
"Seismitoad 2025 Scarlet & Violet: Black Bolt #105/086 Illustration Rare PSA 8","-0.30","-$0.51","$170.00","$169.49 (10/23/2025)","$169.75","$169.49","$170.00","-33.33","2","$339.49"
"Herdier 2025 Scarlet & Violet: White Flare #155/086 Illustration Rare PSA 8","-0.33","-$0.05","$15.00","$14.95 (10/20/2025)","$14.97","$14.95","$15.00","0.00","2","$29.95"
"Team Rocket's Mewtwo ex 2025 Scarlet & Violet: Destined Rivals #231/182 Special Illustration Rare CGC 9","-0.73","-$3.56","$491.00","$487.44 (10/09/2025)","$502.15","$487.44","$528.00","0.00","3","$1506.44"
"N's Zorua 2025 Japanese Scarlet & Violet: Battle Partners #108/100 Art Rare CGC 10","-0.83","-$0.21","$25.20","$24.99 (10/24/2025)","$20.66","$9.50","$31.60","0.00","11","$227.23"
"Ducklett 2025 Japanese Scarlet & Violet: White Flare #106/086 Art Rare PSA 10","-1.00","-$0.31","$31.00","$30.69 (10/18/2025)","$28.40","$23.50","$31.00","200.00","3","$85.19"
"Yamask 2025 Japanese Scarlet & Violet: White Flare #119/086 Art Rare PSA 10","-1.03","-$0.34","$33.00","$32.66 (10/12/2025)","$32.83","$32.66","$33.00","-33.33","2","$65.66"
"Yanma 2025 Scarlet & Violet: Destined Rivals #183/182 Illustration Rare CGC 9","-1.04","-$0.10","$9.60","$9.50 (10/20/2025)","$9.55","$9.50","$9.60","-33.33","2","$19.10"
"Klinklang 2025 Scarlet & Violet: Black Bolt #141/086 Illustration Rare PSA 9","-1.09","-$0.19","$17.40","$17.21 (10/23/2025)","$17.30","$17.21","$17.40","0.00","2","$34.61"
"Team Rocket's Moltres ex 2025 Japanese Scarlet & Violet: Glory of Team Rocket #124/098 Special Art Rare PSA 8","-1.11","-$1.00","$90.00","$89.00 (10/17/2025)","$88.00","$85.00","$90.00","200.00","3","$264.00"
"Unfezant 2025 Scarlet & Violet: Black Bolt #150/086 Illustration Rare PSA 10","-1.23","-$2.50","$202.50","$200.00 (10/20/2025)","$192.50","$175.00","$202.50","0.00","3","$577.50"
"Eelektross 2025 Scarlet & Violet: Black Bolt #115/086 Illustration Rare PSA 10","-1.25","-$1.00","$80.00","$79.00 (10/12/2025)","$79.50","$79.00","$80.00","0.00","2","$159.00"
"Klink 2025 Scarlet & Violet: Black Bolt #139/086 Illustration Rare PSA 10","-1.33","-$1.01","$76.00","$74.99 (10/19/2025)","$75.50","$74.99","$76.00","0.00","2","$150.99"
"Meloetta ex 2025 Scarlet & Violet: Black Bolt #159/086 Ultra Rare (Full Art) PSA 9","-1.33","-$0.20","$15.00","$14.80 (10/15/2025)","$14.90","$14.80","$15.00","0.00","2","$29.80"
"Ethan's Ho-Oh ex 2025 Japanese Scarlet & Violet: Heat Wave Arena #086/063 Special Art Rare CGC 10","-1.50","-$1.75","$116.75","$115.00 (10/19/2025)","$111.70","$100.00","$118.50","400.00","5","$558.50"
"Team Rocket's Mewtwo ex 2025 Scarlet & Violet: Destined Rivals #231/182 Special Illustration Rare CGC 9.5","-1.64","-$10.00","$610.00","$600.00 (10/19/2025)","$616.67","$600.00","$640.00","50.00","3","$1850.00"
"Reshiram ex 2025 Scarlet & Violet: White Flare #020/086 Double Rare PSA 9","-1.66","-$1.01","$61.00","$59.99 (10/13/2025)","$50.31","$29.95","$61.00","0.00","3","$150.94"
"Teal Mask Ogerpon ex 2025 Scarlet & Violet: Prismatic Evolutions #145/131 Special Illustration Rare PSA 10","-1.77","-$1.75","$99.00","$97.25 (10/19/2025)","$108.37","$90.00","$139.99","300.00","4","$433.49"
"Whimsicott ex 2025 Japanese Scarlet & Violet: White Flare #167/086 Special Art Rare PSA 10","-1.79","-$1.00","$56.00","$55.00 (10/06/2025)","$55.50","$55.00","$56.00","-71.43","2","$111.00"
"Scraggy 2025 Scarlet & Violet: White Flare #138/086 Illustration Rare CGC 9","-1.79","-$0.60","$33.60","$33.00 (10/12/2025)","$33.30","$33.00","$33.60","0.00","2","$66.60"
"Swinub 2025 Japanese Scarlet & Violet: Battle Partners #106/100 Art Rare CGC 9.5","-1.82","-$0.20","$11.00","$10.80 (10/19/2025)","$10.87","$10.80","$11.00","-25.00","3","$32.60"
"Ethan's Ho-Oh ex 2025 Scarlet & Violet: Destined Rivals #239/182 Hyper Rare (Secret) PSA 10","-1.88","-$2.25","$120.00","$117.75 (10/21/2025)","$108.35","$83.00","$124.75","-31.25","22","$2383.62"
"Team Rocket's Giovanni 2025 Japanese Scarlet & Violet: Glory of Team Rocket #121/098 Super Rare (Full Art) PSA 10","-1.94","-$0.99","$50.99","$50.00 (10/16/2025)","$48.82","$22.65","$71.62","300.00","4","$195.26"
"Amarys 2025 Scarlet & Violet: Prismatic Evolutions #132/131 Ultra Rare (Full Art) PSA 9","-1.94","-$0.35","$18.00","$17.65 (10/22/2025)","$17.82","$17.65","$18.00","-75.00","2","$35.65"
"Ethan's Adventure 2025 Scarlet & Violet: Destined Rivals #236/182 Special Illustration Rare PSA 10","-2.00","-$5.00","$250.00","$245.00 (10/19/2025)","$233.12","$140.89","$273.49","-26.67","11","$2564.36"
"Team Rocket's Moltres ex 2025 Scarlet & Violet: Destined Rivals #208/182 Ultra Rare (Full Art) CGC 10","-2.13","-$1.00","$47.00","$46.00 (10/23/2025)","$40.90","$26.00","$47.00","-55.56","8","$327.20"
"Victini 2025 Scarlet & Violet: Black Bolt #171/086 Black White Rare (Secret) PSA 9","-2.20","-$11.00","$500.00","$489.00 (10/23/2025)","$450.12","$365.00","$500.00","88.89","34","$15304.07"
"Terapagos ex 2025 Scarlet & Violet: Prismatic Evolutions #169/131 Special Illustration Rare PSA 9","-2.22","-$0.50","$22.50","$22.00 (10/24/2025)","$33.73","$21.50","$53.00","225.00","13","$438.52"
"Carracosta 2025 Scarlet & Violet: Black Bolt #107/086 Illustration Rare PSA 9","-2.24","-$0.43","$19.00","$18.57 (10/24/2025)","$18.29","$16.40","$20.75","0.00","4","$73.15"
"Hilda 2025 Scarlet & Violet: White Flare #164/086 Ultra Rare (Full Art) PSA 9","-2.44","-$0.50","$20.50","$20.00 (10/23/2025)","$21.99","$19.50","$26.00","166.67","8","$175.90"
"Throh 2025 Scarlet & Violet: Black Bolt #128/086 Illustration Rare PSA 10","-2.44","-$2.50","$102.50","$100.00 (10/16/2025)","$101.25","$100.00","$102.50","0.00","2","$202.50"
"Hop's Zacian ex 2025 Scarlet & Violet: Journey Together #176/159 Ultra Rare (Full Art) PSA 10","-2.50","-$1.00","$39.99","$38.99 (10/23/2025)","$39.90","$30.00","$50.40","0.00","21","$837.94"
"Team Rocket's Meowth 2025 Japanese Scarlet & Violet: Glory of Team Rocket #109/098 Art Rare CGC 10","-2.53","-$1.01","$39.98","$38.97 (10/24/2025)","$31.09","$15.50","$53.00","-59.26","22","$683.88"
"Blaziken ex 2025 Scarlet & Violet: Journey Together #024/159 Double Rare PSA 10","-2.56","-$1.00","$39.00","$38.00 (10/21/2025)","$37.67","$36.00","$39.00","-40.00","3","$113.00"
"Yanma 2025 Scarlet & Violet: Destined Rivals #183/182 Illustration Rare CGC 10","-2.63","-$0.60","$22.80","$22.20 (10/19/2025)","$25.44","$18.00","$34.99","0.00","5","$127.19"
"Steelix 2025 Japanese Mega Brave #73/63 Art Rare CGC 9","-2.70","-$0.30","$11.10","$10.80 (10/19/2025)","$11.04","$10.80","$12.00","400.00","5","$55.20"
"Lillie's Clefairy ex 2025 Japanese Scarlet & Violet: Battle Partners #115/100 Super Rare (Full Art) PSA 10","-2.85","-$1.00","$35.00","$34.00 (10/24/2025)","$43.47","$18.58","$98.00","30.00","26","$1130.19"
"Serperior ex 2025 Scarlet & Violet: Black Bolt #156/086 Ultra Rare (Full Art) PSA 10","-2.89","-$1.01","$35.00","$33.99 (10/16/2025)","$39.65","$31.00","$56.00","150.00","10","$396.49"
"Eevee ex 2025 Scarlet & Violet: Prismatic Evolutions #075/131 Double Rare PSA 9","-2.89","-$0.51","$17.50","$16.99 (10/24/2025)","$20.65","$12.50","$31.91","26.67","19","$392.44"
"Seismitoad 2025 Scarlet & Violet: Black Bolt #105/086 Illustration Rare PSA 6","-2.91","-$4.49","$154.49","$150.00 (10/15/2025)","$152.25","$150.00","$154.49","0.00","2","$304.49"
"Darmanitan 2025 Scarlet & Violet: Black Bolt #098/086 Illustration Rare PSA 9","-2.91","-$0.51","$17.51","$17.00 (10/22/2025)","$15.70","$13.50","$18.50","150.00","5","$78.51"
"Raging Bolt ex 2025 Scarlet & Violet: Prismatic Evolutions #166/131 Special Illustration Rare PSA 10","-3.13","-$10.00","$320.00","$310.00 (10/24/2025)","$328.59","$232.50","$450.00","-42.11","11","$3614.50"
"Fennel 2025 Japanese Scarlet & Violet: Black Bolt #166/086 Super Rare (Full Art) CGC 10","-3.23","-$0.50","$15.50","$15.00 (10/22/2025)","$14.16","$11.99","$15.50","0.00","3","$42.49"
"Larvesta 2025 Japanese Scarlet & Violet: Black Bolt #103/086 Art Rare PSA 10","-3.26","-$1.01","$31.00","$29.99 (10/08/2025)","$30.49","$29.99","$31.00","-33.33","2","$60.99"
"Reshiram ex 2025 Japanese Scarlet & Violet: White Flare #160/086 Super Rare (Full Art) PSA 10","-3.33","-$1.00","$30.00","$29.00 (10/18/2025)","$29.50","$29.00","$30.00","-50.00","2","$59.00"
"Mega Lucario ex 2025 Mega Evolution #179/132 Special Illustration Rare PSA 8","-3.33","-$10.00","$300.00","$290.00 (10/23/2025)","$295.00","$290.00","$300.00","0.00","2","$590.00"
"Blaziken 2025 Scarlet & Violet: Destined Rivals #192/182 Illustration Rare CGC 9","-3.33","-$0.60","$18.00","$17.40 (10/05/2025)","$17.60","$15.60","$21.60","0.00","6","$105.60"
"Mega Latias ex 2025 Japanese Mega Symphonia #79/63 Super Rare (Full Art) CGC 10","-3.41","-$1.31","$38.40","$37.09 (10/12/2025)","$36.70","$29.00","$42.00","27.27","14","$513.80"
"Zamazenta 2025 Scarlet & Violet: Destined Rivals #201/182 Illustration Rare PSA 10","-3.45","-$3.33","$96.33","$93.00 (10/23/2025)","$101.23","$81.00","$148.85","22.22","22","$2227.10"
"Eevee ex 2025 Scarlet & Violet: Prismatic Evolutions #167/131 Special Illustration Rare PSA 8","-3.46","-$3.40","$98.40","$95.00 (10/17/2025)","$97.80","$95.00","$100.00","200.00","3","$293.40"
"Eevee ex 2025 Scarlet & Violet: Prismatic Evolutions #075/131 Double Rare PSA 10","-3.51","-$1.75","$49.75","$48.00 (10/23/2025)","$53.26","$38.50","$73.88","-7.14","26","$1384.89"
"Crustle 2025 Scarlet & Violet: Black Bolt #130/086 Illustration Rare PSA 9","-3.55","-$0.55","$15.50","$14.95 (10/22/2025)","$16.27","$14.40","$19.39","0.00","5","$81.34"
"Pawniard 2025 Japanese Scarlet & Violet: Black Bolt #147/086 Art Rare CGC 10","-3.57","-$1.00","$27.99","$26.99 (10/24/2025)","$27.49","$26.99","$27.99","0.00","2","$54.98"
"Archeops 2025 Japanese Scarlet & Violet: White Flare #130/086 Art Rare CGC 10","-3.57","-$1.00","$27.99","$26.99 (10/24/2025)","$27.49","$26.99","$27.99","0.00","2","$54.98"
"Team Rocket's Nidoking ex 2025 Scarlet & Violet: Destined Rivals #233/182 Special Illustration Rare PSA 7","-3.61","-$4.31","$119.31","$115.00 (10/20/2025)","$117.16","$115.00","$119.31","100.00","2","$234.31"
"Misty's Psyduck 2025 Japanese Scarlet & Violet: Heat Wave Arena #071/063 Art Rare CGC 10","-3.71","-$1.67","$44.99","$43.32 (10/24/2025)","$42.90","$22.00","$53.15","166.67","32","$1372.74"
"Mega Signal 2025 Japanese Mega Symphonia #83/63 Super Rare (Full Art) PSA 10","-3.75","-$3.00","$80.00","$77.00 (10/22/2025)","$78.50","$77.00","$80.00","0.00","2","$157.00"
"Eevee ex 2025 Scarlet & Violet: Prismatic Evolutions #075/131 Double Rare PSA 8","-3.81","-$0.40","$10.50","$10.10 (10/24/2025)","$13.55","$10.10","$25.66","150.00","5","$67.76"
"Salamence ex 2025 Japanese Scarlet & Violet: Battle Partners #072/100 Double Rare CGC 10","-3.96","-$0.99","$24.99","$24.00 (10/23/2025)","$20.53","$12.59","$24.99","200.00","3","$61.58"
"Atticus 2025 Scarlet & Violet: Prismatic Evolutions #133/131 Ultra Rare (Full Art) PSA 9","-3.98","-$0.43","$10.93","$10.50 (10/18/2025)","$12.54","$8.51","$15.50","100.00","6","$75.27"
"Simipour 2025 Scarlet & Violet: Black Bolt #102/086 Illustration Rare PSA 9","-4.00","-$0.50","$12.50","$12.00 (10/19/2025)","$12.17","$12.00","$12.50","0.00","3","$36.50"
"Ethan's Ho-Oh ex 2025 Scarlet & Violet: Destined Rivals #209/182 Ultra Rare (Full Art) CGC 9.5","-4.00","-$1.00","$25.00","$24.00 (10/05/2025)","$24.67","$24.00","$25.00","-40.00","3","$74.00"
"Mega Venusaur ex 2025 Japanese Mega Brave #87/63 Special Art Rare CGC 10","-4.00","-$4.00","$100.00","$96.00 (10/19/2025)","$99.18","$86.40","$140.00","30.00","13","$1289.40"
"Glaceon ex 2025 Scarlet & Violet: Prismatic Evolutions #150/131 Special Illustration Rare CGC 10","-4.00","-$12.00","$300.00","$288.00 (10/19/2025)","$300.60","$288.00","$320.00","400.00","5","$1503.00"
"Lillie's Ribombee 2025 Japanese Scarlet & Violet: Battle Partners #105/100 Art Rare CGC 9","-4.00","-$0.40","$10.00","$9.60 (10/05/2025)","$9.80","$9.60","$10.00","-33.33","2","$19.60"
"Yanma 2025 Japanese Scarlet & Violet: Heat Wave Arena #064/063 Art Rare CGC 10","-4.00","-$1.00","$24.99","$23.99 (10/24/2025)","$24.49","$23.99","$24.99","100.00","2","$48.98"
"Snivy 2025 Japanese Scarlet & Violet: Black Bolt #087/086 Art Rare PSA 10","-4.15","-$1.99","$47.99","$46.00 (10/18/2025)","$50.52","$40.35","$63.72","37.50","11","$555.68"
"Iono's Bellibolt ex 2025 Scarlet & Violet: Journey Together #183/159 Special Illustration Rare BGS 9.5","-4.15","-$2.99","$71.99","$69.00 (09/29/2025)","$70.50","$69.00","$71.99","0.00","2","$140.99"
"Munna 2025 Scarlet & Violet: Black Bolt #116/086 Illustration Rare PSA 9","-4.29","-$0.75","$17.50","$16.75 (10/17/2025)","$18.00","$15.50","$21.00","300.00","4","$72.00"
"Ivysaur 2025 Mega Evolution #134/132 Illustration Rare PSA 9","-4.35","-$1.59","$36.54","$34.95 (10/24/2025)","$35.75","$34.95","$36.54","0.00","2","$71.49"
"Iono's Bellibolt ex 2025 Japanese Scarlet & Violet: Battle Partners #125/100 Special Art Rare PSA 10","-4.47","-$4.69","$105.00","$100.31 (10/23/2025)","$110.81","$100.31","$136.20","-21.43","11","$1218.91"
"Vaporeon ex 2025 Scarlet & Violet: Prismatic Evolutions #149/131 Special Illustration Rare BGS 9","-4.55","-$10.00","$220.00","$210.00 (10/04/2025)","$215.00","$210.00","$220.00","0.00","2","$430.00"
"Mega Latias ex 2025 Japanese Mega Symphonia #88/63 Special Art Rare CGC 10","-4.65","-$4.80","$103.20","$98.40 (10/12/2025)","$98.84","$88.80","$112.80","37.50","11","$1087.20"
"Mega Gardevoir ex 2025 Japanese Mega Symphonia #78/63 Super Rare (Full Art) PSA 10","-4.66","-$3.68","$79.00","$75.32 (10/12/2025)","$81.61","$70.69","$100.00","133.33","7","$571.28"
"N's Plan 2025 Scarlet & Violet: Black Bolt #163/086 Ultra Rare (Full Art) PSA 10","-4.70","-$2.90","$61.75","$58.85 (10/18/2025)","$59.89","$55.00","$65.00","50.00","6","$359.35"
"Cynthia's Garchomp ex 2025 Japanese Scarlet & Violet: Heat Wave Arena #044/063 Double Rare CGC 10","-4.76","-$0.80","$16.80","$16.00 (10/11/2025)","$13.87","$9.60","$16.80","-53.13","15","$208.00"
"Umbreon ex 2025 Scarlet & Violet: Prismatic Evolutions #161/131 Special Illustration Rare PSA 8","-4.79","-$44.00","$919.00","$875.00 (10/24/2025)","$900.56","$818.77","$960.01","-28.57","5","$4502.78"
"Iono's Bellibolt ex 2025 Scarlet & Violet: Journey Together #188/159 Hyper Rare (Secret) PSA 8","-4.81","-$0.77","$16.00","$15.23 (10/19/2025)","$16.68","$15.23","$20.00","0.00","4","$66.73"
"Team Rocket's Mewtwo ex 2025 Scarlet & Violet: Destined Rivals #240/182 Hyper Rare (Secret) CGC 10","-4.83","-$7.00","$145.00","$138.00 (10/19/2025)","$141.58","$126.00","$152.50","20.00","6","$849.50"
"Glaceon 2025 Scarlet & Violet: Prismatic Evolutions #025/131 Holo PSA 9","-4.90","-$0.49","$9.99","$9.50 (10/23/2025)","$9.54","$7.66","$10.99","33.33","4","$38.14"
"Drilbur 2025 Scarlet & Violet: Black Bolt #124/086 Illustration Rare PSA 10","-4.92","-$3.00","$61.00","$58.00 (10/23/2025)","$59.50","$58.00","$61.00","0.00","2","$119.00"
"Shaymin 2025 Scarlet & Violet: Destined Rivals #185/182 Illustration Rare PSA 9","-4.95","-$0.99","$19.99","$19.00 (10/24/2025)","$17.42","$6.50","$29.00","75.00","28","$487.72"
"Umbreon 2025 Scarlet & Violet: Prismatic Evolutions #059/131 Master Ball Reverse Holo CGC 8.5","-5.00","-$3.50","$70.00","$66.50 (10/14/2025)","$68.25","$66.50","$70.00","0.00","2","$136.50"
"Lycanroc 2025 Japanese Scarlet & Violet: Battle Partners #107/100 Art Rare PSA 10","-5.00","-$1.50","$30.00","$28.50 (10/23/2025)","$26.44","$15.00","$35.00","100.00","14","$370.19"
"Team Rocket's Weezing 2025 Scarlet & Violet: Destined Rivals #199/182 Illustration Rare PSA 10","-5.06","-$6.66","$131.66","$125.00 (10/22/2025)","$124.62","$99.00","$169.99","83.33","33","$4112.58"
"Blaziken 2025 Scarlet & Violet: Destined Rivals #192/182 Illustration Rare PSA 10","-5.07","-$8.99","$177.49","$168.50 (10/24/2025)","$178.98","$133.75","$244.85","16.67","42","$7517.25"
"Mega Venusaur ex 2025 Japanese Mega Brave #87/63 Special Art Rare PSA 9","-5.10","-$3.37","$66.00","$62.63 (10/24/2025)","$62.68","$53.90","$78.00","0.00","5","$313.41"
"Espeon ex 2025 Scarlet & Violet: Prismatic Evolutions #155/131 Special Illustration Rare BGS 9","-5.13","-$12.16","$237.16","$225.00 (10/08/2025)","$233.16","$225.00","$240.00","0.00","4","$932.66"
"Houndstone 2025 Mega Evolution #145/132 Illustration Rare CGC 10","-5.13","-$2.00","$39.00","$37.00 (10/15/2025)","$37.67","$35.00","$39.00","0.00","3","$113.00"
"Glaceon 2025 Scarlet & Violet: Prismatic Evolutions #025/131 Reverse Holo PSA 8","-5.34","-$0.62","$11.61","$10.99 (10/12/2025)","$11.30","$10.99","$11.61","0.00","2","$22.60"
"Kieran 2025 Scarlet & Violet: Prismatic Evolutions #174/131 Special Illustration Rare PSA 10","-5.55","-$4.99","$89.99","$85.00 (10/22/2025)","$79.80","$70.00","$89.99","25.00","5","$399.01"
"Pikachu ex 2025 Scarlet & Violet: Prismatic Evolutions #179/131 Hyper Rare (Secret) PSA 9","-5.57","-$3.34","$60.00","$56.66 (10/24/2025)","$58.43","$40.00","$85.00","-29.17","51","$2979.76"
"Pikachu ex 2025 Scarlet & Violet: Prismatic Evolutions #179/131 Hyper Rare (Secret) PSA 10","-5.62","-$24.99","$444.99","$420.00 (10/23/2025)","$448.34","$356.39","$599.15","4.00","26","$11656.83"
"Zekrom ex 2025 Japanese Scarlet & Violet: Black Bolt #169/086 Special Art Rare BGS 10 Pristine","-5.63","-$20.00","$355.00","$335.00 (10/06/2025)","$331.67","$305.00","$355.00","0.00","3","$995.00"
"Jolteon ex 2025 Scarlet & Violet: Prismatic Evolutions #153/131 Special Illustration Rare PSA 8","-5.76","-$9.50","$165.00","$155.50 (10/05/2025)","$160.25","$155.50","$165.00","0.00","2","$320.50"
"Vaporeon 2025 Scarlet & Violet: Prismatic Evolutions #022/131 Holo PSA 9","-5.83","-$0.91","$15.60","$14.69 (10/24/2025)","$19.90","$14.25","$39.99","-68.75","5","$99.50"
"Larvesta 2025 Scarlet & Violet: Black Bolt #099/086 Illustration Rare PSA 10","-5.88","-$7.00","$119.00","$112.00 (10/21/2025)","$115.50","$112.00","$119.00","100.00","2","$231.00"
"Mega Gardevoir ex 2025 Japanese Mega Symphonia #87/63 Special Art Rare PSA 10","-5.88","-$20.00","$340.00","$320.00 (10/24/2025)","$318.67","$290.00","$387.93","-10.26","35","$11153.41"
"Zekrom ex 2025 Japanese Scarlet & Violet: Black Bolt #169/086 Special Art Rare PSA 9","-5.92","-$8.83","$149.33","$140.50 (10/19/2025)","$142.92","$133.00","$163.00","0.00","6","$857.50"
"Mienshao 2025 Scarlet & Violet: White Flare #134/086 Illustration Rare PSA 9","-5.94","-$1.01","$17.01","$16.00 (10/18/2025)","$16.51","$16.00","$17.01","100.00","2","$33.01"
"Garbodor 2025 Scarlet & Violet: White Flare #141/086 Illustration Rare PSA 9","-6.00","-$1.50","$25.00","$23.50 (10/17/2025)","$24.25","$23.50","$25.00","0.00","2","$48.50"
"Team Rocket's Raticate 2025 Japanese Scarlet & Violet: Glory of Team Rocket #108/098 Art Rare PSA 10","-6.06","-$2.00","$33.00","$31.00 (10/24/2025)","$33.34","$21.00","$49.00","-36.36","14","$466.70"
"Team Rocket's Nidoking ex 2025 Scarlet & Violet: Destined Rivals #119/182 Double Rare PSA 10","-6.20","-$2.51","$40.51","$38.00 (10/13/2025)","$39.17","$38.00","$40.51","50.00","3","$117.51"
"Bulbasaur 2025 Japanese Mega Brave #64/63 Art Rare CGC 9.5","-6.25","-$1.20","$19.20","$18.00 (10/19/2025)","$18.60","$18.00","$19.20","100.00","2","$37.20"
"Venipede 2025 Scarlet & Violet: Black Bolt #132/086 Illustration Rare PSA 9","-6.29","-$1.10","$17.50","$16.40 (10/24/2025)","$16.57","$15.00","$17.50","0.00","4","$66.30"
"Lillie's Clefairy ex 2025 Scarlet & Violet: Journey Together #184/159 Special Illustration Rare CGC 9","-6.48","-$12.25","$189.00","$176.75 (10/05/2025)","$185.38","$156.00","$199.00","33.33","4","$741.50"
"Team Rocket's Mewtwo ex 2025 Scarlet & Violet: Destined Rivals #231/182 Special Illustration Rare PSA 10","-6.54","-$115.49","$1766.43","$1650.93 (10/24/2025)","$1692.10","$900.00","$2200.00","25.24","129","$218280.64"
"Team Rocket's Mewtwo ex 2025 Scarlet & Violet: Destined Rivals #231/182 Special Illustration Rare BGS 10 Pristine","-6.64","-$177.69","$2677.69","$2500.00 (10/22/2025)","$2425.90","$2100.00","$2677.69","0.00","3","$7277.69"
"Glaceon ex 2025 Scarlet & Violet: Prismatic Evolutions #150/131 Special Illustration Rare PSA 10","-6.74","-$46.06","$683.56","$637.50 (10/24/2025)","$713.97","$525.00","$939.99","-21.43","33","$23561.17"
"Iron Crown ex 2025 Scarlet & Violet: Prismatic Evolutions #158/131 Special Illustration Rare CGC 10","-6.78","-$4.00","$59.00","$55.00 (10/07/2025)","$57.00","$55.00","$59.00","100.00","2","$114.00"
"Ethan's Adventure 2025 Japanese Scarlet & Violet: Heat Wave Arena #089/063 Special Art Rare PSA 10","-6.81","-$7.15","$105.00","$97.85 (10/24/2025)","$110.54","$86.40","$145.09","37.50","11","$1215.90"
"Sandy Shocks ex 2025 Scarlet & Violet: Prismatic Evolutions #159/131 Special Illustration Rare PSA 10","-7.00","-$7.00","$100.00","$93.00 (10/19/2025)","$94.96","$80.00","$100.00","10.00","11","$1044.54"
"Iono's Bellibolt ex 2025 Scarlet & Violet: Journey Together #183/159 Special Illustration Rare PSA 10","-7.08","-$13.33","$188.33","$175.00 (10/20/2025)","$190.57","$157.50","$240.00","-36.59","26","$4954.73"
"Pansage 2025 Japanese Scarlet & Violet: Black Bolt #089/086 Art Rare PSA 10","-7.12","-$2.99","$41.99","$39.00 (10/09/2025)","$40.50","$39.00","$41.99","-33.33","2","$80.99"
"Kyurem ex 2025 Scarlet & Violet: Black Bolt #165/086 Special Illustration Rare PSA 9","-7.14","-$6.00","$84.00","$78.00 (10/21/2025)","$79.00","$72.00","$85.00","75.00","7","$553.00"
"Steelix 2025 Japanese Mega Brave #73/63 Art Rare PSA 10","-7.14","-$5.00","$70.00","$65.00 (10/24/2025)","$62.08","$40.00","$75.00","1100.00","12","$745.01"
"Terapagos ex 2025 Scarlet & Violet: Prismatic Evolutions #092/131 Double Rare PSA 9","-7.14","-$1.20","$16.80","$15.60 (10/05/2025)","$16.20","$15.60","$16.80","0.00","2","$32.40"
"Sigilyph 2025 Japanese Scarlet & Violet: White Flare #118/086 Art Rare CGC 10","-7.15","-$2.00","$27.99","$25.99 (10/24/2025)","$26.99","$25.99","$27.99","0.00","2","$53.98"
"Klang 2025 Japanese Scarlet & Violet: White Flare #147/086 Art Rare CGC 10","-7.15","-$2.00","$27.99","$25.99 (10/24/2025)","$26.99","$25.99","$27.99","0.00","2","$53.98"
"Klink 2025 Japanese Scarlet & Violet: White Flare #146/086 Art Rare CGC 10","-7.15","-$2.00","$27.99","$25.99 (10/24/2025)","$26.99","$25.99","$27.99","0.00","2","$53.98"
"Panpour 2025 Scarlet & Violet: Black Bolt #101/086 Illustration Rare PSA 9","-7.21","-$1.55","$21.50","$19.95 (10/21/2025)","$20.12","$17.51","$21.50","300.00","4","$80.46"
"Mimikyu ex 2025 Scarlet & Violet: Journey Together #069/159 Double Rare PSA 9","-7.25","-$1.45","$20.00","$18.55 (10/18/2025)","$19.27","$18.55","$20.00","100.00","2","$38.55"
"Team Rocket's Articuno 2025 Scarlet & Violet: Destined Rivals #051/182 Holo PSA 8","-7.25","-$1.45","$19.99","$18.54 (10/21/2025)","$19.27","$18.54","$19.99","0.00","2","$38.53"
"Roaring Moon ex 2025 Scarlet & Violet: Prismatic Evolutions #162/131 Special Illustration Rare PSA 9","-7.27","-$19.99","$274.99","$255.00 (10/24/2025)","$271.36","$175.00","$325.00","-33.33","28","$7597.96"
"Levincia 2025 Scarlet & Violet: Destined Rivals #244/182 Hyper Rare (Secret) PSA 9","-7.32","-$1.50","$20.50","$19.00 (10/20/2025)","$19.89","$19.00","$20.50","400.00","5","$99.47"
"Kangaskhan 2025 Scarlet & Violet: Destined Rivals #204/182 Illustration Rare PSA 10","-7.40","-$9.99","$134.99","$125.00 (10/19/2025)","$133.43","$82.00","$165.00","35.71","38","$5070.40"
"Team Rocket's Nidoking ex 2025 Japanese Scarlet & Violet: Glory of Team Rocket #116/098 Super Rare (Full Art) CGC 10","-7.41","-$2.00","$27.00","$25.00 (10/24/2025)","$26.00","$25.00","$27.00","100.00","2","$52.00"
"Ethan's Ho-Oh ex 2025 Scarlet & Violet: Destined Rivals #209/182 Ultra Rare (Full Art) CGC 10","-7.41","-$2.00","$27.00","$25.00 (10/20/2025)","$26.49","$18.50","$40.00","16.67","14","$370.90"
"Team Rocket's Weezing 2025 Scarlet & Violet: Destined Rivals #199/182 Illustration Rare CGC 10","-7.41","-$4.00","$54.00","$50.00 (10/24/2025)","$44.38","$28.51","$54.00","0.00","4","$177.51"
"Furret 2025 Japanese Scarlet & Violet: Battle Partners #110/100 Art Rare CGC 9","-7.41","-$0.80","$10.80","$10.00 (10/18/2025)","$10.40","$10.00","$10.80","0.00","2","$20.80"
"Flareon ex 2025 Scarlet & Violet: Prismatic Evolutions #146/131 Special Illustration Rare PSA 10","-7.45","-$51.01","$685.00","$633.99 (10/24/2025)","$688.85","$495.50","$815.00","-29.41","24","$16532.36"
"Kyurem ex 2025 Japanese Scarlet & Violet: Black Bolt #160/086 Super Rare (Full Art) PSA 10","-7.45","-$3.50","$47.00","$43.50 (10/05/2025)","$44.67","$37.00","$50.00","200.00","3","$134.00"
"Thundurus 2025 Japanese Scarlet & Violet: Black Bolt #120/086 Art Rare PSA 10","-7.48","-$2.99","$39.99","$37.00 (10/16/2025)","$38.50","$37.00","$39.99","-66.67","2","$76.99"
"Dewott 2025 Scarlet & Violet: White Flare #106/086 Illustration Rare PSA 9","-7.50","-$1.50","$20.00","$18.50 (10/23/2025)","$18.83","$13.50","$20.50","200.00","6","$113.00"
"Umbreon ex 2025 Scarlet & Violet: Prismatic Evolutions #161/131 Special Illustration Rare PSA 9","-7.61","-$87.50","$1150.00","$1062.50 (10/24/2025)","$1169.69","$865.00","$1600.00","-4.40","87","$101763.12"
"Team Rocket's Crobat ex 2025 Scarlet & Violet: Destined Rivals #242/182 Hyper Rare (Secret) PSA 10","-7.63","-$6.12","$80.12","$74.00 (10/14/2025)","$80.80","$72.00","$98.75","42.86","10","$807.96"
"Team Rocket's Nidoking ex 2025 Scarlet & Violet: Destined Rivals #233/182 Special Illustration Rare PSA 9","-7.81","-$12.50","$160.00","$147.50 (10/22/2025)","$147.91","$126.66","$164.99","-11.76","15","$2218.58"
"Swinub 2025 Japanese Scarlet & Violet: Battle Partners #106/100 Art Rare PSA 10","-7.89","-$3.00","$38.00","$35.00 (10/24/2025)","$32.83","$20.50","$38.00","-10.00","9","$295.46"
"Vaporeon ex 2025 Scarlet & Violet: Prismatic Evolutions #023/131 Double Rare PSA 10","-7.89","-$3.00","$38.00","$35.00 (10/24/2025)","$47.42","$35.00","$100.00","-4.35","22","$1043.15"
"Drayton 2025 Scarlet & Violet: Prismatic Evolutions #172/131 Special Illustration Rare PSA 10","-7.89","-$6.00","$76.00","$70.00 (10/11/2025)","$98.66","$70.00","$149.99","50.00","3","$295.99"
"N's Zorua 2025 Japanese Scarlet & Violet: Battle Partners #108/100 Art Rare PSA 10","-7.91","-$3.00","$38.00","$35.00 (10/24/2025)","$35.88","$23.00","$49.99","17.02","55","$1973.64"
"Hilda 2025 Scarlet & Violet: White Flare #171/086 Special Illustration Rare PSA 9","-7.93","-$4.76","$59.99","$55.23 (10/24/2025)","$63.75","$54.95","$75.00","80.00","9","$573.71"
"Team Rocket's Mewtwo ex 2025 Scarlet & Violet: Destined Rivals #231/182 Special Illustration Rare BGS 9.5","-8.00","-$100.00","$1250.00","$1150.00 (10/22/2025)","$1137.50","$975.00","$1300.00","-53.85","6","$6825.00"
"Team Rocket's Proton 2025 Scarlet & Violet: Destined Rivals #227/182 Ultra Rare (Full Art) PSA 9","-8.00","-$1.00","$12.50","$11.50 (10/19/2025)","$12.67","$11.50","$14.00","0.00","3","$38.00"
"Lillie's Ribombee 2025 Scarlet & Violet: Journey Together #067/159 Holo PSA 10","-8.01","-$6.01","$75.00","$68.99 (10/23/2025)","$72.00","$68.99","$75.00","0.00","2","$143.99"
"Ethan's Adventure 2025 Scarlet & Violet: Destined Rivals #221/182 Ultra Rare (Full Art) PSA 10","-8.04","-$2.98","$37.00","$34.02 (10/23/2025)","$41.61","$9.50","$66.66","85.71","13","$540.90"
"Dragapult ex 2025 Scarlet & Violet: Prismatic Evolutions #165/131 Special Illustration Rare PSA 9","-8.05","-$7.00","$87.00","$80.00 (10/23/2025)","$92.87","$63.00","$160.00","35.71","19","$1764.47"
"Team Rocket's Moltres ex 2025 Japanese Scarlet & Violet: Glory of Team Rocket #124/098 Special Art Rare PSA 10","-8.11","-$15.00","$185.00","$170.00 (10/21/2025)","$199.37","$160.00","$260.00","66.67","25","$4984.17"
"Misty's Psyduck 2025 Scarlet & Violet: Destined Rivals #193/182 Illustration Rare CGC 8","-8.16","-$4.80","$58.80","$54.00 (09/30/2025)","$56.40","$54.00","$58.80","100.00","2","$112.80"
"Lillie's Clefairy ex 2025 Scarlet & Violet: Journey Together #173/159 Ultra Rare (Full Art) PSA 9","-8.17","-$1.25","$15.25","$14.00 (10/23/2025)","$15.91","$9.50","$26.99","-59.38","26","$413.73"
"Misty's Psyduck 2025 Scarlet & Violet: Destined Rivals #193/182 Illustration Rare PSA 8","-8.28","-$6.00","$72.50","$66.50 (10/19/2025)","$64.50","$50.00","$72.50","-12.50","7","$451.52"
"Reshiram ex 2025 Japanese Scarlet & Violet: White Flare #168/086 Special Art Rare BGS 10 Pristine","-8.41","-$29.00","$345.00","$316.00 (10/18/2025)","$370.33","$316.00","$450.00","200.00","3","$1111.00"
"Team Rocket's Raticate 2025 Scarlet & Violet: Destined Rivals #202/182 Illustration Rare PSA 10","-8.42","-$9.19","$109.19","$100.00 (10/22/2025)","$119.11","$100.00","$160.00","20.00","18","$2143.96"
"Zekrom ex 2025 Scarlet & Violet: Black Bolt #166/086 Special Illustration Rare PSA 8","-8.54","-$17.50","$205.00","$187.50 (10/13/2025)","$199.50","$185.50","$219.99","300.00","4","$797.99"
"Iron Valiant ex 2025 Scarlet & Violet: Prismatic Evolutions #157/131 Special Illustration Rare PSA 10","-8.57","-$15.00","$175.00","$160.00 (10/24/2025)","$168.22","$60.00","$215.00","-10.00","18","$3027.97"
"Amarys 2025 Scarlet & Violet: Prismatic Evolutions #132/131 Ultra Rare (Full Art) PSA 10","-8.57","-$3.00","$35.00","$32.00 (10/17/2025)","$33.00","$32.00","$35.00","0.00","3","$99.00"
"Kieran 2025 Scarlet & Violet: Prismatic Evolutions #174/131 Special Illustration Rare PSA 9","-8.66","-$1.99","$22.99","$21.00 (10/03/2025)","$18.52","$10.50","$22.99","-20.00","4","$74.09"
"Emolga 2025 Scarlet & Violet: Black Bolt #112/086 Illustration Rare PSA 10","-8.66","-$9.95","$114.95","$105.00 (10/18/2025)","$117.15","$105.00","$131.50","200.00","3","$351.45"
"Meloetta ex 2025 Scarlet & Violet: Black Bolt #167/086 Special Illustration Rare PSA 9","-8.70","-$4.00","$46.00","$42.00 (10/23/2025)","$43.00","$41.01","$46.00","-25.00","3","$129.01"
"Lillie's Determination 2025 Japanese Mega Brave #91/63 Special Art Rare BGS 9.5","-8.79","-$27.00","$307.00","$280.00 (10/23/2025)","$384.25","$280.00","$500.00","0.00","4","$1537.00"
"Eelektross 2025 Scarlet & Violet: Black Bolt #115/086 Illustration Rare PSA 9","-8.89","-$1.60","$18.00","$16.40 (10/24/2025)","$17.35","$16.40","$18.00","0.00","4","$69.40"
"Pecharunt ex 2025 Scarlet & Violet: Prismatic Evolutions #163/131 Special Illustration Rare PSA 10","-8.93","-$10.49","$117.49","$107.00 (10/21/2025)","$83.58","$21.91","$117.49","42.86","10","$835.80"
"Reshiram ex 2025 Japanese Scarlet & Violet: White Flare #168/086 Special Art Rare CGC 10","-8.95","-$14.00","$156.50","$142.50 (10/17/2025)","$149.50","$142.50","$156.50","-33.33","2","$299.00"
"Misty's Psyduck 2025 Japanese Scarlet & Violet: Heat Wave Arena #071/063 Art Rare PSA 10","-9.03","-$7.02","$77.68","$70.66 (10/24/2025)","$74.61","$45.00","$129.00","30.77","153","$11415.59"
"Mega Kangaskhan ex 2025 Japanese Mega Symphonia #80/63 Super Rare (Full Art) CGC 9","-9.09","-$1.20","$13.20","$12.00 (10/12/2025)","$12.60","$12.00","$13.20","0.00","2","$25.20"
"Hop's Zacian ex 2025 Scarlet & Violet: Journey Together #176/159 Ultra Rare (Full Art) CGC 9.5","-9.09","-$1.20","$13.20","$12.00 (10/19/2025)","$12.60","$12.00","$13.20","0.00","2","$25.20"
"Sylveon ex 2025 Scarlet & Violet: Prismatic Evolutions #041/131 Double Rare CGC 10","-9.09","-$1.50","$16.50","$15.00 (10/07/2025)","$15.75","$15.00","$16.50","0.00","2","$31.50"
"Clamperl 2025 Scarlet & Violet: Destined Rivals #195/182 Illustration Rare PSA 10","-9.09","-$5.00","$55.00","$50.00 (10/24/2025)","$60.87","$36.08","$75.00","21.43","17","$1034.71"
"Eevee 2025 Scarlet & Violet: Prismatic Evolutions #074/131 Base PSA 9","-9.11","-$2.09","$22.99","$20.90 (10/24/2025)","$17.54","$8.50","$26.00","11.76","38","$666.38"
"Rapidash 2025 Japanese Scarlet & Violet: Heat Wave Arena #069/063 Art Rare PSA 10","-9.12","-$3.51","$38.50","$34.99 (10/24/2025)","$35.39","$18.51","$53.79","12.50","18","$637.09"
"Zekrom ex 2025 Japanese Scarlet & Violet: Black Bolt #174/086 Black White Rare (Secret) PSA 10","-9.39","-$43.00","$458.00","$415.00 (10/21/2025)","$463.08","$394.30","$650.00","34.29","47","$21764.97"
"Bouffalant ex 2025 Scarlet & Violet: White Flare #162/086 Ultra Rare (Full Art) PSA 8","-9.45","-$0.94","$9.95","$9.01 (10/19/2025)","$9.48","$9.01","$9.95","0.00","2","$18.96"
"Leafeon 2025 Scarlet & Violet: Prismatic Evolutions #005/131 Master Ball Reverse Holo PSA 9","-9.50","-$2.28","$24.00","$21.72 (10/15/2025)","$22.29","$19.49","$24.00","-42.86","4","$89.16"
"Electrike 2025 Scarlet & Violet: Destined Rivals #196/182 Illustration Rare PSA 9","-9.50","-$1.57","$16.52","$14.95 (10/22/2025)","$13.82","$6.50","$16.52","0.00","7","$96.75"
"Mega Gardevoir ex 2025 Japanese Mega Symphonia #42/63 Double Rare CGC 10","-9.52","-$1.60","$16.80","$15.20 (10/05/2025)","$15.60","$14.40","$16.80","-42.86","4","$62.40"
"Team Rocket's Moltres ex 2025 Scarlet & Violet: Destined Rivals #031/182 Double Rare PSA 10","-9.52","-$6.00","$63.00","$57.00 (10/20/2025)","$58.00","$55.00","$63.00","-20.00","4","$232.00"
"Zekrom ex 2025 Scarlet & Violet: Black Bolt #034/086 Double Rare PSA 10","-9.54","-$4.29","$44.95","$40.66 (10/20/2025)","$39.71","$30.01","$49.99","133.33","7","$277.94"
"Salamence ex 2025 Japanese Scarlet & Violet: Battle Partners #129/100 Special Art Rare PSA 9","-9.54","-$4.77","$49.99","$45.22 (10/05/2025)","$41.67","$27.90","$49.99","0.00","5","$208.33"
"Tyranitar ex 2025 Scarlet & Violet: Prismatic Evolutions #064/131 Double Rare PSA 9","-9.55","-$0.95","$9.95","$9.00 (10/24/2025)","$11.62","$9.00","$18.00","100.00","4","$46.46"
"Team Rocket's Mewtwo ex 2025 Japanese Scarlet & Violet: Glory of Team Rocket #039/098 Double Rare CGC 10","-9.60","-$1.70","$17.70","$16.00 (10/23/2025)","$21.68","$14.40","$34.99","0.00","5","$108.39"
"Ethan's Ho-Oh ex 2025 Scarlet & Violet: Destined Rivals #239/182 Hyper Rare (Secret) PSA 9","-9.69","-$3.10","$32.00","$28.90 (10/24/2025)","$33.65","$28.90","$37.02","-14.29","6","$201.92"
"Reshiram ex 2025 Japanese Scarlet & Violet: White Flare #168/086 Special Art Rare PSA 10","-9.70","-$26.00","$268.00","$242.00 (10/21/2025)","$276.13","$238.00","$325.00","38.46","18","$4970.33"
"Arboliva ex 2025 Scarlet & Violet: Destined Rivals #207/182 Ultra Rare (Full Art) PSA 10","-9.70","-$3.33","$34.33","$31.00 (10/20/2025)","$34.70","$27.21","$49.99","140.00","12","$416.39"
"Eevee 2025 Scarlet & Violet: Prismatic Evolutions #074/131 Reverse Holo CGC 10","-9.72","-$2.80","$28.80","$26.00 (10/20/2025)","$27.90","$16.80","$40.00","-71.43","4","$111.60"
"Mela 2025 Scarlet & Violet: Prismatic Evolutions #140/131 Ultra Rare (Full Art) CGC 10","-9.72","-$1.40","$14.40","$13.00 (10/13/2025)","$13.70","$13.00","$14.40","0.00","2","$27.40"
"Team Rocket's Mewtwo ex 2025 Scarlet & Violet: Destined Rivals #240/182 Hyper Rare (Secret) PSA 10","-9.75","-$24.37","$250.00","$225.63 (10/24/2025)","$237.63","$180.00","$289.00","-30.19","37","$8792.44"
"Zebstrika 2025 Scarlet & Violet: White Flare #115/086 Illustration Rare PSA 10","-9.79","-$16.76","$171.25","$154.49 (10/24/2025)","$165.40","$120.00","$222.50","400.00","5","$826.99"
"Cynthia's Roserade 2025 Scarlet & Violet: Destined Rivals #184/182 Illustration Rare PSA 10","-9.80","-$16.30","$166.25","$149.95 (10/22/2025)","$168.00","$149.95","$205.00","-27.27","24","$4032.09"
"Cynthia's Garchomp ex 2025 Scarlet & Violet: Destined Rivals #241/182 Hyper Rare (Secret) PSA 10","-9.85","-$10.83","$110.00","$99.17 (10/24/2025)","$111.63","$57.00","$147.93","20.59","41","$4577.01"
"Bulbasaur 2025 Mega Evolution #133/132 Illustration Rare PSA 10","-9.89","-$45.00","$455.00","$410.00 (10/19/2025)","$357.00","$275.00","$455.00","0.00","5","$1785.00"
"Mega Venusaur ex 2025 Japanese Mega Brave #87/63 Special Art Rare PSA 10","-9.89","-$18.50","$187.00","$168.50 (10/20/2025)","$171.09","$130.00","$197.60","-21.62","29","$4961.54"
"Lillie's Determination 2025 Mega Evolution #169/132 Ultra Rare (Full Art) PSA 10","-9.91","-$2.97","$29.97","$27.00 (10/24/2025)","$28.48","$27.00","$29.97","0.00","2","$56.97"
"Mamoswine ex 2025 Scarlet & Violet: Journey Together #174/159 Ultra Rare (Full Art) PSA 10","-9.98","-$4.99","$49.99","$45.00 (10/04/2025)","$45.66","$42.00","$49.99","-57.14","3","$136.99"
"Hilda 2025 Scarlet & Violet: White Flare #171/086 Special Illustration Rare PSA 10","-10.00","-$25.25","$252.50","$227.25 (10/24/2025)","$249.29","$187.50","$325.00","-6.25","15","$3739.41"
"Mega Absol ex 2025 Japanese Mega Brave #38/63 Double Rare CGC 9","-10.00","-$1.20","$12.00","$10.80 (10/19/2025)","$11.10","$10.80","$12.00","0.00","4","$44.40"
"Shaymin 2025 Scarlet & Violet: Destined Rivals #185/182 Illustration Rare CGC 9","-10.00","-$1.20","$12.00","$10.80 (10/12/2025)","$11.40","$10.80","$12.00","0.00","2","$22.80"
"Trubbish 2025 Scarlet & Violet: White Flare #140/086 Illustration Rare CGC 9","-10.00","-$1.20","$12.00","$10.80 (10/19/2025)","$11.40","$10.80","$12.00","100.00","2","$22.80"
"Fraxure 2025 Japanese Scarlet & Violet: Black Bolt #151/086 Art Rare CGC 8.5","-10.00","-$1.20","$12.00","$10.80 (10/19/2025)","$11.40","$10.80","$12.00","0.00","2","$22.80"
"Blaziken 2025 Scarlet & Violet: Destined Rivals #192/182 Illustration Rare CGC 8.5","-10.00","-$1.20","$12.00","$10.80 (10/12/2025)","$11.40","$10.80","$12.00","100.00","2","$22.80"
"Vulpix 2025 Japanese Mega Brave #67/63 Art Rare CGC 9.5","-10.00","-$1.20","$12.00","$10.80 (10/19/2025)","$11.40","$10.80","$12.00","100.00","2","$22.80"
"N's Zoroark ex 2025 Scarlet & Violet: Journey Together #185/159 Special Illustration Rare PSA 8","-10.00","-$5.00","$50.00","$45.00 (10/17/2025)","$47.75","$35.55","$53.42","40.00","7","$334.25"
"Hydreigon ex 2025 Japanese Scarlet & Violet: White Flare #171/086 Special Art Rare PSA 9","-10.00","-$5.00","$50.00","$45.00 (10/23/2025)","$47.50","$45.00","$50.00","0.00","2","$95.00"
"Chandelure 2025 Scarlet & Violet: White Flare #103/086 Illustration Rare PSA 10","-10.00","-$25.00","$250.00","$225.00 (10/21/2025)","$237.50","$225.00","$250.00","-50.00","2","$475.00"
"Maractus 2025 Scarlet & Violet: Black Bolt #093/086 Illustration Rare PSA 9","-10.00","-$1.50","$15.00","$13.50 (10/19/2025)","$14.25","$13.50","$15.00","0.00","2","$28.50"
"Leafeon ex 2025 Scarlet & Violet: Prismatic Evolutions #006/131 Double Rare PSA 9","-10.02","-$1.50","$15.00","$13.50 (10/24/2025)","$14.23","$4.51","$24.99","28.57","18","$256.14"
"Rotom 2025 Scarlet & Violet: Destined Rivals #197/182 Illustration Rare CGC 10","-10.09","-$2.30","$22.80","$20.50 (10/20/2025)","$27.77","$20.50","$40.00","50.00","3","$83.30"
"Lampent 2025 Japanese Scarlet & Violet: Black Bolt #101/086 Art Rare PSA 10","-10.23","-$3.99","$38.99","$35.00 (10/08/2025)","$37.66","$35.00","$38.99","-40.00","3","$112.98"
"Pikachu ex 2025 Scarlet & Violet: Prismatic Evolutions #028/131 Double Rare PSA 9","-10.24","-$1.74","$16.99","$15.25 (10/18/2025)","$19.94","$13.50","$27.00","16.67","14","$279.15"
"Misty's Psyduck 2025 Japanese Scarlet & Violet: Heat Wave Arena #071/063 Art Rare CGC 9","-10.26","-$3.20","$31.20","$28.00 (10/13/2025)","$23.87","$20.40","$31.20","200.00","6","$143.20"
"Salamence ex 2025 Japanese Scarlet & Violet: Battle Partners #129/100 Special Art Rare CGC 10","-10.26","-$4.00","$39.00","$35.00 (10/21/2025)","$43.64","$35.00","$65.95","125.00","9","$392.75"
"Mega Lucario ex 2025 Japanese Mega Brave #92/63 Mega Ultra Rare (Secret) PSA 10","-10.29","-$70.00","$680.00","$610.00 (10/23/2025)","$662.96","$570.00","$799.99","-25.81","23","$15247.99"
"Yamask 2025 Japanese Scarlet & Violet: White Flare #119/086 Art Rare CGC 10","-10.35","-$3.00","$28.99","$25.99 (10/15/2025)","$27.49","$25.99","$28.99","0.00","2","$54.98"
"Espeon ex 2025 Scarlet & Violet: Prismatic Evolutions #155/131 Special Illustration Rare PSA 9","-10.40","-$24.38","$234.38","$210.00 (10/24/2025)","$246.49","$200.00","$375.00","-20.45","35","$8627.10"
"N's Plan 2025 Scarlet & Violet: Black Bolt #170/086 Special Illustration Rare PSA 9","-10.48","-$8.49","$81.00","$72.51 (10/24/2025)","$85.49","$71.00","$109.00","233.33","10","$854.90"
"Oricorio ex 2025 Japanese Mega: Inferno X #111/80 Special Art Rare PSA 10","-10.57","-$43.32","$409.67","$366.35 (10/24/2025)","$319.71","$222.47","$420.00","0.00","24","$7673.09"
"Cynthia's Garchomp ex 2025 Scarlet & Violet: Destined Rivals #104/182 Double Rare PSA 9","-10.65","-$1.17","$10.99","$9.82 (10/19/2025)","$11.58","$9.82","$15.00","300.00","4","$46.31"
"Team Rocket's Nidoking ex 2025 Scarlet & Violet: Destined Rivals #119/182 Double Rare PSA 9","-10.68","-$1.25","$11.75","$10.50 (10/21/2025)","$11.34","$9.01","$14.50","0.00","3","$34.01"
"Virizion 2025 Japanese Scarlet & Violet: White Flare #095/086 Art Rare PSA 10","-10.93","-$4.59","$41.99","$37.40 (10/16/2025)","$39.70","$37.40","$41.99","0.00","2","$79.39"
"Servine 2025 Japanese Scarlet & Violet: Black Bolt #088/086 Art Rare PSA 10","-10.98","-$4.72","$42.99","$38.27 (10/13/2025)","$40.63","$38.27","$42.99","0.00","2","$81.26"
"Mega Kangaskhan ex 2025 Japanese Mega Symphonia #51/63 Double Rare CGC 10","-10.99","-$1.71","$15.60","$13.89 (10/19/2025)","$14.00","$13.20","$15.60","800.00","9","$126.00"
"Salamence ex 2025 Scarlet & Violet: Journey Together #177/159 Ultra Rare (Full Art) PSA 10","-11.09","-$4.99","$44.99","$40.00 (10/24/2025)","$44.95","$37.20","$55.99","15.38","15","$674.22"
"Cornerstone Mask Ogerpon ex 2025 Scarlet & Violet: Prismatic Evolutions #160/131 Special Illustration Rare PSA 9","-11.11","-$2.50","$22.50","$20.00 (10/23/2025)","$27.00","$13.00","$79.00","125.00","9","$243.00"
"Ethan's Adventure 2025 Scarlet & Violet: Destined Rivals #236/182 Special Illustration Rare PSA 8","-11.11","-$5.00","$45.00","$40.00 (10/24/2025)","$43.61","$34.00","$56.27","250.00","7","$305.25"
"Ninjask 2025 Japanese Mega Symphonia #65/63 Art Rare CGC 9.5","-11.11","-$1.20","$10.80","$9.60 (10/12/2025)","$10.00","$9.60","$10.80","0.00","3","$30.00"
"Zekrom ex 2025 Scarlet & Violet: Black Bolt #172/086 Black White Rare (Secret) PSA 7","-11.24","-$38.00","$338.00","$300.00 (10/24/2025)","$309.33","$290.00","$338.00","0.00","3","$928.00"
"Sylveon ex 2025 Scarlet & Violet: Prismatic Evolutions #156/131 Special Illustration Rare CGC 10","-11.41","-$85.69","$750.69","$665.00 (10/20/2025)","$655.90","$552.00","$750.69","50.00","3","$1967.69"
"Sawk 2025 Scarlet & Violet: White Flare #130/086 Illustration Rare PSA 9","-11.43","-$2.00","$17.50","$15.50 (10/20/2025)","$16.48","$15.50","$17.50","100.00","4","$65.90"
"Hop's Zacian ex 2025 Scarlet & Violet: Journey Together #186/159 Special Illustration Rare BGS 9","-11.51","-$5.11","$44.40","$39.29 (10/06/2025)","$41.84","$39.29","$44.40","0.00","2","$83.69"
"Team Rocket's Moltres ex 2025 Scarlet & Violet: Destined Rivals #208/182 Ultra Rare (Full Art) PSA 10","-11.56","-$8.50","$73.50","$65.00 (10/22/2025)","$78.21","$48.00","$124.23","73.68","33","$2580.97"
"Cynthia's Garchomp ex 2025 Japanese Scarlet & Violet: Heat Wave Arena #091/063 Ultra Rare (Secret) PSA 10","-11.61","-$6.50","$56.00","$49.50 (10/19/2025)","$52.13","$48.00","$56.00","33.33","4","$208.50"
"Iono's Bellibolt ex 2025 Scarlet & Violet: Journey Together #183/159 Special Illustration Rare PSA 8","-11.63","-$5.00","$43.00","$38.00 (10/23/2025)","$46.70","$31.00","$64.99","0.00","8","$373.62"
"Iono's Bellibolt ex 2025 Scarlet & Violet: Journey Together #183/159 Special Illustration Rare SGC 9.5","-11.63","-$6.00","$51.60","$45.60 (10/12/2025)","$49.73","$45.60","$52.00","200.00","3","$149.20"
"Snivy 2025 Scarlet & Violet: Black Bolt #087/086 Illustration Rare PSA 10","-11.63","-$22.25","$191.25","$169.00 (10/18/2025)","$183.83","$169.00","$202.50","200.00","3","$551.50"
"Team Rocket's Mewtwo ex 2025 Japanese Scarlet & Violet: Glory of Team Rocket #130/098 Ultra Rare (Secret) PSA 10","-11.64","-$12.51","$107.50","$94.99 (10/24/2025)","$112.46","$64.00","$182.63","41.67","17","$1911.88"
"Meloetta ex 2025 Scarlet & Violet: Black Bolt #159/086 Ultra Rare (Full Art) CGC 10","-11.76","-$2.40","$20.40","$18.00 (10/05/2025)","$19.20","$18.00","$20.40","-50.00","2","$38.40"
"Victini 2025 Scarlet & Violet: White Flare #172/086 Black White Rare (Secret) PSA 8","-11.76","-$50.00","$425.00","$375.00 (10/24/2025)","$375.88","$320.26","$425.00","500.00","6","$2255.26"
"Umbreon 2025 Scarlet & Violet: Prismatic Evolutions #059/131 Poke Ball Reverse Holo PSA 9","-11.76","-$1.33","$11.33","$10.00 (10/24/2025)","$11.87","$8.50","$16.00","25.00","10","$118.71"
"Cynthia's Garchomp ex 2025 Scarlet & Violet: Destined Rivals #232/182 Special Illustration Rare BGS 9","-11.92","-$46.00","$386.00","$340.00 (09/28/2025)","$350.33","$325.00","$386.00","200.00","3","$1051.00"
"Mega Lucario ex 2025 Japanese Mega Brave #88/63 Special Art Rare CGC 10","-11.96","-$19.01","$159.00","$139.99 (10/24/2025)","$157.13","$126.00","$225.90","0.00","14","$2199.87"
"Team Rocket's Petrel 2025 Scarlet & Violet: Destined Rivals #226/182 Ultra Rare (Full Art) PSA 10","-12.04","-$5.48","$45.48","$40.00 (10/21/2025)","$40.65","$31.00","$51.00","28.57","9","$365.88"
"Team Rocket's Houndoom 2025 Japanese Scarlet & Violet: Glory of Team Rocket #100/098 Art Rare PSA 10","-12.04","-$5.48","$45.48","$40.00 (10/25/2025)","$42.37","$31.00","$60.00","3.03","34","$1440.68"
"Lillie's Clefairy ex 2025 Japanese Scarlet & Violet: Battle Partners #033/100 Double Rare CGC 10","-12.08","-$2.61","$21.60","$18.99 (10/24/2025)","$19.64","$18.99","$21.60","100.00","4","$78.57"
"Mega Mawile ex 2025 Japanese Mega Brave #80/63 Super Rare (Full Art) CGC 10","-12.12","-$2.40","$19.80","$17.40 (10/12/2025)","$18.20","$16.80","$20.40","500.00","6","$109.20"
"Lillie's Clefairy ex 2025 Scarlet & Violet: Journey Together #184/159 Special Illustration Rare CGC 10","-12.18","-$38.99","$319.99","$281.00 (10/13/2025)","$370.00","$281.00","$479.00","-50.00","4","$1479.99"
"Misty's Psyduck 2025 Scarlet & Violet: Destined Rivals #193/182 Illustration Rare CGC 9.5","-12.20","-$12.00","$98.40","$86.40 (10/19/2025)","$97.58","$81.60","$132.50","66.67","5","$487.90"
"Terapagos ex 2025 Scarlet & Violet: Prismatic Evolutions #180/131 Hyper Rare (Secret) PSA 10","-12.20","-$12.50","$102.50","$90.00 (10/22/2025)","$104.50","$90.00","$125.00","150.00","5","$522.48"
"Team Rocket's Orbeetle 2025 Japanese Scarlet & Violet: Glory of Team Rocket #104/098 Art Rare CGC 10","-12.32","-$2.81","$22.80","$19.99 (10/22/2025)","$19.84","$18.00","$22.80","-16.67","5","$99.19"
"Watchog 2025 Scarlet & Violet: White Flare #153/086 Illustration Rare PSA 10","-12.33","-$13.25","$107.50","$94.25 (10/17/2025)","$98.67","$86.00","$107.50","0.00","3","$296.00"
"N's Zoroark ex 2025 Scarlet & Violet: Journey Together #185/159 Special Illustration Rare CGC 9.5","-12.36","-$8.60","$69.60","$61.00 (10/22/2025)","$65.30","$61.00","$69.60","0.00","2","$130.60"
"Scraggy 2025 Scarlet & Violet: White Flare #138/086 Illustration Rare PSA 9","-12.41","-$2.48","$19.98","$17.50 (10/24/2025)","$22.30","$15.50","$35.00","150.00","5","$111.48"
"Lucario ex 2025 Scarlet & Violet: Prismatic Evolutions #051/131 Double Rare CGC 9","-12.50","-$1.20","$9.60","$8.40 (10/12/2025)","$9.00","$8.40","$9.60","0.00","2","$18.00"
"Woobat 2025 Scarlet & Violet: White Flare #119/086 Illustration Rare CGC 10","-12.50","-$7.00","$56.00","$49.00 (10/18/2025)","$51.67","$49.00","$56.00","0.00","3","$155.00"
"Ivysaur 2025 Mega Evolution #134/132 Illustration Rare PSA 10","-12.50","-$5.00","$40.00","$35.00 (10/07/2025)","$37.50","$35.00","$40.00","0.00","2","$75.00"
"Lillie's Clefairy ex 2025 Japanese Scarlet & Violet: Battle Partners #033/100 Double Rare PSA 10","-12.50","-$3.00","$24.00","$21.00 (10/22/2025)","$21.00","$19.00","$24.00","33.33","4","$84.00"
"Arven's Mabosstiff ex 2025 Scarlet & Violet: Destined Rivals #235/182 Special Illustration Rare PSA 9","-12.50","-$5.00","$39.99","$34.99 (10/21/2025)","$34.74","$28.99","$39.99","0.00","4","$138.96"
"Golett 2025 Japanese Scarlet & Violet: Black Bolt #128/086 Art Rare PSA 10","-12.50","-$5.00","$39.99","$34.99 (10/08/2025)","$37.49","$34.99","$39.99","-33.33","2","$74.98"
"Team Rocket's Tyranitar 2025 Scarlet & Violet: Destined Rivals #096/182 Holo PSA 10","-12.56","-$35.08","$279.33","$244.25 (10/19/2025)","$352.17","$188.50","$999.99","13.04","26","$9156.44"
"Umbreon 2025 Scarlet & Violet: Prismatic Evolutions #059/131 Master Ball Reverse Holo PSA 10","-12.59","-$72.00","$572.00","$500.00 (10/22/2025)","$539.80","$455.00","$640.00","-68.75","5","$2699.00"
"Team Rocket's Mewtwo ex 2025 Scarlet & Violet: Destined Rivals #231/182 Special Illustration Rare PSA 8","-12.60","-$63.00","$500.00","$437.00 (10/18/2025)","$488.00","$425.00","$530.00","-27.27","8","$3904.00"
"Solosis 2025 Scarlet & Violet: Black Bolt #118/086 Illustration Rare PSA 10","-12.77","-$15.00","$117.50","$102.50 (10/17/2025)","$117.47","$99.99","$152.00","250.00","7","$822.26"
"Misty's Psyduck 2025 Scarlet & Violet: Destined Rivals #193/182 Illustration Rare PSA 10","-12.77","-$52.69","$412.69","$360.00 (10/24/2025)","$394.78","$320.00","$462.79","-30.00","63","$24870.88"
"Mega Charizard X ex 2025 Japanese Mega: Inferno X #116/80 Mega Ultra Rare (Secret) PSA 10","-12.88","-$543.49","$4218.49","$3675.00 (10/23/2025)","$2767.86","$1925.00","$4218.49","0.00","17","$47053.63"
"Boldore 2025 Scarlet & Violet: White Flare #128/086 Illustration Rare PSA 9","-13.00","-$1.95","$15.00","$13.05 (10/24/2025)","$13.52","$12.50","$15.00","0.00","3","$40.55"
"Serperior ex 2025 Scarlet & Violet: Black Bolt #164/086 Special Illustration Rare PSA 9","-13.05","-$6.00","$46.00","$40.00 (10/22/2025)","$41.97","$37.90","$55.00","225.00","13","$545.62"
"Espeon ex 2025 Scarlet & Violet: Prismatic Evolutions #034/131 Double Rare PSA 8","-13.11","-$2.49","$18.99","$16.50 (10/17/2025)","$14.66","$8.50","$18.99","-25.00","3","$43.99"
"Team Rocket's Mewtwo ex 2025 Scarlet & Violet: Destined Rivals #081/182 Double Rare PSA 9","-13.16","-$2.50","$19.00","$16.50 (10/17/2025)","$14.33","$5.50","$20.00","-14.29","6","$86.00"
"Ethan's Typhlosion 2025 Scarlet & Violet: Destined Rivals #190/182 Illustration Rare PSA 9","-13.32","-$5.99","$44.99","$39.00 (10/22/2025)","$48.54","$30.00","$65.00","-44.68","26","$1261.92"
"N's Zoroark ex 2025 Scarlet & Violet: Journey Together #185/159 Special Illustration Rare PSA 9","-13.34","-$8.00","$59.99","$51.99 (10/24/2025)","$52.20","$41.00","$59.99","-29.55","31","$1618.18"
"Mega Latias ex 2025 Japanese Mega Symphonia #79/63 Super Rare (Full Art) PSA 10","-13.50","-$13.50","$100.00","$86.50 (10/12/2025)","$93.25","$86.50","$100.00","-33.33","2","$186.50"
"Hop's Snorlax 2025 Scarlet & Violet: Journey Together #117/159 Holo CGC 9","-13.60","-$1.70","$12.50","$10.80 (10/12/2025)","$11.93","$10.80","$13.00","200.00","3","$35.80"
"Mega Manectric ex 2025 Japanese Mega Symphonia #77/63 Super Rare (Full Art) CGC 10","-13.64","-$3.60","$26.40","$22.80 (10/12/2025)","$24.00","$22.80","$26.40","-40.00","3","$72.00"
"Larvesta 2025 Scarlet & Violet: Black Bolt #099/086 Illustration Rare PSA 9","-13.67","-$2.33","$17.01","$14.68 (10/19/2025)","$15.46","$13.87","$17.01","0.00","3","$46.38"
"Mega Kangaskhan ex 2025 Japanese Mega Symphonia #80/63 Super Rare (Full Art) PSA 10","-13.73","-$7.00","$51.00","$44.00 (10/23/2025)","$40.87","$31.00","$55.00","0.00","8","$326.99"
"Minccino 2025 Scarlet & Violet: Black Bolt #152/086 Illustration Rare PSA 8","-13.79","-$2.00","$14.50","$12.50 (10/24/2025)","$12.50","$10.50","$14.50","0.00","3","$37.50"
"N's Zoroark ex 2025 Japanese Scarlet & Violet: Battle Partners #117/100 Super Rare (Full Art) PSA 10","-14.16","-$5.77","$40.77","$35.00 (10/20/2025)","$38.43","$14.50","$52.38","15.38","15","$576.42"
"Misty's Gyarados 2025 Japanese Scarlet & Violet: Heat Wave Arena #026/063 Holo PSA 10","-14.26","-$9.98","$70.00","$60.02 (10/15/2025)","$63.35","$60.02","$70.00","0.00","3","$190.04"
"Hop's Snorlax 2025 Scarlet & Violet: Journey Together #117/159 Holo CGC 10","-14.26","-$4.99","$34.99","$30.00 (10/10/2025)","$32.50","$30.00","$34.99","-66.67","2","$64.99"
"Yanmega ex 2025 Scarlet & Violet: Destined Rivals #206/182 Ultra Rare (Full Art) PSA 10","-14.26","-$4.99","$34.99","$30.00 (10/21/2025)","$27.26","$20.50","$34.99","233.33","10","$272.62"
"Articuno 2025 Scarlet & Violet: Journey Together #032/159 Base PSA 10","-14.27","-$9.99","$69.99","$60.00 (10/22/2025)","$65.00","$60.00","$69.99","100.00","2","$129.99"
"Ninjask 2025 Japanese Mega Symphonia #65/63 Art Rare PSA 10","-14.29","-$5.00","$35.00","$30.00 (10/16/2025)","$32.50","$30.00","$35.00","100.00","2","$65.00"
"Archen 2025 Scarlet & Violet: White Flare #131/086 Illustration Rare PSA 9","-14.29","-$3.00","$21.00","$18.00 (10/21/2025)","$19.17","$18.00","$21.00","0.00","3","$57.50"
"Mega Latias ex 2025 Japanese Mega Symphonia #49/63 Double Rare CGC 10","-14.29","-$2.40","$16.80","$14.40 (10/19/2025)","$14.63","$13.00","$16.80","200.00","6","$87.80"
"Mega Lucario ex 2025 Mega Evolution #160/132 Ultra Rare (Full Art) PSA 10","-14.37","-$47.00","$327.00","$280.00 (10/24/2025)","$303.50","$280.00","$327.00","0.00","2","$607.00"
"Dondozo ex 2025 Scarlet & Violet: Destined Rivals #211/182 Ultra Rare (Full Art) PSA 10","-14.55","-$5.09","$34.99","$29.90 (10/12/2025)","$31.09","$21.50","$39.99","50.00","9","$279.82"
"Reshiram ex 2025 Japanese Scarlet & Violet: White Flare #174/086 Black White Rare (Secret) PSA 10","-14.57","-$67.00","$460.00","$393.00 (10/24/2025)","$447.96","$324.54","$592.50","58.82","54","$24189.92"
"Ivysaur 2025 Japanese Mega Brave #65/63 Art Rare CGC 9","-14.71","-$3.00","$20.40","$17.40 (10/12/2025)","$17.67","$15.50","$20.40","100.00","4","$70.70"
"Kyurem ex 2025 Scarlet & Violet: Black Bolt #157/086 Ultra Rare (Full Art) PSA 10","-14.71","-$7.50","$51.00","$43.50 (10/16/2025)","$49.44","$40.00","$69.95","125.00","9","$444.95"
"Shelmet 2025 Scarlet & Violet: White Flare #093/086 Illustration Rare PSA 9","-14.71","-$2.50","$17.00","$14.50 (10/24/2025)","$14.00","$10.50","$17.00","200.00","3","$42.00"
"Whirlipede 2025 Scarlet & Violet: Black Bolt #133/086 Illustration Rare PSA 9","-14.84","-$2.96","$19.95","$16.99 (10/23/2025)","$16.59","$14.40","$19.95","0.00","4","$66.34"
"Team Rocket's Moltres ex 2025 Scarlet & Violet: Destined Rivals #229/182 Special Illustration Rare PSA 9","-15.00","-$29.99","$199.99","$170.00 (10/23/2025)","$184.16","$151.51","$223.76","0.00","19","$3499.03"
"Leafeon 2025 Scarlet & Violet: Prismatic Evolutions #005/131 Master Ball Reverse Holo PSA 10","-15.21","-$23.09","$151.88","$128.78 (10/03/2025)","$139.78","$125.51","$155.00","80.00","9","$1257.99"
"Jellicent ex 2025 Japanese Scarlet & Violet: White Flare #162/086 Super Rare (Full Art) CGC 10","-15.38","-$2.00","$13.00","$11.00 (10/22/2025)","$12.72","$11.00","$14.40","0.00","4","$50.90"
"Gholdengo ex 2025 Scarlet & Violet: Prismatic Evolutions #164/131 Special Illustration Rare PSA 10","-15.38","-$40.00","$260.00","$220.00 (10/20/2025)","$255.67","$220.00","$350.00","-29.41","12","$3068.08"
"Snover 2025 Japanese Mega Symphonia #67/63 Art Rare CGC 10","-15.38","-$2.40","$15.60","$13.20 (10/19/2025)","$14.40","$13.20","$15.60","-66.67","2","$28.80"
"Tynamo 2025 Scarlet & Violet: Black Bolt #113/086 Illustration Rare CGC 9.5","-15.38","-$2.40","$15.60","$13.20 (10/05/2025)","$14.40","$13.20","$15.60","100.00","2","$28.80"
"Reshiram ex 2025 Scarlet & Violet: White Flare #173/086 Black White Rare (Secret) PSA 9","-15.48","-$65.00","$420.00","$355.00 (10/21/2025)","$413.24","$320.00","$470.00","7.14","30","$12397.22"
"Hawlucha 2025 Scarlet & Violet: Prismatic Evolutions #089/131 Master Ball Reverse Holo CGC 9.5","-15.51","-$1.01","$6.51","$5.50 (10/11/2025)","$6.00","$5.50","$6.51","0.00","2","$12.01"
"Team Rocket's Mimikyu 2025 Scarlet & Violet: Destined Rivals #087/182 Base PSA 10","-15.59","-$109.00","$699.00","$590.00 (10/04/2025)","$609.80","$575.00","$699.00","66.67","5","$3048.99"
"Eri 2025 Scarlet & Violet: Prismatic Evolutions #136/131 Ultra Rare (Full Art) CGC 10","-15.63","-$3.00","$19.20","$16.20 (10/19/2025)","$16.20","$12.00","$20.40","0.00","6","$97.20"
"Eevee 2025 Scarlet & Violet: Prismatic Evolutions #074/131 Base PSA 10","-15.67","-$18.74","$119.58","$100.84 (10/22/2025)","$100.32","$21.50","$130.00","-27.27","40","$4012.74"
"Team Rocket's Crobat ex 2025 Scarlet & Violet: Destined Rivals #234/182 Special Illustration Rare PSA 10","-15.70","-$48.67","$310.00","$261.33 (10/24/2025)","$306.14","$230.00","$450.00","-37.21","27","$8265.79"
"Iono's Bellibolt ex 2025 Japanese Scarlet & Violet: Battle Partners #130/100 Ultra Rare (Secret) PSA 10","-15.98","-$7.99","$49.99","$42.00 (10/23/2025)","$55.21","$22.50","$109.00","-16.67","15","$828.18"
"Glaceon ex 2025 Scarlet & Violet: Prismatic Evolutions #150/131 Special Illustration Rare CGC 9","-16.00","-$31.99","$199.99","$168.00 (10/19/2025)","$189.33","$168.00","$199.99","200.00","3","$567.98"
"Articuno 2025 Japanese Scarlet & Violet: Battle Partners #102/100 Art Rare PSA 9","-16.00","-$4.00","$25.00","$21.00 (10/23/2025)","$18.74","$8.50","$25.00","20.00","18","$337.24"
"Tyranitar ex 2025 Scarlet & Violet: Prismatic Evolutions #064/131 Double Rare PSA 10","-16.13","-$10.00","$62.00","$52.00 (10/07/2025)","$57.00","$52.00","$62.00","0.00","2","$114.00"
"Vulpix 2025 Mega Evolution #138/132 Illustration Rare PSA 10","-16.44","-$60.00","$365.00","$305.00 (10/24/2025)","$335.00","$305.00","$365.00","0.00","2","$670.00"
"Dondozo ex 2025 Scarlet & Violet: Destined Rivals #066/182 Double Rare PSA 10","-16.51","-$3.56","$21.56","$18.00 (10/20/2025)","$22.66","$18.00","$29.00","0.00","4","$90.62"
"Team Rocket's Moltres ex 2025 Scarlet & Violet: Destined Rivals #229/182 Special Illustration Rare CGC 9.5","-16.52","-$28.50","$172.50","$144.00 (10/19/2025)","$158.25","$144.00","$172.50","0.00","2","$316.50"
"Ethan's Ho-Oh ex 2025 Scarlet & Violet: Destined Rivals #209/182 Ultra Rare (Full Art) CGC 9","-16.67","-$2.40","$14.40","$12.00 (10/05/2025)","$13.20","$12.00","$15.60","-42.86","4","$52.80"
"Wailord 2025 Japanese Scarlet & Violet: Battle Partners #103/100 Art Rare CGC 9","-16.67","-$2.50","$15.00","$12.50 (10/20/2025)","$13.75","$12.50","$15.00","-80.00","2","$27.50"
"Ethan's Ho-Oh ex 2025 Scarlet & Violet: Destined Rivals #230/182 Special Illustration Rare CGC 10","-16.67","-$60.00","$360.00","$300.00 (10/19/2025)","$437.00","$300.00","$600.00","150.00","5","$2184.99"
"Mega Manectric ex 2025 Japanese Mega Symphonia #32/63 Double Rare CGC 10","-16.67","-$3.00","$18.00","$15.00 (09/30/2025)","$16.50","$15.00","$18.00","100.00","2","$33.00"
"Eevee 2025 Scarlet & Violet: Prismatic Evolutions #074/131 Reverse Holo CGC 9.5","-16.67","-$2.60","$15.60","$13.00 (10/21/2025)","$13.52","$13.00","$15.60","25.00","5","$67.60"
"Jamming Tower 2025 Scarlet & Violet: Destined Rivals #243/182 Hyper Rare (Secret) PSA 9","-16.67","-$4.00","$24.00","$20.00 (10/16/2025)","$17.50","$8.50","$24.00","200.00","3","$52.50"
"Scolipede 2025 Scarlet & Violet: Black Bolt #134/086 Illustration Rare CGC 9","-16.67","-$2.40","$14.40","$12.00 (10/19/2025)","$13.20","$12.00","$14.40","0.00","2","$26.40"
"Gurdurr 2025 Scarlet & Violet: Black Bolt #048/086 Master Ball Reverse Holo CGC 10","-16.67","-$2.40","$14.40","$12.00 (10/05/2025)","$13.20","$12.00","$14.40","0.00","2","$26.40"
"Elgyem 2025 Scarlet & Violet: Black Bolt #120/086 Illustration Rare PSA 9","-16.67","-$5.00","$29.99","$24.99 (10/19/2025)","$27.49","$24.99","$29.99","0.00","2","$54.98"
"Furret 2025 Japanese Scarlet & Violet: Battle Partners #110/100 Art Rare CGC 10","-16.67","-$5.00","$29.99","$24.99 (10/22/2025)","$20.88","$16.00","$29.99","-40.00","6","$125.28"
"Leafeon ex 2025 Scarlet & Violet: Prismatic Evolutions #006/131 Double Rare PSA 10","-16.68","-$9.00","$54.00","$45.00 (10/22/2025)","$45.51","$28.11","$61.00","-61.54","10","$455.09"
"Kyurem ex 2025 Scarlet & Violet: Black Bolt #028/086 Double Rare PSA 9","-16.76","-$1.51","$9.01","$7.50 (10/21/2025)","$8.25","$7.50","$9.01","0.00","2","$16.51"
"Riolu 2025 Japanese Mega Brave #68/63 Art Rare PSA 10","-17.00","-$17.00","$100.00","$83.00 (10/23/2025)","$99.24","$83.00","$112.50","66.67","5","$496.21"
"Excadrill ex 2025 Scarlet & Violet: Black Bolt #168/086 Special Illustration Rare PSA 10","-17.12","-$25.51","$149.00","$123.49 (10/19/2025)","$135.70","$105.00","$165.00","0.00","10","$1356.99"
"Hilda 2025 Scarlet & Violet: White Flare #171/086 Special Illustration Rare PSA 8","-17.31","-$9.00","$52.00","$43.00 (10/23/2025)","$47.50","$43.00","$52.00","0.00","2","$95.00"
"Mega Venusaur ex 2025 Japanese Mega Brave #03/63 Double Rare CGC 10","-17.55","-$3.30","$18.80","$15.50 (10/20/2025)","$14.91","$11.70","$20.40","162.50","21","$313.20"
"Golurk 2025 Japanese Scarlet & Violet: Black Bolt #129/086 Art Rare CGC 10","-17.62","-$2.29","$13.00","$10.71 (10/24/2025)","$15.05","$10.50","$25.99","0.00","4","$60.20"
"Mega Latias ex 2025 Japanese Mega Symphonia #49/63 Double Rare PSA 9","-17.65","-$9.00","$51.00","$42.00 (10/22/2025)","$46.50","$42.00","$51.00","0.00","2","$93.00"
"N's Plan 2025 Scarlet & Violet: Black Bolt #170/086 Special Illustration Rare PSA 8","-17.74","-$11.00","$62.00","$51.00 (10/24/2025)","$60.23","$51.00","$67.70","200.00","3","$180.70"
"Pawniard 2025 Scarlet & Violet: Black Bolt #142/086 Illustration Rare PSA 9","-17.79","-$3.55","$19.95","$16.40 (10/23/2025)","$18.17","$16.40","$19.95","100.00","2","$36.35"
"Umbreon ex 2025 Scarlet & Violet: Prismatic Evolutions #161/131 Special Illustration Rare PSA 10","-17.90","-$762.75","$4262.25","$3499.50 (10/24/2025)","$3832.06","$2300.00","$4600.00","50.00","93","$356382.02"
"Zekrom ex 2025 Scarlet & Violet: Black Bolt #158/086 Ultra Rare (Full Art) PSA 9","-17.93","-$4.48","$24.99","$20.51 (10/23/2025)","$26.59","$20.51","$31.00","133.33","7","$186.14"
"Cynthia's Roserade 2025 Japanese Scarlet & Violet: Heat Wave Arena #065/063 Art Rare PSA 10","-18.00","-$7.90","$43.90","$36.00 (10/24/2025)","$50.51","$22.50","$104.00","0.00","48","$2424.39"
"Dragapult ex 2025 Scarlet & Violet: Prismatic Evolutions #165/131 Special Illustration Rare PSA 10","-18.00","-$37.81","$210.00","$172.19 (10/24/2025)","$233.73","$172.19","$278.16","53.33","23","$5375.68"
"Genesect ex 2025 Scarlet & Violet: Black Bolt #161/086 Ultra Rare (Full Art) PSA 10","-18.03","-$11.00","$61.00","$50.00 (10/23/2025)","$51.53","$40.00","$62.00","160.00","13","$669.92"
"Keldeo ex 2025 Japanese Scarlet & Violet: White Flare #161/086 Super Rare (Full Art) CGC 10","-18.05","-$3.70","$20.50","$16.80 (10/19/2025)","$21.10","$16.80","$25.99","200.00","3","$63.29"
"Palafin ex 2025 Scarlet & Violet: Prismatic Evolutions #151/131 Special Illustration Rare PSA 10","-18.30","-$44.79","$244.79","$200.00 (10/19/2025)","$238.56","$140.00","$289.99","0.00","14","$3339.78"
"Excadrill ex 2025 Scarlet & Violet: Black Bolt #160/086 Ultra Rare (Full Art) PSA 10","-18.38","-$9.01","$49.01","$40.00 (10/12/2025)","$44.50","$40.00","$49.01","0.00","2","$89.01"
"Eevee ex 2025 Scarlet & Violet: Black Star Promo #SVP174 Super-Premium Collection CGC 10","-18.43","-$30.50","$165.50","$135.00 (10/21/2025)","$144.37","$64.99","$208.36","27.27","14","$2021.12"
"Roaring Moon ex 2025 Scarlet & Violet: Prismatic Evolutions #162/131 Special Illustration Rare PSA 10","-18.45","-$215.00","$1165.00","$950.00 (10/22/2025)","$1015.46","$549.00","$1499.00","10.00","33","$33510.08"
"Team Rocket's Mewtwo ex 2025 Scarlet & Violet: Destined Rivals #213/182 Ultra Rare (Full Art) CGC 9","-18.48","-$6.80","$36.80","$30.00 (10/12/2025)","$32.57","$27.60","$44.40","16.67","7","$228.00"
"Team Rocket's Nidoking ex 2025 Japanese Scarlet & Violet: Glory of Team Rocket #116/098 Super Rare (Full Art) PSA 10","-18.50","-$8.29","$44.78","$36.49 (10/18/2025)","$42.76","$36.49","$45.56","-33.33","4","$171.04"
"Snorlax ex 2025 Scarlet & Violet: Prismatic Evolutions #076/131 Double Rare PSA 8","-18.56","-$4.90","$26.40","$21.50 (10/11/2025)","$23.96","$21.50","$26.40","200.00","3","$71.89"
"Mega Charizard X ex 2025 Japanese Mega: Inferno X #94/80 Super Rare (Full Art) CGC 10","-18.74","-$29.99","$159.99","$130.00 (10/23/2025)","$149.99","$130.00","$159.99","0.00","3","$449.98"
"Mega Lucario ex 2025 Japanese Mega Brave #78/63 Super Rare (Full Art) PSA 10","-18.84","-$26.38","$140.00","$113.63 (10/23/2025)","$129.21","$93.00","$177.50","200.00","15","$1938.15"
"Swadloon 2025 Scarlet & Violet: White Flare #088/086 Illustration Rare PSA 10","-18.89","-$17.00","$90.00","$73.00 (10/10/2025)","$81.50","$73.00","$90.00","100.00","2","$163.00"
"Serperior ex 2025 Scarlet & Violet: Black Bolt #164/086 Special Illustration Rare PSA 10","-18.91","-$34.99","$184.99","$150.00 (10/22/2025)","$149.53","$111.88","$220.00","700.00","8","$1196.24"
"Ethan's Ho-Oh ex 2025 Scarlet & Violet: Destined Rivals #209/182 Ultra Rare (Full Art) PSA 9","-19.02","-$3.80","$20.00","$16.20 (10/24/2025)","$17.85","$9.50","$29.99","7.14","15","$267.72"
"Groudon 2025 Scarlet & Violet: Prismatic Evolutions #049/131 Holo PSA 9","-19.05","-$2.00","$10.50","$8.50 (10/23/2025)","$8.94","$5.77","$11.00","0.00","4","$35.77"
"Salamence ex 2025 Scarlet & Violet: Journey Together #177/159 Ultra Rare (Full Art) CGC 9","-19.05","-$2.00","$10.50","$8.50 (10/20/2025)","$9.17","$6.50","$10.50","0.00","3","$27.50"
"Team Rocket's Mewtwo ex 2025 Japanese Scarlet & Violet: Glory of Team Rocket #130/098 Ultra Rare (Secret) PSA 9","-19.11","-$9.84","$51.51","$41.67 (10/22/2025)","$45.07","$32.00","$60.00","133.33","7","$315.51"
"Vanillite 2025 Scarlet & Violet: White Flare #111/086 Illustration Rare PSA 9","-19.15","-$3.83","$20.00","$16.17 (10/20/2025)","$18.61","$15.50","$23.06","900.00","10","$186.06"
"Articuno 2025 Japanese Scarlet & Violet: Battle Partners #102/100 Art Rare CGC 10","-19.16","-$4.12","$21.50","$17.38 (10/24/2025)","$23.94","$14.51","$35.00","-18.92","30","$718.19"
"Crustle 2025 Scarlet & Violet: Destined Rivals #186/182 Illustration Rare CGC 10","-19.27","-$3.70","$19.20","$15.50 (10/18/2025)","$17.35","$15.50","$19.20","0.00","2","$34.70"
"Brock's Scouting 2025 Scarlet & Violet: Journey Together #179/159 Ultra Rare (Full Art) PSA 9","-19.31","-$3.23","$16.73","$13.50 (10/22/2025)","$12.72","$6.49","$20.00","42.86","10","$127.21"
"Walking Wake ex 2025 Scarlet & Violet: Prismatic Evolutions #178/131 Hyper Rare (Secret) PSA 8","-19.35","-$3.00","$15.50","$12.50 (10/12/2025)","$15.33","$12.50","$18.00","-62.50","3","$46.00"
"Druddigon 2025 Japanese Scarlet & Violet: White Flare #150/086 Art Rare PSA 10","-19.46","-$7.49","$38.49","$31.00 (10/19/2025)","$36.16","$31.00","$39.00","200.00","3","$108.49"
"Misty's Lapras 2025 Scarlet & Violet: Destined Rivals #194/182 Illustration Rare CGC 9","-19.53","-$7.52","$38.52","$31.00 (10/06/2025)","$36.02","$31.00","$40.80","200.00","3","$108.05"
"Venipede 2025 Scarlet & Violet: Black Bolt #132/086 Illustration Rare PSA 8","-19.60","-$1.95","$9.95","$8.00 (10/24/2025)","$8.97","$8.00","$9.95","0.00","2","$17.95"
"Leafeon 2025 Scarlet & Violet: Prismatic Evolutions #005/131 Holo PSA 9","-19.64","-$3.30","$16.80","$13.50 (10/23/2025)","$13.96","$10.00","$18.00","66.67","5","$69.80"
"Kangaskhan 2025 Scarlet & Violet: Destined Rivals #204/182 Illustration Rare PSA 9","-19.82","-$5.25","$26.49","$21.24 (10/24/2025)","$25.59","$19.50","$35.00","0.00","23","$588.49"
"Mega Venusaur ex 2025 Japanese Mega Brave #87/63 Special Art Rare BGS 10 Pristine","-19.88","-$45.53","$229.03","$183.50 (10/05/2025)","$206.26","$183.50","$229.03","0.00","2","$412.53"
"Lillipup 2025 Scarlet & Violet: White Flare #154/086 Illustration Rare PSA 8","-19.88","-$4.96","$24.95","$19.99 (10/11/2025)","$19.31","$13.00","$24.95","0.00","3","$57.94"
"Petilil 2025 Japanese Scarlet & Violet: Black Bolt #091/086 Art Rare CGC 10","-19.91","-$3.98","$19.99","$16.01 (10/09/2025)","$18.00","$16.01","$19.99","0.00","2","$36.00"
"Aromatisse 2025 Scarlet & Violet: Prismatic Evolutions #039/131 Master Ball Reverse Holo PSA 9","-19.92","-$1.99","$9.99","$8.00 (10/07/2025)","$9.33","$8.00","$9.99","0.00","3","$27.98"
"Eevee 2025 Scarlet & Violet: Prismatic Evolutions #074/131 Master Ball Reverse Holo PSA 8","-19.94","-$2.49","$12.49","$10.00 (09/29/2025)","$11.25","$10.00","$12.49","0.00","2","$22.49"
"Blaziken 2025 Scarlet & Violet: Destined Rivals #192/182 Illustration Rare PSA 8","-19.95","-$2.99","$14.99","$12.00 (10/19/2025)","$14.42","$12.00","$15.70","-33.33","4","$57.69"
"Ethan's Typhlosion 2025 Scarlet & Violet: Destined Rivals #190/182 Illustration Rare PSA 8","-19.98","-$9.99","$49.99","$40.00 (10/24/2025)","$38.72","$30.53","$49.99","20.00","6","$232.32"
"Eevee ex 2025 Scarlet & Violet: Black Star Promo #SVP174 Super-Premium Collection PSA 10","-20.00","-$129.99","$649.99","$520.00 (10/24/2025)","$566.50","$350.00","$735.00","-35.44","51","$28891.60"
"Terapagos ex 2025 Scarlet & Violet: Prismatic Evolutions #180/131 Hyper Rare (Secret) PSA 8","-20.00","-$2.00","$10.00","$8.00 (10/21/2025)","$9.63","$8.00","$11.50","33.33","4","$38.50"
"Volcanion ex 2025 Japanese Scarlet & Violet: Battle Partners #113/100 Super Rare (Full Art) CGC 10","-20.00","-$2.50","$12.50","$10.00 (10/13/2025)","$9.17","$5.00","$12.50","200.00","3","$27.50"
"Articuno 2025 Japanese Scarlet & Violet: Battle Partners #102/100 Art Rare PSA 8","-20.00","-$3.00","$15.00","$12.00 (10/18/2025)","$13.50","$12.00","$15.00","-33.33","2","$27.00"
"Duosion 2025 Scarlet & Violet: Black Bolt #119/086 Illustration Rare CGC 9","-20.00","-$2.40","$12.00","$9.60 (10/19/2025)","$10.80","$9.60","$12.00","0.00","2","$21.60"
"Espeon ex 2025 Scarlet & Violet: Prismatic Evolutions #155/131 Special Illustration Rare PSA 10","-20.00","-$200.00","$999.99","$799.99 (10/24/2025)","$938.07","$670.00","$1200.00","-31.71","28","$26265.95"
"Iono's Kilowattrel 2025 Japanese Scarlet & Violet: Battle Partners #104/100 Art Rare PSA 10","-20.00","-$10.00","$49.99","$39.99 (10/24/2025)","$36.90","$22.60","$59.99","1.89","54","$1992.34"
"Zweilous 2025 Japanese Scarlet & Violet: White Flare #143/086 Art Rare PSA 10","-20.02","-$10.01","$50.00","$39.99 (10/22/2025)","$46.66","$39.99","$50.00","0.00","3","$139.99"
"Hop's Zacian ex 2025 Scarlet & Violet: Journey Together #111/159 Double Rare PSA 9","-20.07","-$3.01","$15.00","$11.99 (10/18/2025)","$13.50","$11.99","$15.00","-33.33","2","$26.99"
"Ivysaur 2025 Japanese Mega Brave #65/63 Art Rare CGC 8","-20.14","-$2.90","$14.40","$11.50 (10/11/2025)","$12.95","$11.50","$14.40","0.00","2","$25.90"
"Team Rocket's Crobat ex 2025 Scarlet & Violet: Destined Rivals #234/182 Special Illustration Rare CGC 9","-20.22","-$18.00","$89.00","$71.00 (10/17/2025)","$82.93","$71.00","$89.00","0.00","3","$248.80"
"Mega Lucario ex 2025 Mega Evolution #179/132 Special Illustration Rare BGS 10 Pristine","-20.22","-$450.00","$2225.00","$1775.00 (10/10/2025)","$2000.00","$1775.00","$2225.00","0.00","2","$4000.00"
"Eevee 2025 Scarlet & Violet: Prismatic Evolutions #074/131 Master Ball Reverse Holo PSA 10","-20.29","-$28.00","$138.00","$110.00 (10/12/2025)","$126.70","$100.00","$149.99","25.00","10","$1267.05"
"Team Rocket's Weezing 2025 Japanese Scarlet & Violet: Glory of Team Rocket #105/098 Art Rare CGC 10","-20.34","-$7.40","$36.39","$28.99 (10/24/2025)","$33.71","$28.99","$36.39","-25.00","3","$101.12"
"Pikachu ex 2025 Scarlet & Violet: Prismatic Evolutions #179/131 Hyper Rare (Secret) PSA 8","-20.36","-$10.99","$53.99","$43.00 (10/24/2025)","$49.83","$40.00","$58.00","-20.00","12","$597.94"
"Kyurem ex 2025 Scarlet & Violet: Black Bolt #028/086 Double Rare PSA 10","-20.45","-$9.00","$44.00","$35.00 (10/21/2025)","$39.50","$35.00","$44.00","100.00","2","$79.00"
"Tympole 2025 Scarlet & Violet: Black Bolt #103/086 Illustration Rare PSA 10","-20.57","-$21.50","$104.50","$83.00 (10/23/2025)","$85.38","$75.00","$104.50","0.00","4","$341.50"
"Team Rocket's Ariana 2025 Scarlet & Violet: Destined Rivals #237/182 Special Illustration Rare PSA 10","-20.59","-$35.00","$170.00","$135.00 (10/22/2025)","$156.97","$112.19","$235.00","25.00","10","$1569.69"
"Team Rocket's Giovanni 2025 Scarlet & Violet: Destined Rivals #238/182 Special Illustration Rare PSA 10","-20.66","-$26.97","$130.50","$103.53 (10/20/2025)","$131.93","$77.08","$155.00","0.00","12","$1583.15"
"Druddigon 2025 Scarlet & Violet: White Flare #151/086 Illustration Rare CGC 10","-20.69","-$7.45","$36.00","$28.55 (10/21/2025)","$32.27","$28.55","$36.00","0.00","2","$64.55"
"Umbreon 2025 Scarlet & Violet: Prismatic Evolutions #059/131 Reverse Holo PSA 9","-20.73","-$3.40","$16.40","$13.00 (10/17/2025)","$14.94","$11.50","$25.20","133.33","7","$104.58"
"Victini 2025 Scarlet & Violet: White Flare #172/086 Black White Rare (Secret) PSA 10","-20.78","-$275.33","$1325.00","$1049.67 (10/23/2025)","$1160.83","$880.00","$1795.00","47.92","71","$82418.96"
"Team Rocket's Wobbuffet 2025 Japanese Scarlet & Violet: Glory of Team Rocket #103/098 Art Rare BGS 9.5","-20.87","-$3.56","$17.06","$13.50 (10/19/2025)","$15.28","$13.50","$17.06","0.00","2","$30.56"
"Slowpoke 2025 Scarlet & Violet: Prismatic Evolutions #018/131 Master Ball Reverse Holo PSA 9","-20.87","-$2.40","$11.50","$9.10 (10/18/2025)","$12.87","$9.10","$18.00","200.00","3","$38.60"
"Vaporeon ex 2025 Scarlet & Violet: Prismatic Evolutions #149/131 Special Illustration Rare PSA 8","-21.05","-$40.00","$189.99","$149.99 (10/14/2025)","$169.99","$149.99","$189.99","0.00","2","$339.98"
"Cynthia's Roserade 2025 Scarlet & Violet: Destined Rivals #184/182 Illustration Rare PSA 9","-21.07","-$8.01","$38.00","$29.99 (10/24/2025)","$31.08","$21.40","$40.00","58.82","27","$839.09"
"Minccino 2025 Japanese Scarlet & Violet: Black Bolt #077/086 Master Ball Reverse Holo PSA 10","-21.15","-$5.50","$26.00","$20.50 (10/24/2025)","$22.33","$19.50","$26.00","0.00","3","$67.00"
"N's Plot 2025 Japanese Scarlet & Violet: Black Bolt #173/086 Special Art Rare PSA 9","-21.15","-$11.00","$52.00","$41.00 (10/22/2025)","$49.94","$41.00","$59.99","166.67","8","$399.48"
"Lillie's Clefairy ex 2025 Scarlet & Violet: Journey Together #173/159 Ultra Rare (Full Art) CGC 10","-21.18","-$8.06","$38.06","$30.00 (10/21/2025)","$35.22","$28.00","$48.12","-28.57","5","$176.12"
"Gigalith 2025 Scarlet & Violet: White Flare #129/086 Illustration Rare PSA 9","-21.28","-$5.00","$23.50","$18.50 (10/24/2025)","$15.30","$6.50","$23.50","0.00","5","$76.50"
"Sylveon ex 2025 Scarlet & Violet: Prismatic Evolutions #156/131 Special Illustration Rare PSA 8","-21.28","-$73.00","$343.00","$270.00 (10/19/2025)","$306.50","$270.00","$343.00","-33.33","2","$613.00"
"Team Rocket's Giovanni 2025 Scarlet & Violet: Destined Rivals #238/182 Special Illustration Rare PSA 9","-21.44","-$12.28","$57.28","$45.00 (10/16/2025)","$50.08","$36.00","$60.00","0.00","7","$350.56"
"Team Rocket's Persian ex 2025 Scarlet & Violet: Destined Rivals #219/182 Ultra Rare (Full Art) CGC 10","-21.54","-$5.60","$26.00","$20.40 (10/19/2025)","$24.98","$20.40","$30.00","-45.83","13","$324.80"
"Team Rocket's Mewtwo ex 2025 Scarlet & Violet: Destined Rivals #213/182 Ultra Rare (Full Art) PSA 9","-21.57","-$11.00","$51.00","$40.00 (10/22/2025)","$44.98","$26.76","$59.00","5.88","18","$809.64"
"Drilbur 2025 Scarlet & Violet: Black Bolt #124/086 Illustration Rare PSA 9","-21.62","-$4.00","$18.50","$14.50 (10/24/2025)","$21.00","$14.50","$29.99","50.00","3","$62.99"
"Flareon ex 2025 Scarlet & Violet: Prismatic Evolutions #014/131 Double Rare PSA 10","-21.71","-$13.72","$63.22","$49.50 (10/21/2025)","$55.46","$41.00","$81.00","18.75","19","$1053.70"
"Mega Lucario ex 2025 Japanese Mega Brave #88/63 Special Art Rare PSA 10","-21.80","-$54.31","$249.13","$194.82 (10/24/2025)","$252.52","$67.90","$370.00","12.73","62","$15656.05"
"Eri 2025 Scarlet & Violet: Prismatic Evolutions #136/131 Ultra Rare (Full Art) CGC 9","-21.87","-$2.10","$9.60","$7.50 (10/20/2025)","$9.65","$7.50","$12.00","100.00","6","$57.90"
"N's Reshiram 2025 Japanese Scarlet & Violet: Battle Partners #109/100 Art Rare CGC 9","-21.87","-$2.10","$9.60","$7.50 (10/19/2025)","$10.22","$7.50","$13.00","-60.00","4","$40.90"
"Simisage 2025 Scarlet & Violet: Black Bolt #090/086 Illustration Rare PSA 9","-21.95","-$4.50","$20.50","$16.00 (10/19/2025)","$16.86","$14.95","$20.50","300.00","4","$67.45"
"Iron Crown ex 2025 Scarlet & Violet: Prismatic Evolutions #158/131 Special Illustration Rare PSA 10","-22.22","-$30.00","$135.00","$105.00 (10/22/2025)","$121.31","$40.70","$174.00","85.71","13","$1577.06"
"Shaymin 2025 Scarlet & Violet: Destined Rivals #185/182 Illustration Rare PSA 10","-22.22","-$20.00","$90.00","$70.00 (10/02/2025)","$81.67","$70.00","$90.00","-75.00","3","$245.00"
"Ethan's Ho-Oh ex 2025 Japanese Scarlet & Violet: Heat Wave Arena #077/063 Super Rare (Full Art) PSA 10","-22.22","-$10.00","$45.00","$35.00 (10/21/2025)","$37.62","$26.90","$45.00","8.33","13","$489.01"
"Glaceon 2025 Scarlet & Violet: Prismatic Evolutions #025/131 Holo CGC 9","-22.22","-$2.40","$10.80","$8.40 (10/12/2025)","$9.60","$8.40","$10.80","-33.33","2","$19.20"
"Snivy 2025 Scarlet & Violet: Black Bolt #087/086 Illustration Rare PSA 8","-22.31","-$4.45","$19.95","$15.50 (10/11/2025)","$17.73","$15.50","$19.95","0.00","2","$35.45"
"Ethan's Ho-Oh ex 2025 Scarlet & Violet: Destined Rivals #039/182 Double Rare PSA 10","-22.40","-$8.95","$39.95","$31.00 (10/21/2025)","$35.65","$31.00","$40.95","200.00","6","$213.91"
"Deino 2025 Scarlet & Violet: White Flare #146/086 Illustration Rare PSA 10","-22.50","-$44.99","$199.99","$155.00 (10/22/2025)","$187.83","$155.00","$208.50","50.00","3","$563.49"
"Misty's Psyduck 2025 Japanese Scarlet & Violet: Heat Wave Arena #071/063 Art Rare BGS 9.5","-22.50","-$9.00","$40.00","$31.00 (10/14/2025)","$33.67","$30.00","$40.00","50.00","3","$101.00"
"Misty's Lapras 2025 Japanese Scarlet & Violet: Heat Wave Arena #072/063 Art Rare CGC 9","-22.50","-$4.50","$20.00","$15.50 (10/22/2025)","$13.78","$10.00","$20.00","200.00","6","$82.70"
"Sylveon ex 2025 Scarlet & Violet: Prismatic Evolutions #041/131 Double Rare PSA 8","-22.53","-$3.22","$14.29","$11.07 (10/23/2025)","$12.68","$11.07","$14.29","0.00","2","$25.36"
"Mega Lucario ex 2025 Mega Evolution #188/132 Mega Hyper Rare (Secret) PSA 10","-22.56","-$523.42","$2320.00","$1796.58 (10/23/2025)","$2350.29","$710.00","$4300.00","0.00","57","$133966.45"
"Golurk 2025 Scarlet & Violet: Black Bolt #123/086 Illustration Rare PSA 10","-22.59","-$31.11","$137.74","$106.63 (10/23/2025)","$122.19","$106.63","$137.74","100.00","2","$244.37"
"Lillie's Determination 2025 Japanese Mega Brave #86/63 Super Rare (Full Art) PSA 10","-22.60","-$74.94","$331.51","$256.58 (10/18/2025)","$304.24","$256.58","$338.03","60.00","8","$2433.93"
"Seismitoad 2025 Japanese Scarlet & Violet: Black Bolt #109/086 Art Rare PSA 10","-22.66","-$61.69","$272.30","$210.61 (10/24/2025)","$224.64","$153.32","$315.00","133.33","84","$18869.81"
"Dudunsparce 2025 Scarlet & Violet: Prismatic Evolutions #080/131 Master Ball Reverse Holo PSA 10","-22.67","-$10.20","$45.00","$34.80 (10/12/2025)","$39.90","$34.80","$45.00","100.00","2","$79.80"
"Riolu 2025 Japanese Mega Brave #68/63 Art Rare PSA 9","-22.77","-$4.68","$20.53","$15.86 (10/18/2025)","$17.41","$12.99","$20.53","0.00","3","$52.24"
"Team Rocket's Ariana 2025 Japanese Scarlet & Violet: Glory of Team Rocket #128/098 Special Art Rare PSA 10","-22.92","-$30.94","$134.99","$104.05 (10/12/2025)","$119.52","$104.05","$134.99","0.00","2","$239.04"
"Deino 2025 Scarlet & Violet: White Flare #146/086 Illustration Rare PSA 9","-23.00","-$4.25","$18.50","$14.25 (10/13/2025)","$17.12","$13.50","$21.50","300.00","4","$68.49"
"Meloetta ex 2025 Scarlet & Violet: Black Bolt #167/086 Special Illustration Rare PSA 10","-23.01","-$43.48","$188.98","$145.50 (10/24/2025)","$177.63","$143.50","$249.99","130.77","30","$5328.81"
"Zorua 2025 Japanese Scarlet & Violet: White Flare #140/086 Art Rare CGC 9","-23.02","-$2.99","$12.99","$10.00 (10/17/2025)","$11.50","$10.00","$12.99","0.00","2","$22.99"
"Iono's Bellibolt ex 2025 Japanese Scarlet & Violet: Battle Partners #030/100 Double Rare BGS 10 Pristine","-23.08","-$6.00","$26.00","$20.00 (10/15/2025)","$23.00","$20.00","$26.00","0.00","2","$46.00"
"Excadrill ex 2025 Scarlet & Violet: Black Bolt #168/086 Special Illustration Rare PSA 9","-23.14","-$8.10","$35.00","$26.90 (10/23/2025)","$30.16","$26.90","$35.00","0.00","3","$90.49"
"Excadrill ex 2025 Scarlet & Violet: Black Bolt #168/086 Special Illustration Rare CGC 10","-23.20","-$29.00","$125.00","$96.00 (10/05/2025)","$105.67","$96.00","$125.00","0.00","3","$317.00"
"Iono's Bellibolt ex 2025 Scarlet & Violet: Journey Together #172/159 Ultra Rare (Full Art) CGC 10","-23.47","-$4.60","$19.60","$15.00 (10/15/2025)","$18.26","$15.00","$22.80","150.00","5","$91.30"
"Team Rocket's Moltres ex 2025 Scarlet & Violet: Destined Rivals #229/182 Special Illustration Rare CGC 10","-23.58","-$75.00","$318.00","$243.00 (10/24/2025)","$300.80","$243.00","$349.99","400.00","5","$1504.00"
"Mega Lucario ex 2025 Japanese Mega Brave #29/63 Double Rare CGC 10","-23.61","-$5.10","$21.60","$16.50 (10/19/2025)","$17.52","$13.20","$22.80","-37.50","5","$87.60"
"Cottonee 2025 Scarlet & Violet: White Flare #090/086 Illustration Rare PSA 9","-23.64","-$3.90","$16.50","$12.60 (10/24/2025)","$13.10","$9.95","$17.51","600.00","7","$91.67"
"Eevee 2025 Scarlet & Violet: Prismatic Evolutions #074/131 Poke Ball Reverse Holo PSA 10","-23.66","-$17.12","$72.37","$55.25 (10/08/2025)","$58.72","$35.50","$75.00","0.00","4","$234.87"
"Iono's Kilowattrel 2025 Japanese Scarlet & Violet: Battle Partners #104/100 Art Rare PSA 9","-23.68","-$4.50","$19.00","$14.50 (10/12/2025)","$17.70","$14.50","$20.50","0.00","5","$88.50"
"Umbreon ex 2025 Scarlet & Violet: Prismatic Evolutions #161/131 Special Illustration Rare BGS 9","-23.92","-$305.00","$1275.00","$970.00 (10/23/2025)","$1193.89","$970.00","$1350.00","28.57","9","$10744.98"
"Misty's Lapras 2025 Scarlet & Violet: Destined Rivals #194/182 Illustration Rare PSA 8","-24.03","-$8.38","$34.88","$26.50 (10/24/2025)","$35.62","$26.50","$59.00","266.67","11","$391.77"
"Mega Gardevoir ex 2025 Mega Evolution #178/132 Special Illustration Rare PSA 9","-24.05","-$95.00","$395.00","$300.00 (10/18/2025)","$347.50","$300.00","$395.00","0.00","2","$695.00"
"Rapidash 2025 Scarlet & Violet: Destined Rivals #189/182 Illustration Rare PSA 10","-24.05","-$25.66","$106.67","$81.01 (10/19/2025)","$115.86","$81.01","$165.00","-55.56","20","$2317.25"
"Munkidori 2025 Scarlet & Violet: Prismatic Evolutions #044/131 Reverse Holo CGC 10","-24.21","-$4.60","$19.00","$14.40 (10/19/2025)","$16.70","$14.40","$19.00","0.00","2","$33.40"
"Kangaskhan 2025 Scarlet & Violet: Destined Rivals #204/182 Illustration Rare CGC 10","-24.27","-$16.99","$69.99","$53.00 (10/22/2025)","$73.83","$27.00","$150.00","500.00","6","$442.99"
"Genesect ex 2025 Scarlet & Violet: Black Bolt #161/086 Ultra Rare (Full Art) PSA 9","-24.36","-$3.06","$12.56","$9.50 (10/23/2025)","$13.98","$9.00","$20.00","0.00","10","$139.76"
"Misty's Lapras 2025 Japanese Scarlet & Violet: Heat Wave Arena #072/063 Art Rare BGS 9.5","-24.69","-$7.05","$28.55","$21.50 (10/14/2025)","$26.79","$21.50","$37.15","100.00","4","$107.15"
"Lillie's Determination 2025 Japanese Mega Brave #91/63 Special Art Rare PSA 10","-24.70","-$269.00","$1089.00","$820.00 (10/24/2025)","$937.00","$820.00","$1089.00","-44.44","5","$4685.00"
"Arven's Mabosstiff ex 2025 Scarlet & Violet: Destined Rivals #235/182 Special Illustration Rare PSA 8","-24.87","-$7.45","$29.95","$22.50 (10/20/2025)","$26.82","$22.50","$29.95","200.00","3","$80.45"
"Treasure Tracker 2025 Scarlet & Violet: Prismatic Evolutions #131/131 Holo (ACE SPEC) PSA 8","-24.92","-$2.49","$9.99","$7.50 (10/23/2025)","$8.75","$7.50","$9.99","0.00","2","$17.49"
"Lillie's Clefairy ex 2025 Scarlet & Violet: Journey Together #056/159 Double Rare PSA 10","-24.93","-$9.97","$39.99","$30.02 (10/16/2025)","$40.00","$30.02","$50.00","-16.67","5","$200.01"
"Hop's Zacian ex 2025 Scarlet & Violet: Journey Together #176/159 Ultra Rare (Full Art) PSA 9","-24.96","-$4.99","$19.99","$15.00 (10/23/2025)","$16.76","$6.50","$23.19","-44.44","20","$335.11"
"Arven's Mabosstiff ex 2025 Japanese Scarlet & Violet: Heat Wave Arena #052/063 Double Rare PSA 10","-24.96","-$4.99","$19.99","$15.00 (10/20/2025)","$18.25","$15.00","$21.50","300.00","4","$72.99"
"Jolteon 2025 Scarlet & Violet: Prismatic Evolutions #029/131 Master Ball Reverse Holo PSA 10","-24.98","-$49.95","$199.95","$150.00 (10/09/2025)","$166.65","$150.00","$199.95","-40.00","3","$499.95"
"Scolipede 2025 Japanese Scarlet & Violet: Black Bolt #140/086 Art Rare PSA 10","-24.98","-$9.99","$39.99","$30.00 (10/23/2025)","$37.00","$30.00","$41.00","50.00","3","$110.99"
"Misty's Gyarados 2025 Japanese Scarlet & Violet: Heat Wave Arena #026/063 Holo CGC 9","-25.00","-$2.40","$9.60","$7.20 (10/05/2025)","$8.40","$7.20","$9.60","0.00","2","$16.80"
"Herdier 2025 Scarlet & Violet: White Flare #155/086 Illustration Rare PSA 9","-25.00","-$6.50","$26.00","$19.50 (10/17/2025)","$23.30","$14.99","$29.00","0.00","5","$116.49"
"Yanmega ex 2025 Scarlet & Violet: Destined Rivals #228/182 Special Illustration Rare BGS 9.5","-25.00","-$10.00","$40.00","$30.00 (10/23/2025)","$36.67","$30.00","$40.00","0.00","3","$110.00"
"Flareon 2025 Scarlet & Violet: Prismatic Evolutions #013/131 Holo PSA 9","-25.00","-$4.50","$18.00","$13.50 (10/23/2025)","$15.75","$13.50","$18.00","-50.00","2","$31.50"
"Mega Venusaur ex 2025 Japanese Mega Brave #76/63 Super Rare (Full Art) PSA 10","-25.00","-$25.00","$100.00","$75.00 (10/18/2025)","$98.17","$75.00","$120.00","-53.85","6","$589.01"
"Zekrom ex 2025 Scarlet & Violet: Black Bolt #158/086 Ultra Rare (Full Art) PSA 10","-25.00","-$30.00","$120.00","$90.00 (10/21/2025)","$102.67","$71.00","$150.00","-40.00","12","$1232.00"
"Eri 2025 Scarlet & Violet: Prismatic Evolutions #136/131 Ultra Rare (Full Art) PSA 9","-25.00","-$3.50","$14.00","$10.50 (10/20/2025)","$11.70","$5.29","$24.99","77.78","16","$187.14"
"Snorlax ex 2025 Scarlet & Violet: Prismatic Evolutions #076/131 Double Rare PSA 9","-25.02","-$6.26","$25.00","$18.74 (10/24/2025)","$18.62","$12.00","$25.00","22.22","11","$204.81"
"Glaceon 2025 Scarlet & Violet: Prismatic Evolutions #025/131 Holo CGC 10","-25.03","-$10.01","$40.00","$29.99 (10/15/2025)","$27.47","$16.80","$40.00","-11.11","8","$219.77"
"Purrloin 2025 Scarlet & Violet: White Flare #136/086 Illustration Rare PSA 9","-25.23","-$5.87","$23.27","$17.40 (10/23/2025)","$20.06","$17.40","$23.27","200.00","3","$60.18"
"Iono's Bellibolt ex 2025 Scarlet & Violet: Journey Together #172/159 Ultra Rare (Full Art) PSA 10","-25.23","-$10.13","$40.13","$30.00 (10/24/2025)","$39.23","$30.00","$53.00","-49.02","26","$1020.07"
"N's Plan 2025 Scarlet & Violet: Black Bolt #163/086 Ultra Rare (Full Art) CGC 10","-25.48","-$5.30","$20.80","$15.50 (10/20/2025)","$19.48","$15.50","$21.60","0.00","4","$77.90"
"Team Rocket's Ariana 2025 Scarlet & Violet: Destined Rivals #224/182 Ultra Rare (Full Art) PSA 10","-25.49","-$11.47","$45.00","$33.53 (10/24/2025)","$39.47","$20.50","$50.00","175.00","11","$434.22"
"Whimsicott ex 2025 Scarlet & Violet: White Flare #165/086 Special Illustration Rare PSA 10","-25.57","-$39.00","$152.50","$113.50 (10/19/2025)","$143.33","$113.50","$152.50","0.00","6","$860.00"
"Misty's Lapras 2025 Scarlet & Violet: Destined Rivals #194/182 Illustration Rare CGC 10","-25.58","-$27.50","$107.50","$80.00 (10/21/2025)","$92.66","$69.00","$132.00","333.33","13","$1204.61"
"Emcee's Hype 2025 Scarlet & Violet: Destined Rivals #220/182 Ultra Rare (Full Art) PSA 10","-25.62","-$12.04","$46.99","$34.95 (10/23/2025)","$46.68","$34.95","$62.99","50.00","9","$420.12"
"Team Rocket's Mewtwo ex 2025 Japanese Scarlet & Violet: Glory of Team Rocket #114/098 Super Rare (Full Art) CGC 10","-25.93","-$14.00","$54.00","$40.00 (10/19/2025)","$46.33","$40.00","$54.00","50.00","3","$139.00"
"Electrike 2025 Japanese Scarlet & Violet: Heat Wave Arena #073/063 Art Rare PSA 10","-25.98","-$9.09","$34.99","$25.90 (10/23/2025)","$34.14","$25.90","$39.99","50.00","6","$204.84"
"Sylveon 2025 Scarlet & Violet: Prismatic Evolutions #040/131 Poke Ball Reverse Holo PSA 10","-26.53","-$13.00","$49.00","$36.00 (10/06/2025)","$42.50","$36.00","$49.00","-75.00","2","$85.00"
"Team Rocket's Moltres ex 2025 Scarlet & Violet: Destined Rivals #208/182 Ultra Rare (Full Art) PSA 9","-26.64","-$7.99","$29.99","$22.00 (10/21/2025)","$28.51","$21.50","$44.09","266.67","11","$313.57"
"Team Rocket's Mewtwo ex 2025 Scarlet & Violet: Destined Rivals #081/182 Double Rare CGC 9","-26.67","-$4.80","$18.00","$13.20 (10/05/2025)","$15.60","$13.20","$18.00","-33.33","2","$31.20"
"Lillie's Determination 2025 Japanese Mega Brave #91/63 Special Art Rare PSA 9","-26.69","-$82.75","$310.00","$227.25 (10/19/2025)","$270.63","$222.50","$310.00","100.00","8","$2165.04"
"Zekrom ex 2025 Japanese Scarlet & Violet: Black Bolt #174/086 Black White Rare (Secret) PSA 9","-26.90","-$92.00","$342.00","$250.00 (10/23/2025)","$249.54","$174.81","$342.00","450.00","11","$2744.92"
"Misty's Lapras 2025 Japanese Scarlet & Violet: Heat Wave Arena #072/063 Art Rare CGC 9.5","-26.96","-$6.20","$23.00","$16.80 (10/19/2025)","$19.90","$16.80","$23.00","100.00","2","$39.80"
"Samurott 2025 Japanese Scarlet & Violet: White Flare #104/086 Art Rare CGC 10","-27.05","-$6.49","$23.99","$17.50 (10/19/2025)","$20.74","$17.50","$23.99","0.00","2","$41.49"
"Ortega 2025 Scarlet & Violet: Prismatic Evolutions #141/131 Ultra Rare (Full Art) PSA 9","-27.08","-$3.90","$14.40","$10.50 (10/18/2025)","$11.97","$10.50","$14.40","0.00","3","$35.90"
"Victini 2025 Japanese Scarlet & Violet: Black Bolt #097/086 Art Rare CGC 10","-27.09","-$10.70","$39.50","$28.80 (10/19/2025)","$35.43","$28.80","$39.50","200.00","3","$106.30"
"Fraxure 2025 Scarlet & Violet: Black Bolt #146/086 Illustration Rare PSA 10","-27.19","-$33.99","$124.99","$91.00 (10/18/2025)","$113.37","$91.00","$124.99","100.00","4","$453.49"
"Raikou 2025 Japanese Mega Symphonia #30/63 Holo CGC 10","-27.27","-$3.60","$13.20","$9.60 (10/05/2025)","$11.40","$9.60","$13.20","0.00","2","$22.80"
"Leafeon ex 2025 Scarlet & Violet: Prismatic Evolutions #144/131 Special Illustration Rare PSA 10","-27.50","-$275.00","$1000.00","$725.00 (10/22/2025)","$861.41","$593.00","$1230.00","-25.93","40","$34456.50"
"Iono's Bellibolt ex 2025 Scarlet & Violet: Journey Together #172/159 Ultra Rare (Full Art) CGC 9.5","-27.67","-$5.05","$18.25","$13.20 (10/05/2025)","$16.57","$13.20","$21.00","0.00","3","$49.70"
"Vullaby 2025 Japanese Scarlet & Violet: Black Bolt #144/086 Art Rare CGC 10","-27.92","-$4.35","$15.60","$11.25 (10/24/2025)","$12.40","$9.99","$15.60","0.00","4","$49.59"
"Rotom 2025 Japanese Scarlet & Violet: Heat Wave Arena #074/063 Art Rare CGC 10","-28.08","-$3.51","$12.50","$8.99 (10/05/2025)","$10.75","$8.99","$12.50","-77.78","2","$21.49"
"Mandibuzz 2025 Scarlet & Violet: White Flare #145/086 Illustration Rare PSA 10","-28.09","-$25.00","$89.00","$64.00 (10/24/2025)","$77.54","$64.00","$89.00","-40.00","3","$232.63"
"Seismitoad 2025 Scarlet & Violet: Black Bolt #105/086 Illustration Rare CGC 10","-28.10","-$281.00","$1000.00","$719.00 (10/16/2025)","$859.50","$719.00","$1000.00","0.00","2","$1719.00"
"Kyurem ex 2025 Japanese Scarlet & Violet: Black Bolt #168/086 Special Art Rare CGC 10","-28.21","-$13.20","$46.80","$33.60 (10/19/2025)","$52.54","$33.60","$83.77","-20.00","4","$210.17"
"Ethan's Adventure 2025 Scarlet & Violet: Destined Rivals #221/182 Ultra Rare (Full Art) PSA 9","-28.21","-$5.50","$19.50","$14.00 (10/23/2025)","$14.96","$4.25","$26.00","75.00","7","$104.70"
"Acerola's Mischief 2025 Japanese Mega Symphonia #90/63 Special Art Rare CGC 10","-28.26","-$31.20","$110.40","$79.20 (10/19/2025)","$94.80","$79.20","$110.40","0.00","2","$189.60"
"Espeon 2025 Scarlet & Violet: Prismatic Evolutions #033/131 Master Ball Reverse Holo PSA 10","-28.34","-$98.85","$348.85","$250.00 (10/23/2025)","$301.62","$250.00","$348.85","-25.00","3","$904.85"
"Hilda 2025 Japanese Scarlet & Violet: White Flare #166/086 Super Rare (Full Art) PSA 10","-28.60","-$26.84","$93.84","$67.00 (10/19/2025)","$87.25","$67.00","$100.00","20.00","6","$523.51"
"Victini 2025 Scarlet & Violet: Black Bolt #171/086 Black White Rare (Secret) PSA 10","-28.69","-$387.25","$1350.00","$962.75 (10/23/2025)","$1167.66","$841.00","$1650.00","59.52","67","$78232.95"
"Blaziken 2025 Scarlet & Violet: Destined Rivals #192/182 Illustration Rare CGC 10","-28.76","-$21.40","$74.40","$53.00 (10/22/2025)","$71.68","$53.00","$81.60","0.00","5","$358.40"
"Bulbasaur 2025 Japanese Mega Brave #64/63 Art Rare CGC 10","-29.21","-$10.87","$37.20","$26.33 (10/24/2025)","$32.19","$21.60","$50.00","-13.64","38","$1223.36"
"Harlequin 2025 Scarlet & Violet: White Flare #163/086 Ultra Rare (Full Art) PSA 10","-29.31","-$17.00","$58.00","$41.00 (10/19/2025)","$43.95","$22.50","$71.00","233.33","10","$439.50"
"Arven's Greedent 2025 Scarlet & Violet: Destined Rivals #205/182 Illustration Rare CGC 10","-29.40","-$6.35","$21.60","$15.25 (10/10/2025)","$17.37","$15.00","$21.60","0.00","3","$52.10"
"Leafeon 2025 Scarlet & Violet: Prismatic Evolutions #005/131 Holo CGC 10","-29.41","-$5.00","$17.00","$12.00 (10/12/2025)","$14.50","$12.00","$17.00","0.00","2","$29.00"
"Misty's Lapras 2025 Japanese Scarlet & Violet: Heat Wave Arena #072/063 Art Rare BGS 10 Pristine","-29.44","-$27.54","$93.54","$66.00 (10/08/2025)","$79.77","$66.00","$93.54","0.00","2","$159.54"
"Crustle 2025 Japanese Scarlet & Violet: Black Bolt #136/086 Art Rare CGC 10","-29.80","-$7.75","$25.99","$18.24 (10/20/2025)","$20.83","$8.50","$27.99","0.00","3","$62.48"
"Mega Kangaskhan ex 2025 Mega Evolution #182/132 Special Illustration Rare CGC 10","-29.96","-$81.50","$272.00","$190.50 (10/20/2025)","$231.25","$190.50","$272.00","0.00","2","$462.50"
"Palafin ex 2025 Scarlet & Violet: Prismatic Evolutions #151/131 Special Illustration Rare PSA 9","-30.00","-$19.50","$65.00","$45.50 (10/23/2025)","$57.78","$41.00","$74.95","-56.25","7","$404.43"
"Iris's Fighting Spirit 2025 Scarlet & Violet: Journey Together #180/159 Ultra Rare (Full Art) PSA 10","-30.00","-$12.00","$40.00","$28.00 (10/20/2025)","$37.20","$28.00","$43.02","-16.67","5","$186.02"
"Kyurem ex 2025 Japanese Scarlet & Violet: Black Bolt #168/086 Special Art Rare PSA 10","-30.21","-$35.50","$117.50","$82.00 (10/23/2025)","$106.72","$82.00","$150.00","33.33","16","$1707.48"
"Cubchoo 2025 Scarlet & Violet: Black Bolt #109/086 Illustration Rare PSA 9","-30.26","-$7.55","$24.95","$17.40 (10/23/2025)","$32.36","$17.40","$49.99","250.00","7","$226.53"
"Team Rocket's Houndoom 2025 Scarlet & Violet: Destined Rivals #191/182 Illustration Rare PSA 8","-30.43","-$7.00","$23.00","$16.00 (10/14/2025)","$20.33","$16.00","$23.00","-25.00","3","$61.00"
"Zamazenta 2025 Japanese Scarlet & Violet: Glory of Team Rocket #107/098 Art Rare SGC 10","-30.53","-$5.50","$18.00","$12.50 (10/24/2025)","$14.34","$9.50","$18.00","200.00","3","$43.01"
"Ivysaur 2025 Japanese Mega Brave #65/63 Art Rare CGC 10","-30.56","-$11.00","$36.00","$25.00 (10/24/2025)","$26.08","$20.40","$37.20","41.18","48","$1251.74"
"Solosis 2025 Scarlet & Violet: Black Bolt #118/086 Illustration Rare PSA 9","-30.57","-$67.25","$220.00","$152.75 (10/17/2025)","$167.94","$100.00","$255.00","0.00","8","$1343.52"
"Hilda 2025 Scarlet & Violet: White Flare #164/086 Ultra Rare (Full Art) PSA 10","-30.67","-$38.34","$125.00","$86.66 (10/23/2025)","$95.23","$66.00","$127.50","275.00","15","$1428.39"
"Mega Charizard X ex 2025 Japanese Mega: Inferno X #94/80 Super Rare (Full Art) PSA 10","-30.70","-$124.32","$405.00","$280.68 (10/23/2025)","$332.26","$202.50","$535.00","0.00","27","$8971.14"
"Keldeo ex 2025 Japanese Scarlet & Violet: White Flare #169/086 Special Art Rare PSA 10","-30.88","-$32.58","$105.50","$72.92 (10/24/2025)","$91.49","$72.92","$125.00","66.67","10","$914.91"
"Yanmega ex 2025 Japanese Scarlet & Violet: Heat Wave Arena #085/063 Special Art Rare PSA 10","-30.88","-$10.50","$34.00","$23.50 (10/18/2025)","$29.50","$23.50","$34.00","50.00","3","$88.50"
"Atticus 2025 Scarlet & Violet: Prismatic Evolutions #134/131 Ultra Rare (Full Art) PSA 10","-31.00","-$9.30","$30.00","$20.70 (10/18/2025)","$25.05","$17.50","$32.00","300.00","4","$100.20"
"Team Rocket's Crobat ex 2025 Scarlet & Violet: Destined Rivals #234/182 Special Illustration Rare PSA 9","-31.10","-$32.50","$104.50","$72.00 (10/14/2025)","$102.04","$72.00","$143.50","14.29","16","$1632.60"
"Zekrom ex 2025 Japanese Scarlet & Violet: Black Bolt #169/086 Special Art Rare CGC 10","-31.21","-$51.50","$165.00","$113.50 (10/17/2025)","$147.83","$113.50","$168.00","50.00","3","$443.50"
"Lillie's Ribombee 2025 Japanese Scarlet & Violet: Battle Partners #105/100 Art Rare PSA 9","-31.22","-$7.49","$23.99","$16.50 (10/16/2025)","$20.26","$16.46","$26.12","-57.14","6","$121.57"
"Hilda 2025 Japanese Scarlet & Violet: White Flare #173/086 Special Art Rare PSA 10","-31.28","-$75.07","$240.00","$164.93 (10/19/2025)","$201.86","$152.50","$250.00","100.00","10","$2018.57"
"Iono's Bellibolt ex 2025 Scarlet & Violet: Journey Together #188/159 Hyper Rare (Secret) PSA 9","-31.29","-$6.00","$19.17","$13.17 (10/21/2025)","$17.25","$10.50","$25.00","-44.44","15","$258.68"
"Mega Charizard X ex 2025 Japanese Mega: Inferno X #110/80 Special Art Rare BGS 9.5","-31.37","-$525.63","$1675.63","$1150.00 (10/20/2025)","$1327.27","$1113.00","$1675.63","0.00","6","$7963.63"
"N's Zoroark ex 2025 Japanese Scarlet & Violet: Battle Partners #127/100 Special Art Rare CGC 10","-31.37","-$17.37","$55.37","$38.00 (10/17/2025)","$41.84","$35.00","$55.37","100.00","4","$167.37"
"Salamence ex 2025 Japanese Scarlet & Violet: Battle Partners #119/100 Super Rare (Full Art) PSA 10","-31.39","-$10.98","$34.99","$24.01 (10/12/2025)","$33.60","$23.05","$49.99","66.67","5","$167.99"
"Audino 2025 Scarlet & Violet: Black Bolt #151/086 Illustration Rare PSA 9","-31.43","-$5.50","$17.50","$12.00 (10/24/2025)","$21.98","$12.00","$35.00","100.00","6","$131.90"
"Team Rocket's Ariana 2025 Scarlet & Violet: Destined Rivals #224/182 Ultra Rare (Full Art) BGS 9.5","-31.55","-$5.30","$16.80","$11.50 (10/14/2025)","$14.15","$11.50","$16.80","0.00","2","$28.30"
"Shaymin 2025 Japanese Scarlet & Violet: Heat Wave Arena #066/063 Art Rare PSA 10","-31.58","-$12.00","$38.00","$26.00 (10/19/2025)","$35.00","$26.00","$49.99","-9.09","10","$349.96"
"Maractus 2025 Japanese Scarlet & Violet: Battle Partners #101/100 Art Rare BGS 10 Pristine","-31.63","-$9.49","$30.00","$20.51 (10/14/2025)","$25.26","$20.51","$30.00","0.00","2","$50.51"
"Mega Gardevoir ex 2025 Japanese Mega Symphonia #87/63 Special Art Rare PSA 9","-31.70","-$77.75","$245.25","$167.50 (10/20/2025)","$219.33","$167.50","$255.00","0.00","3","$658.00"
"Sylveon 2025 Scarlet & Violet: Prismatic Evolutions #040/131 Master Ball Reverse Holo PSA 9","-31.82","-$7.00","$22.00","$15.00 (10/22/2025)","$22.94","$15.00","$35.14","-14.29","6","$137.64"
"Bloodmoon Ursaluna ex 2025 Scarlet & Violet: Prismatic Evolutions #168/131 Special Illustration Rare PSA 10","-31.82","-$105.00","$330.00","$225.00 (10/15/2025)","$317.99","$225.00","$375.01","-35.29","11","$3497.94"
"Exeggutor 2025 Japanese Mega Brave #66/63 Art Rare PSA 10","-31.99","-$16.16","$50.50","$34.34 (10/23/2025)","$37.19","$20.50","$51.00","0.00","14","$520.69"
"Escavalier 2025 Scarlet & Violet: Black Bolt #138/086 Illustration Rare CGC 10","-32.02","-$7.30","$22.80","$15.50 (10/12/2025)","$19.15","$15.50","$22.80","0.00","2","$38.30"
"Vanillish 2025 Scarlet & Violet: White Flare #112/086 Illustration Rare PSA 9","-32.26","-$5.00","$15.50","$10.50 (10/24/2025)","$12.13","$7.50","$15.50","300.00","4","$48.50"
"Janine's Secret Art 2025 Scarlet & Violet: Prismatic Evolutions #173/131 Special Illustration Rare PSA 9","-32.43","-$9.60","$29.60","$20.00 (10/20/2025)","$25.53","$20.00","$29.60","50.00","3","$76.60"
"Mega Gardevoir ex 2025 Mega Evolution #187/132 Mega Hyper Rare (Secret) PSA 8","-32.50","-$182.00","$560.00","$378.00 (10/23/2025)","$434.50","$378.00","$560.00","0.00","4","$1738.00"
"Zweilous 2025 Scarlet & Violet: White Flare #147/086 Illustration Rare PSA 9","-32.69","-$8.50","$26.00","$17.50 (10/24/2025)","$21.33","$17.50","$26.00","0.00","3","$64.00"
"Blaziken 2025 Scarlet & Violet: Destined Rivals #192/182 Illustration Rare CGC 9.5","-32.80","-$8.20","$25.00","$16.80 (10/05/2025)","$20.90","$16.80","$25.00","0.00","2","$41.80"
"Ethan's Ho-Oh ex 2025 Scarlet & Violet: Destined Rivals #239/182 Hyper Rare (Secret) BGS 9.5","-32.93","-$16.20","$49.20","$33.00 (10/23/2025)","$41.10","$33.00","$49.20","100.00","2","$82.20"
"Oshawott 2025 Japanese Scarlet & Violet: White Flare #102/086 Art Rare PSA 10","-32.96","-$59.00","$179.00","$120.00 (10/24/2025)","$129.59","$95.00","$179.00","16.67","7","$907.15"
"Amarys 2025 Scarlet & Violet: Prismatic Evolutions #170/131 Special Illustration Rare PSA 9","-33.21","-$8.95","$26.95","$18.00 (10/09/2025)","$22.48","$18.00","$26.95","0.00","2","$44.95"
"Maractus 2025 Japanese Scarlet & Violet: Battle Partners #101/100 Art Rare BGS 9.5","-33.27","-$4.99","$15.00","$10.01 (10/24/2025)","$12.50","$10.01","$15.00","0.00","2","$25.01"
"Marshadow 2025 Mega Evolution #146/132 Illustration Rare PSA 10","-33.28","-$209.50","$629.50","$420.00 (10/24/2025)","$435.50","$265.00","$630.00","0.00","12","$5225.98"
"Umbreon 2025 Scarlet & Violet: Prismatic Evolutions #059/131 Holo CGC 9","-33.33","-$4.00","$12.00","$8.00 (10/20/2025)","$8.49","$3.25","$12.00","0.00","5","$42.45"
"Golurk 2025 Scarlet & Violet: Black Bolt #123/086 Illustration Rare PSA 9","-33.33","-$5.00","$15.00","$10.00 (10/12/2025)","$13.33","$10.00","$15.00","0.00","3","$40.00"
"Dudunsparce ex 2025 Japanese Scarlet & Violet: Battle Partners #120/100 Super Rare (Full Art) PSA 10","-33.33","-$9.00","$27.00","$18.00 (10/09/2025)","$22.50","$18.00","$27.00","0.00","2","$45.00"
"N's Zoroark ex 2025 Scarlet & Violet: Journey Together #189/159 Hyper Rare (Secret) CGC 10","-33.33","-$20.00","$60.00","$40.00 (10/14/2025)","$50.00","$40.00","$60.00","100.00","2","$100.00"
"Misty's Psyduck 2025 Japanese Scarlet & Violet: Heat Wave Arena #071/063 Art Rare CGC 8.5","-33.33","-$8.00","$24.00","$16.00 (10/22/2025)","$20.00","$16.00","$24.00","100.00","2","$40.00"
"Rotom 2025 Scarlet & Violet: Destined Rivals #197/182 Illustration Rare PSA 9","-33.33","-$5.00","$15.00","$10.00 (10/21/2025)","$15.96","$10.00","$24.99","-25.00","12","$191.48"
"Lillipup 2025 Scarlet & Violet: White Flare #154/086 Illustration Rare PSA 10","-33.39","-$98.50","$295.00","$196.50 (10/23/2025)","$193.50","$130.00","$295.00","0.00","4","$774.00"
"Iris's Fighting Spirit 2025 Scarlet & Violet: Journey Together #180/159 Ultra Rare (Full Art) PSA 9","-33.77","-$3.85","$11.40","$7.55 (10/20/2025)","$13.02","$6.00","$24.00","60.00","8","$104.19"
"Iron Hands ex 2025 Scarlet & Violet: Prismatic Evolutions #154/131 Special Illustration Rare CGC 10","-33.91","-$23.40","$69.00","$45.60 (10/19/2025)","$57.30","$45.60","$69.00","100.00","2","$114.60"
"Spiky Energy 2025 Scarlet & Violet: Journey Together #190/159 Hyper Rare (Secret) PSA 9","-33.96","-$4.89","$14.40","$9.51 (10/17/2025)","$10.82","$7.50","$15.00","100.00","6","$64.90"
"Alakazam 2025 Japanese Mega Symphonia #71/63 Art Rare CGC 10","-34.03","-$9.80","$28.80","$19.00 (10/23/2025)","$24.78","$16.80","$33.60","112.50","34","$842.40"
"Golurk 2025 Japanese Scarlet & Violet: Black Bolt #129/086 Art Rare PSA 10","-34.12","-$12.95","$37.95","$25.00 (10/18/2025)","$35.23","$25.00","$40.00","-20.00","4","$140.90"
"N's Plan 2025 Scarlet & Violet: Black Bolt #163/086 Ultra Rare (Full Art) PSA 8","-34.17","-$5.13","$15.00","$9.88 (10/18/2025)","$11.58","$4.25","$15.50","0.00","3","$34.75"
"Pignite 2025 Scarlet & Violet: White Flare #097/086 Illustration Rare PSA 10","-34.17","-$41.00","$120.00","$79.00 (10/14/2025)","$99.50","$79.00","$120.00","100.00","2","$199.00"
"Volcanion ex 2025 Japanese Scarlet & Violet: Battle Partners #124/100 Special Art Rare CGC 10","-34.21","-$6.50","$19.00","$12.50 (10/18/2025)","$16.83","$12.50","$19.00","200.00","3","$50.50"
"Litleo 2025 Scarlet & Violet: Prismatic Evolutions #015/131 Poke Ball Reverse Holo PSA 10","-34.21","-$7.80","$22.80","$15.00 (10/19/2025)","$18.90","$15.00","$22.80","0.00","2","$37.80"
"Mamoswine ex 2025 Japanese Scarlet & Violet: Battle Partners #116/100 Super Rare (Full Art) PSA 10","-34.30","-$12.00","$34.99","$22.99 (10/21/2025)","$28.99","$22.99","$34.99","0.00","2","$57.98"
"Volcanion ex 2025 Japanese Scarlet & Violet: Battle Partners #113/100 Super Rare (Full Art) PSA 10","-34.38","-$11.00","$32.00","$21.00 (10/15/2025)","$21.50","$11.50","$32.00","0.00","3","$64.50"
"Beartic 2025 Scarlet & Violet: Black Bolt #110/086 Illustration Rare PSA 9","-34.40","-$8.60","$25.00","$16.40 (10/22/2025)","$18.57","$13.50","$25.00","0.00","5","$92.84"
"Sandy Shocks ex 2025 Scarlet & Violet: Prismatic Evolutions #159/131 Special Illustration Rare PSA 9","-34.41","-$11.18","$32.48","$21.30 (10/19/2025)","$34.09","$21.30","$50.00","60.00","8","$272.69"
"Brock's Scouting 2025 Scarlet & Violet: Journey Together #179/159 Ultra Rare (Full Art) PSA 8","-34.42","-$4.34","$12.61","$8.27 (10/18/2025)","$10.44","$8.27","$12.61","100.00","2","$20.88"
"Bulbasaur 2025 Japanese Mega Brave #64/63 Art Rare PSA 10","-34.51","-$47.37","$137.25","$89.88 (10/24/2025)","$110.30","$59.10","$169.99","118.75","35","$3860.39"
"Umbreon 2025 Scarlet & Violet: Prismatic Evolutions #059/131 Holo PSA 9","-34.52","-$5.80","$16.80","$11.00 (10/23/2025)","$13.32","$7.99","$19.99","-11.76","15","$199.74"
"Lucario ex 2025 Scarlet & Violet: Prismatic Evolutions #051/131 Double Rare PSA 9","-34.52","-$5.80","$16.80","$11.00 (10/16/2025)","$11.10","$5.50","$16.80","0.00","3","$33.30"
"Zekrom ex 2025 Japanese Scarlet & Violet: Black Bolt #037/086 Double Rare CGC 10","-34.62","-$4.50","$13.00","$8.50 (10/20/2025)","$11.07","$8.50","$13.00","-55.56","4","$44.30"
"Eevee ex 2025 Scarlet & Violet: Black Star Promo #SVP174 Super-Premium Collection BGS 9","-34.62","-$18.00","$52.00","$34.00 (10/15/2025)","$43.00","$34.00","$52.00","0.00","2","$86.00"
"Zamazenta 2025 Scarlet & Violet: Destined Rivals #201/182 Illustration Rare PSA 7","-34.67","-$3.45","$9.95","$6.50 (10/07/2025)","$8.22","$6.50","$9.95","100.00","2","$16.45"
"Umbreon 2025 Scarlet & Violet: Prismatic Evolutions #059/131 Reverse Holo CGC 9","-34.72","-$3.75","$10.80","$7.05 (10/20/2025)","$9.28","$7.05","$10.80","0.00","3","$27.85"
"Cynthia's Garchomp ex 2025 Scarlet & Violet: Destined Rivals #241/182 Hyper Rare (Secret) PSA 9","-34.89","-$12.59","$36.09","$23.50 (10/24/2025)","$38.96","$23.50","$49.99","-9.09","10","$389.65"
"Kyurem ex 2025 Scarlet & Violet: Black Bolt #157/086 Ultra Rare (Full Art) CGC 10","-34.90","-$6.70","$19.20","$12.50 (10/12/2025)","$16.57","$12.50","$19.20","-25.00","3","$49.70"
"Zoroark 2025 Scarlet & Violet: White Flare #143/086 Illustration Rare PSA 9","-34.95","-$20.95","$59.95","$39.00 (10/23/2025)","$47.25","$39.00","$59.95","600.00","7","$330.76"
"Cynthia's Garchomp ex 2025 Japanese Scarlet & Violet: Heat Wave Arena #080/063 Super Rare (Full Art) BGS 9.5","-35.00","-$7.00","$20.00","$13.00 (10/19/2025)","$16.50","$13.00","$20.00","0.00","2","$33.00"
"Wailord 2025 Japanese Scarlet & Violet: Battle Partners #103/100 Art Rare PSA 9","-35.00","-$7.00","$20.00","$13.00 (10/19/2025)","$16.28","$10.00","$20.00","-57.89","8","$130.25"
"Ivysaur 2025 Japanese Mega Brave #65/63 Art Rare PSA 10","-35.43","-$39.50","$111.50","$72.00 (10/24/2025)","$91.23","$59.45","$113.00","128.57","16","$1459.67"
"Pikachu ex 2025 Scarlet & Violet: Prismatic Evolutions #179/131 Hyper Rare (Secret) CGC 9","-35.53","-$27.00","$76.00","$49.00 (10/24/2025)","$57.00","$49.00","$76.00","0.00","4","$228.00"
"Glaceon ex 2025 Scarlet & Violet: Prismatic Evolutions #026/131 Double Rare PSA 10","-35.59","-$21.00","$59.00","$38.00 (10/24/2025)","$43.78","$30.00","$70.00","5.88","18","$788.06"
"Eevee ex 2025 Scarlet & Violet: Prismatic Evolutions #167/131 Special Illustration Rare CGC 10","-35.71","-$125.00","$350.00","$225.00 (10/06/2025)","$287.50","$225.00","$350.00","-33.33","2","$575.00"
"Mega Absol ex 2025 Japanese Mega Brave #79/63 Super Rare (Full Art) CGC 8.5","-35.71","-$6.00","$16.80","$10.80 (10/19/2025)","$12.80","$10.80","$16.80","0.00","3","$38.40"
"Inteleon 2025 Mega Evolution #142/132 Illustration Rare CGC 10","-35.92","-$14.01","$39.00","$24.99 (10/14/2025)","$31.99","$24.99","$39.00","0.00","2","$63.99"
"Hop's Snorlax 2025 Japanese Scarlet & Violet: Battle Partners #075/100 Holo PSA 10","-36.43","-$17.19","$47.19","$30.00 (10/18/2025)","$38.59","$30.00","$47.19","0.00","2","$77.19"
"Sylveon ex 2025 Scarlet & Violet: Prismatic Evolutions #041/131 Double Rare PSA 9","-36.59","-$7.50","$20.50","$13.00 (10/24/2025)","$18.65","$13.00","$20.52","-37.50","10","$186.52"
"Cobalion 2025 Japanese Scarlet & Violet: Black Bolt #149/086 Art Rare CGC 10","-36.67","-$5.50","$15.00","$9.50 (10/20/2025)","$18.25","$9.50","$27.99","100.00","4","$72.99"
"Zekrom ex 2025 Scarlet & Violet: Black Bolt #166/086 Special Illustration Rare PSA 9","-36.81","-$132.50","$360.00","$227.50 (10/23/2025)","$237.82","$187.50","$360.00","4.76","22","$5232.03"
"Jolteon 2025 Scarlet & Violet: Prismatic Evolutions #029/131 Holo PSA 9","-37.04","-$5.00","$13.50","$8.50 (10/23/2025)","$10.32","$5.50","$13.80","-20.00","4","$41.30"
"Beartic 2025 Japanese Scarlet & Violet: Black Bolt #114/086 Art Rare CGC 10","-37.04","-$5.00","$13.50","$8.50 (10/24/2025)","$16.13","$8.50","$25.99","100.00","4","$64.50"
"Iron Crown ex 2025 Scarlet & Violet: Prismatic Evolutions #158/131 Special Illustration Rare PSA 9","-37.08","-$13.35","$36.00","$22.65 (10/20/2025)","$33.22","$22.65","$41.00","-62.50","3","$99.65"
"Marshadow 2025 Japanese Mega Brave #69/63 Art Rare CGC 9","-37.14","-$7.80","$21.00","$13.20 (10/19/2025)","$19.92","$13.20","$24.00","66.67","5","$99.60"
"Oshawott 2025 Japanese Scarlet & Violet: White Flare #102/086 Art Rare CGC 10","-37.18","-$29.00","$78.00","$49.00 (10/18/2025)","$50.12","$23.49","$78.00","-20.00","4","$200.48"
"Suicune 2025 Scarlet & Violet: Prismatic Evolutions #024/131 Poke Ball Reverse Holo CGC 9","-37.50","-$3.60","$9.60","$6.00 (10/21/2025)","$7.80","$6.00","$9.60","0.00","2","$15.60"
"Team Rocket's Nidoking ex 2025 Scarlet & Violet: Destined Rivals #233/182 Special Illustration Rare CGC 10","-37.50","-$150.00","$400.00","$250.00 (10/24/2025)","$325.00","$250.00","$400.00","100.00","2","$650.00"
"Friends in Paldea 2025 Scarlet & Violet: Prismatic Evolutions #137/131 Ultra Rare (Full Art) PSA 9","-37.50","-$4.50","$12.00","$7.50 (10/19/2025)","$11.36","$7.50","$15.00","-68.75","5","$56.80"
"Pikachu ex 2025 Scarlet & Violet: Prismatic Evolutions #028/131 Double Rare PSA 8","-37.52","-$9.00","$23.99","$14.99 (10/14/2025)","$17.16","$12.50","$23.99","50.00","3","$51.48"
"Hydreigon ex 2025 Japanese Scarlet & Violet: White Flare #171/086 Special Art Rare PSA 10","-37.92","-$58.04","$153.04","$95.00 (10/23/2025)","$122.93","$95.00","$153.04","183.33","17","$2089.87"
"Team Rocket's Crobat ex 2025 Scarlet & Violet: Destined Rivals #242/182 Hyper Rare (Secret) PSA 9","-37.93","-$11.00","$29.00","$18.00 (10/20/2025)","$26.67","$18.00","$31.00","100.00","6","$160.00"
"Team Rocket's Weezing 2025 Japanese Scarlet & Violet: Glory of Team Rocket #105/098 Art Rare PSA 10","-37.97","-$15.00","$39.50","$24.50 (10/24/2025)","$38.57","$24.50","$56.00","44.44","26","$1002.93"
"Espeon ex 2025 Scarlet & Violet: Prismatic Evolutions #034/131 Double Rare CGC 10","-38.30","-$12.41","$32.40","$19.99 (10/16/2025)","$24.86","$19.99","$32.40","300.00","4","$99.43"
"Joltik 2025 Scarlet & Violet: White Flare #116/086 Illustration Rare PSA 9","-38.33","-$11.50","$30.00","$18.50 (10/23/2025)","$20.16","$15.50","$30.00","400.00","5","$100.81"
"Swoobat 2025 Scarlet & Violet: White Flare #120/086 Illustration Rare PSA 9","-38.46","-$10.00","$26.00","$16.00 (10/24/2025)","$18.00","$12.50","$26.00","300.00","4","$72.00"
"Espeon 2025 Scarlet & Violet: Prismatic Evolutions #033/131 Holo PSA 9","-38.64","-$8.50","$22.00","$13.50 (10/23/2025)","$14.38","$9.20","$22.00","25.00","5","$71.90"
"Team Rocket's Ariana 2025 Scarlet & Violet: Destined Rivals #237/182 Special Illustration Rare PSA 9","-38.64","-$17.00","$44.00","$27.00 (10/14/2025)","$37.98","$27.00","$44.00","-44.44","5","$189.88"
"Yamask 2025 Scarlet & Violet: White Flare #122/086 Illustration Rare PSA 9","-38.65","-$11.59","$29.99","$18.40 (10/15/2025)","$24.20","$18.40","$29.99","0.00","2","$48.39"
"Genesect ex 2025 Japanese Scarlet & Violet: Black Bolt #172/086 Special Art Rare PSA 10","-38.70","-$44.50","$115.00","$70.50 (10/23/2025)","$74.58","$51.00","$115.00","66.67","5","$372.90"
"Eelektrik 2025 Scarlet & Violet: Black Bolt #031/086 Master Ball Reverse Holo PSA 9","-38.76","-$5.62","$14.50","$8.88 (10/18/2025)","$11.69","$8.88","$14.50","0.00","2","$23.38"
"Krookodile 2025 Scarlet & Violet: Black Bolt #137/086 Illustration Rare PSA 9","-38.89","-$35.00","$90.00","$55.00 (10/16/2025)","$61.13","$40.50","$90.00","0.00","4","$244.50"
"Swoobat 2025 Scarlet & Violet: White Flare #120/086 Illustration Rare PSA 10","-39.29","-$55.00","$140.00","$85.00 (10/21/2025)","$119.17","$85.00","$140.00","0.00","3","$357.50"
"Foongus 2025 Scarlet & Violet: Black Bolt #095/086 Illustration Rare PSA 9","-39.48","-$11.84","$29.99","$18.15 (10/24/2025)","$24.07","$18.15","$29.99","-33.33","2","$48.14"
"Tynamo 2025 Scarlet & Violet: Black Bolt #113/086 Illustration Rare PSA 9","-39.55","-$17.66","$44.66","$27.00 (10/23/2025)","$31.93","$17.50","$79.00","0.00","8","$255.44"
"Brock's Scouting 2025 Scarlet & Violet: Journey Together #179/159 Ultra Rare (Full Art) PSA 10","-39.58","-$18.80","$47.50","$28.70 (10/22/2025)","$38.10","$28.70","$47.50","-33.33","2","$76.20"
"Salamence ex 2025 Scarlet & Violet: Journey Together #187/159 Special Illustration Rare BGS 9.5","-39.77","-$79.23","$199.23","$120.00 (10/24/2025)","$159.62","$120.00","$199.23","0.00","2","$319.23"
"Panpour 2025 Japanese Scarlet & Violet: Black Bolt #105/086 Art Rare CGC 10","-39.98","-$10.39","$25.99","$15.60 (10/05/2025)","$20.79","$15.60","$25.99","0.00","2","$41.59"
"Cynthia's Roserade 2025 Scarlet & Violet: Destined Rivals #184/182 Illustration Rare CGC 9","-40.00","-$7.20","$18.00","$10.80 (10/19/2025)","$15.84","$10.80","$18.00","0.00","5","$79.20"
"Mega Absol ex 2025 Japanese Mega Brave #89/63 Special Art Rare PSA 10","-40.00","-$80.00","$200.00","$120.00 (10/22/2025)","$153.87","$102.50","$210.00","0.00","21","$3231.26"
"Reshiram ex 2025 Japanese Scarlet & Violet: White Flare #017/086 Double Rare CGC 10","-40.18","-$4.42","$11.00","$6.58 (10/22/2025)","$10.05","$6.00","$13.00","-23.08","10","$100.46"
"Exeggutor 2025 Japanese Mega Brave #66/63 Art Rare CGC 10","-40.48","-$6.80","$16.80","$10.00 (10/20/2025)","$16.59","$10.00","$22.80","87.50","15","$248.80"
"Team Rocket's Tyranitar 2025 Scarlet & Violet: Destined Rivals #096/182 Holo PSA 9","-40.52","-$27.59","$68.09","$40.50 (10/22/2025)","$55.89","$22.08","$105.46","16.67","14","$782.44"
"Team Rocket's Mewtwo ex 2025 Scarlet & Violet: Destined Rivals #081/182 Double Rare PSA 10","-40.85","-$29.00","$71.00","$42.00 (10/23/2025)","$58.34","$40.70","$75.00","5.88","18","$1050.09"
"N's Plan 2025 Scarlet & Violet: Black Bolt #170/086 Special Illustration Rare PSA 10","-40.86","-$128.71","$315.00","$186.29 (10/19/2025)","$269.11","$179.37","$325.00","54.55","17","$4574.82"
"Eevee ex 2025 Scarlet & Violet: Black Star Promo #SVP174 Super-Premium Collection CGC 9","-41.56","-$16.00","$38.50","$22.50 (10/24/2025)","$33.05","$22.50","$46.00","62.50","13","$429.70"
"Cynthia's Roserade 2025 Scarlet & Violet: Destined Rivals #008/182 Holo PSA 8","-41.65","-$12.49","$29.99","$17.50 (10/24/2025)","$19.09","$13.50","$29.99","100.00","4","$76.34"
"Crustle 2025 Scarlet & Violet: Destined Rivals #186/182 Illustration Rare PSA 9","-41.67","-$7.50","$18.00","$10.50 (10/19/2025)","$13.50","$9.99","$18.00","150.00","5","$67.49"
"Duosion 2025 Scarlet & Violet: Black Bolt #119/086 Illustration Rare PSA 9","-41.88","-$10.45","$24.95","$14.50 (10/24/2025)","$19.73","$14.50","$24.95","0.00","2","$39.45"
"Sandile 2025 Scarlet & Violet: Black Bolt #135/086 Illustration Rare PSA 9","-42.33","-$8.44","$19.94","$11.50 (10/09/2025)","$15.72","$11.50","$19.94","0.00","2","$31.44"
"Furret 2025 Japanese Scarlet & Violet: Battle Partners #110/100 Art Rare PSA 9","-42.40","-$10.60","$25.00","$14.40 (10/22/2025)","$17.53","$5.50","$25.00","25.00","5","$87.66"
"Umbreon 2025 Scarlet & Violet: Prismatic Evolutions #059/131 Holo CGC 10","-42.50","-$8.50","$20.00","$11.50 (10/20/2025)","$15.75","$11.50","$20.00","-60.00","2","$31.50"
"Suicune 2025 Scarlet & Violet: Prismatic Evolutions #024/131 Master Ball Reverse Holo PSA 10","-42.78","-$85.57","$200.00","$114.43 (10/01/2025)","$157.22","$114.43","$200.00","0.00","2","$314.43"
"Gumshoos 2025 Mega Evolution #153/132 Illustration Rare PSA 10","-42.84","-$14.99","$34.99","$20.00 (10/18/2025)","$29.20","$19.20","$48.00","0.00","6","$175.19"
"Victini 2025 Scarlet & Violet: Black Bolt #012/086 Master Ball Reverse Holo PSA 9","-43.33","-$6.50","$15.00","$8.50 (10/10/2025)","$11.75","$8.50","$15.00","0.00","2","$23.50"
"Alakazam 2025 Japanese Mega Symphonia #71/63 Art Rare CGC 9","-43.75","-$8.40","$19.20","$10.80 (10/12/2025)","$16.40","$10.80","$19.20","0.00","3","$49.20"
"Team Rocket's Crobat ex 2025 Scarlet & Violet: Destined Rivals #234/182 Special Illustration Rare PSA 8","-43.75","-$56.00","$128.00","$72.00 (10/17/2025)","$89.75","$70.00","$128.00","0.00","4","$359.00"
"Virizion 2025 Japanese Scarlet & Violet: White Flare #095/086 Art Rare CGC 10","-44.21","-$11.49","$25.99","$14.50 (10/24/2025)","$18.70","$14.50","$25.99","0.00","3","$56.09"
"Krokorok 2025 Japanese Scarlet & Violet: Black Bolt #142/086 Art Rare CGC 10","-44.21","-$11.49","$25.99","$14.50 (10/22/2025)","$20.24","$14.50","$25.99","0.00","2","$40.49"
"Hop's Snorlax 2025 Scarlet & Violet: Journey Together #117/159 Holo PSA 9","-44.25","-$12.70","$28.70","$16.00 (10/20/2025)","$27.60","$15.00","$40.90","20.00","6","$165.59"
"Team Rocket's Meowth 2025 Japanese Scarlet & Violet: Glory of Team Rocket #109/098 Art Rare PSA 9","-44.27","-$15.49","$34.99","$19.50 (10/21/2025)","$28.62","$19.50","$35.99","-20.00","4","$114.48"
"Eri 2025 Scarlet & Violet: Prismatic Evolutions #136/131 Ultra Rare (Full Art) PSA 10","-44.44","-$24.00","$54.00","$30.00 (10/22/2025)","$37.77","$30.00","$54.00","-25.00","6","$226.61"
"Iono's Bellibolt ex 2025 Scarlet & Violet: Journey Together #172/159 Ultra Rare (Full Art) PSA 9","-44.44","-$6.00","$13.50","$7.50 (10/24/2025)","$14.62","$7.38","$21.00","-47.37","20","$292.45"
"Team Rocket's Murkrow 2025 Japanese Scarlet & Violet: Glory of Team Rocket #106/098 Art Rare CGC 10","-44.44","-$11.20","$25.20","$14.00 (10/22/2025)","$21.93","$14.00","$26.99","50.00","6","$131.58"
"Treasure Tracker 2025 Scarlet & Violet: Prismatic Evolutions #131/131 Holo (ACE SPEC) PSA 9","-44.50","-$8.01","$18.00","$9.99 (10/17/2025)","$12.66","$9.99","$18.00","200.00","3","$37.98"
"Mega Kangaskhan ex 2025 Mega Evolution #182/132 Special Illustration Rare PSA 10","-44.65","-$480.00","$1075.00","$595.00 (10/20/2025)","$751.43","$595.00","$1075.00","0.00","7","$5260.00"
"Vanillish 2025 Scarlet & Violet: White Flare #112/086 Illustration Rare CGC 10","-44.69","-$16.16","$36.16","$20.00 (10/16/2025)","$28.08","$20.00","$36.16","0.00","2","$56.16"
"Bouffalant ex 2025 Japanese Scarlet & Violet: White Flare #172/086 Special Art Rare CGC 10","-44.71","-$9.30","$20.80","$11.50 (10/20/2025)","$16.15","$11.50","$20.80","0.00","2","$32.30"
"Team Rocket's Persian ex 2025 Scarlet & Violet: Destined Rivals #219/182 Ultra Rare (Full Art) PSA 9","-44.83","-$13.45","$30.00","$16.55 (10/19/2025)","$21.15","$16.55","$30.00","75.00","7","$148.04"
"N's Reshiram 2025 Japanese Scarlet & Violet: Battle Partners #109/100 Art Rare PSA 8","-44.85","-$13.42","$29.92","$16.50 (10/17/2025)","$18.23","$10.00","$29.92","0.00","4","$72.92"
"Larry's Skill 2025 Scarlet & Violet: Prismatic Evolutions #139/131 Ultra Rare (Full Art) PSA 10","-44.97","-$13.49","$30.00","$16.51 (10/21/2025)","$28.83","$16.51","$39.99","200.00","3","$86.50"
"Haxorus 2025 Scarlet & Violet: Black Bolt #147/086 Illustration Rare PSA 9","-45.00","-$27.00","$60.00","$33.00 (10/24/2025)","$50.00","$33.00","$60.00","150.00","5","$250.00"
"Eri 2025 Scarlet & Violet: Prismatic Evolutions #136/131 Ultra Rare (Full Art) PSA 7","-45.00","-$4.50","$10.00","$5.50 (10/07/2025)","$7.75","$5.50","$10.00","0.00","2","$15.50"
"Genesect ex 2025 Scarlet & Violet: Black Bolt #169/086 Special Illustration Rare CGC 10","-45.21","-$99.00","$219.00","$120.00 (10/10/2025)","$186.00","$120.00","$219.00","200.00","3","$558.00"
"Gothorita 2025 Scarlet & Violet: White Flare #125/086 Illustration Rare PSA 10","-45.37","-$66.91","$147.50","$80.59 (10/17/2025)","$97.92","$71.18","$147.50","100.00","4","$391.67"
"Bulbasaur 2025 Japanese Mega Brave #64/63 Art Rare CGC 9","-45.83","-$13.20","$28.80","$15.60 (10/19/2025)","$19.09","$12.00","$28.80","37.50","11","$210.00"
"Team Rocket's Mewtwo ex 2025 Scarlet & Violet: Destined Rivals #240/182 Hyper Rare (Secret) BGS 10 Pristine","-45.96","-$151.67","$330.00","$178.33 (10/12/2025)","$279.44","$178.33","$330.00","0.00","3","$838.33"
"Munna 2025 Scarlet & Violet: Black Bolt #116/086 Illustration Rare PSA 8","-46.00","-$11.50","$25.00","$13.50 (10/22/2025)","$19.25","$13.50","$25.00","0.00","2","$38.50"
"Rapidash 2025 Scarlet & Violet: Destined Rivals #189/182 Illustration Rare CGC 10","-46.00","-$23.00","$50.00","$27.00 (10/23/2025)","$49.20","$27.00","$60.00","200.00","6","$295.20"
"Mienfoo 2025 Japanese Scarlet & Violet: White Flare #131/086 Art Rare PSA 10","-46.05","-$17.50","$38.00","$20.50 (10/14/2025)","$31.27","$20.50","$38.00","50.00","3","$93.80"
"Zorua 2025 Scarlet & Violet: White Flare #142/086 Illustration Rare PSA 9","-46.12","-$19.60","$42.50","$22.90 (10/23/2025)","$29.15","$12.50","$47.49","100.00","6","$174.89"
"Helioptile 2025 Japanese Mega Symphonia #70/63 Art Rare CGC 10","-46.19","-$13.39","$28.99","$15.60 (10/12/2025)","$22.29","$15.60","$28.99","100.00","2","$44.59"
"Hilda 2025 Scarlet & Violet: White Flare #164/086 Ultra Rare (Full Art) PSA 8","-46.30","-$12.50","$27.00","$14.50 (10/14/2025)","$20.75","$14.50","$27.00","0.00","2","$41.50"
"Golurk 2025 Scarlet & Violet: Black Bolt #123/086 Illustration Rare PSA 8","-46.49","-$6.95","$14.95","$8.00 (10/09/2025)","$11.47","$8.00","$14.95","0.00","2","$22.95"
"Team Rocket's Zapdos 2025 Scarlet & Violet: Destined Rivals #070/182 Holo PSA 10","-46.60","-$116.50","$250.00","$133.50 (10/22/2025)","$187.43","$113.62","$250.00","250.00","7","$1311.98"
"Umbreon ex 2025 Scarlet & Violet: Prismatic Evolutions #161/131 Special Illustration Rare BGS 9.5","-46.63","-$999.08","$2142.50","$1143.42 (10/19/2025)","$2119.08","$1143.42","$2667.00","-50.00","5","$10595.42"
"Ivysaur 2025 Japanese Mega Brave #65/63 Art Rare CGC 9.5","-46.67","-$13.44","$28.80","$15.36 (10/12/2025)","$17.60","$13.20","$28.80","200.00","6","$105.60"
"Keldeo ex 2025 Japanese Scarlet & Violet: White Flare #169/086 Special Art Rare CGC 10","-46.79","-$25.50","$54.50","$29.00 (10/24/2025)","$39.50","$29.00","$54.50","50.00","3","$118.50"
"Duraludon 2025 Scarlet & Violet: Prismatic Evolutions #069/131 Poke Ball Reverse Holo PSA 9","-46.81","-$3.74","$7.99","$4.25 (10/04/2025)","$6.12","$4.25","$7.99","0.00","2","$12.24"
"Mega Absol ex 2025 Mega Evolution #180/132 Special Illustration Rare PSA 10","-47.53","-$432.50","$910.00","$477.50 (10/19/2025)","$566.67","$410.00","$910.00","0.00","9","$5100.00"
"Eevee 2025 Scarlet & Violet: Prismatic Evolutions #074/131 Reverse Holo PSA 9","-47.89","-$8.62","$18.00","$9.38 (10/22/2025)","$13.69","$9.38","$18.00","-90.00","2","$27.38"
"Team Rocket's Ariana 2025 Scarlet & Violet: Destined Rivals #224/182 Ultra Rare (Full Art) PSA 9","-47.92","-$6.90","$14.40","$7.50 (10/24/2025)","$14.04","$7.50","$20.00","40.00","7","$98.30"
"Umbreon 2025 Scarlet & Violet: Prismatic Evolutions #059/131 Master Ball Reverse Holo CGC 10","-48.00","-$144.00","$300.00","$156.00 (10/19/2025)","$228.00","$156.00","$300.00","-33.33","2","$456.00"
"Hydreigon ex 2025 Japanese Scarlet & Violet: White Flare #171/086 Special Art Rare CGC 10","-48.07","-$40.26","$83.76","$43.50 (10/17/2025)","$63.63","$43.50","$83.76","-71.43","2","$127.26"
"Emboar 2025 Japanese Scarlet & Violet: White Flare #098/086 Art Rare CGC 10","-48.08","-$12.50","$26.00","$13.50 (10/20/2025)","$18.37","$13.50","$26.00","200.00","3","$55.10"
"Tepig 2025 Japanese Scarlet & Violet: White Flare #096/086 Art Rare CGC 10","-48.33","-$14.50","$30.00","$15.50 (10/24/2025)","$23.50","$15.50","$30.00","200.00","3","$70.50"
"Mega Kangaskhan ex 2025 Japanese Mega Symphonia #80/63 Super Rare (Full Art) CGC 10","-48.54","-$16.60","$34.20","$17.60 (10/19/2025)","$23.70","$16.80","$48.00","-42.86","8","$189.60"
"Team Rocket's Moltres ex 2025 Scarlet & Violet: Destined Rivals #208/182 Ultra Rare (Full Art) PSA 8","-48.67","-$7.30","$15.00","$7.70 (10/16/2025)","$11.35","$7.70","$15.00","0.00","2","$22.70"
"Whimsicott ex 2025 Scarlet & Violet: White Flare #157/086 Ultra Rare (Full Art) PSA 10","-48.78","-$17.00","$34.85","$17.85 (10/24/2025)","$30.11","$17.85","$35.00","20.00","6","$180.64"
"Wailord 2025 Japanese Scarlet & Violet: Battle Partners #103/100 Art Rare PSA 10","-48.98","-$32.81","$67.00","$34.19 (10/24/2025)","$35.23","$20.00","$88.00","94.74","185","$6517.15"
"Mega Latias ex 2025 Mega Evolution #181/132 Special Illustration Rare PSA 10","-49.31","-$641.00","$1300.00","$659.00 (10/24/2025)","$1011.82","$590.00","$1975.00","0.00","22","$22260.14"
"Emcee's Hype 2025 Scarlet & Violet: Destined Rivals #220/182 Ultra Rare (Full Art) PSA 8","-49.32","-$3.65","$7.40","$3.75 (10/18/2025)","$5.58","$3.75","$7.40","100.00","2","$11.15"
"Hilda 2025 Japanese Scarlet & Violet: White Flare #166/086 Super Rare (Full Art) PSA 9","-49.59","-$23.11","$46.60","$23.49 (10/11/2025)","$34.76","$10.50","$52.00","0.00","5","$173.79"
"Kyurem ex 2025 Japanese Scarlet & Violet: Black Bolt #031/086 Double Rare CGC 10","-49.94","-$4.25","$8.50","$4.25 (10/22/2025)","$5.67","$4.25","$8.50","0.00","3","$17.01"
"Hilda 2025 Japanese Scarlet & Violet: White Flare #173/086 Special Art Rare PSA 9","-49.99","-$39.99","$79.99","$40.00 (10/19/2025)","$63.75","$40.00","$79.99","100.00","4","$254.99"
"Cynthia's Garchomp ex 2025 Scarlet & Violet: Destined Rivals #232/182 Special Illustration Rare PSA 7","-50.00","-$100.00","$200.00","$100.00 (10/22/2025)","$133.33","$100.00","$200.00","50.00","3","$400.00"
"Vaporeon ex 2025 Scarlet & Violet: Prismatic Evolutions #023/131 Double Rare PSA 8","-50.00","-$7.00","$14.00","$7.00 (10/24/2025)","$11.83","$7.00","$14.50","-40.00","3","$35.50"
"N's Zoroark ex 2025 Scarlet & Violet: Journey Together #185/159 Special Illustration Rare PSA 7","-50.43","-$33.84","$67.10","$33.26 (10/11/2025)","$50.18","$33.26","$67.10","0.00","2","$100.36"
"Mega Gardevoir ex 2025 Mega Evolution #187/132 Mega Hyper Rare (Secret) PSA 10","-50.95","-$1662.01","$3262.00","$1599.99 (10/24/2025)","$1925.61","$1225.00","$3300.00","0.00","36","$69321.86"
"Bouffalant ex 2025 Scarlet & Violet: White Flare #170/086 Special Illustration Rare PSA 10","-51.33","-$77.00","$150.00","$73.00 (10/20/2025)","$111.50","$73.00","$150.00","100.00","2","$223.00"
"Mega Gardevoir ex 2025 Mega Evolution #178/132 Special Illustration Rare PSA 10","-51.43","-$900.00","$1750.00","$850.00 (10/24/2025)","$1358.33","$850.00","$2150.00","0.00","6","$8150.00"
"Liepard 2025 Japanese Scarlet & Violet: White Flare #135/086 Art Rare CGC 10","-51.79","-$14.50","$28.00","$13.50 (10/20/2025)","$20.75","$13.50","$28.00","0.00","2","$41.50"
"Ethan's Adventure 2025 Japanese Scarlet & Violet: Heat Wave Arena #089/063 Special Art Rare PSA 9","-51.88","-$26.95","$51.95","$25.00 (10/21/2025)","$38.48","$25.00","$51.95","0.00","2","$76.95"
"Arven's Mabosstiff ex 2025 Scarlet & Violet: Destined Rivals #218/182 Ultra Rare (Full Art) PSA 9","-51.89","-$7.01","$13.51","$6.50 (10/19/2025)","$12.51","$6.50","$17.51","50.00","3","$37.52"
"Keldeo ex 2025 Scarlet & Violet: White Flare #030/086 Double Rare PSA 10","-51.98","-$22.35","$43.00","$20.65 (10/24/2025)","$31.82","$20.65","$43.00","100.00","2","$63.65"
"Mega Charizard X ex 2025 Japanese Mega: Inferno X #110/80 Special Art Rare PSA 10","-52.22","-$1827.76","$3500.00","$1672.24 (10/24/2025)","$1793.72","$1232.49","$3500.00","0.00","174","$312108.06"
"Meloetta ex 2025 Scarlet & Violet: Black Bolt #167/086 Special Illustration Rare CGC 10","-52.52","-$73.00","$139.00","$66.00 (10/18/2025)","$89.13","$62.40","$139.00","0.00","3","$267.40"
"Mega Absol ex 2025 Japanese Mega Brave #79/63 Super Rare (Full Art) PSA 10","-53.00","-$53.00","$100.00","$47.00 (10/19/2025)","$77.83","$47.00","$100.00","200.00","3","$233.50"
"Beartic 2025 Scarlet & Violet: Black Bolt #110/086 Illustration Rare PSA 8","-53.18","-$7.95","$14.95","$7.00 (10/24/2025)","$10.97","$7.00","$14.95","0.00","2","$21.95"
"Eevee ex 2025 Scarlet & Violet: Black Star Promo #SVP174 Super-Premium Collection PSA 8","-53.23","-$16.50","$31.00","$14.50 (10/16/2025)","$30.42","$14.50","$41.00","-50.00","6","$182.50"
"Flareon ex 2025 Scarlet & Violet: Prismatic Evolutions #014/131 Double Rare PSA 9","-53.33","-$8.00","$15.00","$7.00 (10/24/2025)","$15.36","$7.00","$24.99","38.46","18","$276.51"
"Bisharp 2025 Scarlet & Violet: Black Bolt #143/086 Illustration Rare PSA 9","-53.38","-$12.01","$22.50","$10.49 (10/24/2025)","$15.89","$10.49","$22.50","0.00","6","$95.34"
"Axew 2025 Scarlet & Violet: Black Bolt #145/086 Illustration Rare PSA 8","-53.72","-$11.55","$21.50","$9.95 (10/09/2025)","$15.72","$9.95","$21.50","0.00","2","$31.45"
"Duosion 2025 Japanese Scarlet & Violet: Black Bolt #124/086 Art Rare CGC 10","-53.83","-$13.99","$25.99","$12.00 (10/20/2025)","$18.99","$12.00","$25.99","0.00","2","$37.99"
"Team Rocket's Mewtwo ex 2025 Japanese Scarlet & Violet: Glory of Team Rocket #114/098 Super Rare (Full Art) PSA 9","-54.01","-$30.53","$56.53","$26.00 (10/21/2025)","$41.27","$26.00","$56.53","100.00","2","$82.53"
"Victini 2025 Japanese Scarlet & Violet: Black Bolt #097/086 Art Rare PSA 10","-54.13","-$118.00","$218.00","$100.00 (10/23/2025)","$117.57","$91.00","$218.00","10.00","11","$1293.29"
"Mega Gardevoir ex 2025 Mega Evolution #187/132 Mega Hyper Rare (Secret) PSA 9","-54.20","-$613.50","$1132.00","$518.50 (10/23/2025)","$561.46","$400.00","$1132.00","0.00","11","$6176.01"
"Darumaka 2025 Japanese Scarlet & Violet: Black Bolt #098/086 Art Rare CGC 10","-54.55","-$12.00","$22.00","$10.00 (10/11/2025)","$16.00","$10.00","$22.00","0.00","2","$32.00"
"Cinccino 2025 Scarlet & Violet: Black Bolt #153/086 Illustration Rare PSA 9","-55.00","-$16.50","$30.00","$13.50 (10/24/2025)","$24.50","$13.50","$30.00","0.00","3","$73.49"
"Zweilous 2025 Japanese Scarlet & Violet: White Flare #143/086 Art Rare CGC 10","-55.34","-$15.49","$27.99","$12.50 (10/24/2025)","$20.24","$12.50","$27.99","100.00","2","$40.49"
"Braviary 2025 Scarlet & Violet: Black Bolt #155/086 Illustration Rare PSA 8","-56.05","-$11.49","$20.50","$9.01 (10/19/2025)","$14.75","$9.01","$20.50","0.00","2","$29.51"
"Pawniard 2025 Scarlet & Violet: Black Bolt #142/086 Illustration Rare PSA 10","-56.36","-$124.00","$220.00","$96.00 (10/23/2025)","$158.00","$96.00","$220.00","0.00","2","$316.00"
"Stunfisk 2025 Scarlet & Violet: White Flare #118/086 Illustration Rare PSA 8","-56.52","-$8.45","$14.95","$6.50 (10/24/2025)","$10.72","$6.50","$14.95","0.00","2","$21.45"
"Team Rocket's Petrel 2025 Scarlet & Violet: Destined Rivals #226/182 Ultra Rare (Full Art) PSA 9","-56.67","-$8.50","$15.00","$6.50 (10/20/2025)","$10.98","$6.50","$15.00","100.00","6","$65.86"
"Seismitoad 2025 Japanese Scarlet & Violet: Black Bolt #109/086 Art Rare CGC 10","-57.03","-$81.83","$143.50","$61.67 (10/18/2025)","$87.65","$56.00","$149.00","85.71","13","$1139.50"
"Eevee ex 2025 Scarlet & Violet: Prismatic Evolutions #075/131 Double Rare CGC 10","-57.14","-$20.00","$35.00","$15.00 (10/20/2025)","$29.66","$15.00","$38.99","200.00","3","$88.99"
"Team Rocket's Giovanni 2025 Scarlet & Violet: Destined Rivals #225/182 Ultra Rare (Full Art) PSA 9","-57.48","-$11.49","$19.99","$8.50 (10/20/2025)","$20.77","$8.50","$38.00","33.33","8","$166.17"
"Druddigon 2025 Japanese Scarlet & Violet: White Flare #150/086 Art Rare CGC 10","-57.78","-$13.00","$22.50","$9.50 (10/20/2025)","$16.00","$9.50","$22.50","100.00","2","$32.00"
"Victini 2025 Scarlet & Violet: Black Bolt #012/086 Holo PSA 9","-58.00","-$14.50","$25.00","$10.50 (10/19/2025)","$17.75","$10.50","$25.00","0.00","2","$35.50"
"Crispin 2025 Scarlet & Violet: Prismatic Evolutions #171/131 Special Illustration Rare PSA 10","-58.24","-$54.16","$93.00","$38.84 (10/20/2025)","$77.96","$38.84","$93.00","100.00","4","$311.84"
"Meloetta ex 2025 Japanese Scarlet & Violet: Black Bolt #170/086 Special Art Rare PSA 10","-58.94","-$44.50","$75.50","$31.00 (10/23/2025)","$71.17","$31.00","$110.00","-25.00","6","$426.99"
"Eelektrik 2025 Scarlet & Violet: Black Bolt #114/086 Illustration Rare PSA 10","-59.21","-$41.45","$70.00","$28.55 (10/16/2025)","$49.27","$28.55","$70.00","0.00","2","$98.55"
"Hop's Snorlax 2025 Scarlet & Violet: Journey Together #117/159 Holo PSA 8","-59.26","-$16.00","$27.00","$11.00 (10/20/2025)","$19.00","$11.00","$27.00","100.00","2","$38.00"
"Team Rocket's Persian ex 2025 Scarlet & Violet: Destined Rivals #150/182 Double Rare PSA 10","-59.99","-$41.99","$69.99","$28.00 (10/22/2025)","$43.66","$28.00","$69.99","200.00","3","$130.99"
"Simisage 2025 Scarlet & Violet: Black Bolt #090/086 Illustration Rare PSA 10","-60.00","-$120.00","$200.00","$80.00 (10/15/2025)","$128.33","$80.00","$200.00","0.00","3","$385.00"
"Mega Lucario ex 2025 Mega Evolution #179/132 Special Illustration Rare PSA 10","-60.18","-$1360.00","$2260.00","$900.00 (10/22/2025)","$1300.29","$530.00","$2260.00","0.00","14","$18204.00"
"Eevee ex 2025 Scarlet & Violet: Black Star Promo #SVP174 Super-Premium Collection CGC 9.5","-61.25","-$49.00","$80.00","$31.00 (10/24/2025)","$55.47","$31.00","$80.00","-14.29","6","$332.84"
"Iris's Fighting Spirit 2025 Japanese Scarlet & Violet: Battle Partners #121/100 Super Rare (Full Art) PSA 10","-61.39","-$29.41","$47.91","$18.50 (10/19/2025)","$33.10","$18.50","$47.91","-42.86","4","$132.40"
"Sylveon ex 2025 Scarlet & Violet: Prismatic Evolutions #041/131 Double Rare PSA 10","-61.53","-$55.99","$90.99","$35.00 (10/24/2025)","$125.24","$35.00","$1600.00","26.32","24","$3005.78"
"Meloetta ex 2025 Scarlet & Violet: Black Bolt #044/086 Double Rare PSA 10","-61.98","-$81.50","$131.50","$50.00 (10/20/2025)","$90.75","$50.00","$131.50","0.00","2","$181.50"
"Dusclops 2025 Scarlet & Violet: Prismatic Evolutions #036/131 Master Ball Reverse Holo PSA 8","-62.01","-$14.69","$23.69","$9.00 (10/19/2025)","$16.34","$9.00","$23.69","0.00","2","$32.69"
"Judge 2025 Scarlet & Violet: Destined Rivals #222/182 Ultra Rare (Full Art) PSA 10","-62.12","-$20.50","$33.00","$12.50 (10/21/2025)","$25.11","$12.50","$33.00","100.00","4","$100.45"
"Ethan's Typhlosion 2025 Japanese Scarlet & Violet: Heat Wave Arena #070/063 Art Rare CGC 10","-62.65","-$33.83","$54.00","$20.17 (10/22/2025)","$37.82","$20.17","$70.00","7.69","14","$529.53"
"Deino 2025 Japanese Scarlet & Violet: White Flare #142/086 Art Rare PSA 10","-62.99","-$31.49","$49.99","$18.50 (10/14/2025)","$34.25","$18.50","$49.99","0.00","2","$68.49"
"Mega Latias ex 2025 Japanese Mega Symphonia #49/63 Double Rare PSA 10","-63.14","-$110.49","$175.00","$64.51 (10/22/2025)","$119.75","$64.51","$175.00","0.00","2","$239.51"
"Tepig 2025 Scarlet & Violet: White Flare #011/086 Base PSA 9","-63.41","-$26.00","$41.00","$15.00 (10/21/2025)","$28.00","$15.00","$41.00","0.00","2","$56.00"
"Eelektrik 2025 Scarlet & Violet: Black Bolt #114/086 Illustration Rare PSA 9","-63.55","-$28.59","$44.99","$16.40 (10/23/2025)","$30.70","$16.40","$44.99","0.00","2","$61.39"
"Cornerstone Mask Ogerpon ex 2025 Scarlet & Violet: Prismatic Evolutions #160/131 Special Illustration Rare PSA 10","-63.64","-$70.00","$110.00","$40.00 (10/17/2025)","$91.00","$40.00","$115.00","150.00","5","$455.00"
"Iron Boulder 2025 Scarlet & Violet: Prismatic Evolutions #046/131 Master Ball Reverse Holo CGC 9.5","-63.98","-$12.79","$19.99","$7.20 (10/12/2025)","$13.59","$7.20","$19.99","0.00","2","$27.19"
"Hop's Zacian ex 2025 Japanese Scarlet & Violet: Battle Partners #118/100 Super Rare (Full Art) CGC 10","-64.62","-$10.08","$15.60","$5.52 (10/11/2025)","$14.17","$5.52","$19.95","100.00","4","$56.67"
"Cofagrigus 2025 Japanese Scarlet & Violet: White Flare #120/086 Art Rare CGC 10","-65.02","-$19.50","$29.99","$10.49 (10/03/2025)","$20.24","$10.49","$29.99","0.00","2","$40.48"
"Dreepy 2025 Scarlet & Violet: Prismatic Evolutions #071/131 Master Ball Reverse Holo PSA 9","-65.31","-$6.12","$9.37","$3.25 (10/07/2025)","$6.31","$3.25","$9.37","0.00","2","$12.62"
"Noibat 2025 Japanese Scarlet & Violet: Battle Partners #111/100 Art Rare PSA 10","-65.50","-$32.75","$50.00","$17.25 (10/21/2025)","$35.40","$17.25","$50.00","15.38","15","$531.02"
"Mega Kangaskhan ex 2025 Japanese Mega Symphonia #51/63 Double Rare PSA 10","-65.56","-$59.00","$90.00","$31.00 (10/23/2025)","$88.67","$31.00","$145.00","0.00","3","$266.00"
"Flareon ex 2025 Scarlet & Violet: Prismatic Evolutions #014/131 Double Rare BGS 9.5","-65.93","-$16.45","$24.95","$8.50 (10/14/2025)","$16.73","$8.50","$24.95","0.00","2","$33.45"
"Hop's Zacian ex 2025 Scarlet & Violet: Journey Together #186/159 Special Illustration Rare SGC 10","-67.33","-$50.50","$75.00","$24.50 (10/24/2025)","$49.75","$24.50","$75.00","0.00","2","$99.50"
"Team Rocket's Articuno 2025 Scarlet & Violet: Destined Rivals #051/182 Holo PSA 10","-67.91","-$126.95","$186.95","$60.00 (10/22/2025)","$123.47","$60.00","$186.95","0.00","2","$246.95"
"Cofagrigus 2025 Scarlet & Violet: White Flare #123/086 Illustration Rare PSA 9","-68.00","-$68.00","$100.00","$32.00 (10/23/2025)","$52.85","$17.40","$100.00","0.00","4","$211.40"
"N's Zoroark ex 2025 Japanese Scarlet & Violet: Battle Partners #117/100 Super Rare (Full Art) BGS 9.5","-70.06","-$13.57","$19.37","$5.80 (10/19/2025)","$12.59","$5.80","$19.37","100.00","2","$25.17"
"Simipour 2025 Scarlet & Violet: Black Bolt #102/086 Illustration Rare CGC 10","-70.83","-$25.50","$36.00","$10.50 (10/12/2025)","$23.25","$10.50","$36.00","0.00","2","$46.50"
"Whirlipede 2025 Japanese Scarlet & Violet: Black Bolt #139/086 Art Rare CGC 10","-71.14","-$18.49","$25.99","$7.50 (10/20/2025)","$16.74","$7.50","$25.99","0.00","2","$33.49"
"Misty's Gyarados 2025 Scarlet & Violet: Destined Rivals #049/182 Holo PSA 9","-71.70","-$111.50","$155.50","$44.00 (10/23/2025)","$131.30","$19.50","$210.00","66.67","10","$1312.97"
"Flareon ex 2025 Scarlet & Violet: Prismatic Evolutions #014/131 Double Rare CGC 10","-72.92","-$30.96","$42.46","$11.50 (10/17/2025)","$25.83","$11.50","$42.46","25.00","5","$129.16"
"Dudunsparce ex 2025 Scarlet & Violet: Journey Together #178/159 Ultra Rare (Full Art) PSA 9","-73.06","-$13.15","$18.00","$4.85 (10/17/2025)","$14.32","$4.85","$20.50","20.00","6","$85.95"
"Pignite 2025 Japanese Scarlet & Violet: White Flare #012/086 Master Ball Reverse Holo PSA 10","-75.14","-$90.69","$120.69","$30.00 (10/23/2025)","$75.34","$30.00","$120.69","0.00","2","$150.69"
"Whimsicott ex 2025 Scarlet & Violet: White Flare #165/086 Special Illustration Rare CGC 10","-77.16","-$62.50","$81.00","$18.50 (10/19/2025)","$49.75","$18.50","$81.00","0.00","2","$99.50"
"Lillie's Determination 2025 Japanese Mega Brave #86/63 Super Rare (Full Art) BGS 9.5","-77.70","-$247.45","$318.45","$71.00 (10/23/2025)","$194.72","$71.00","$318.45","0.00","2","$389.45"
"Reshiram ex 2025 Scarlet & Violet: White Flare #020/086 Double Rare PSA 10","-77.78","-$122.50","$157.50","$35.00 (09/29/2025)","$96.25","$35.00","$157.50","0.00","2","$192.50"
"Mega Lucario ex 2025 Japanese Mega Brave #29/63 Double Rare PSA 10","-78.18","-$129.00","$165.00","$36.00 (10/22/2025)","$100.50","$36.00","$165.00","0.00","2","$201.00"
"Jolteon ex 2025 Scarlet & Violet: Prismatic Evolutions #030/131 Double Rare PSA 8","-78.32","-$11.74","$14.99","$3.25 (09/26/2025)","$9.12","$3.25","$14.99","0.00","2","$18.24"
"Arven's Mabosstiff ex 2025 Japanese Scarlet & Violet: Heat Wave Arena #088/063 Special Art Rare CGC 10","-81.25","-$29.25","$36.00","$6.75 (10/21/2025)","$21.38","$6.75","$36.00","-75.00","2","$42.75"
"Eevee 2025 Scarlet & Violet: Prismatic Evolutions #074/131 Reverse Holo PSA 10","-81.83","-$92.30","$112.80","$20.50 (10/11/2025)","$66.65","$20.50","$112.80","-90.00","2","$133.30"
"Atticus 2025 Scarlet & Violet: Prismatic Evolutions #133/131 Ultra Rare (Full Art) PSA 8","-83.91","-$6.52","$7.77","$1.25 (10/20/2025)","$4.17","$1.25","$7.77","0.00","3","$12.52"
