Card,Price Change %,Price Change $,Starting Price,Last Sale,Avg,Min Sale,Max Sale,Volume Change %,# of Sales,Total Sales $
"Kyurem ex 2025 Japanese Scarlet & Violet: Black Bolt #160/086 Super Rare (Full Art) Raw TCG (Near Mint)","879.91","$19.71","$2.24","$21.95 (10/22/2025)","$8.29","$2.24","$21.95","-63.64","4","$33.18"
"Team Rocket's Petrel 2025 Japanese Scarlet & Violet: Glory of Team Rocket #122/098 Super Rare (Full Art) Raw TCG (Near Mint)","726.26","$7.19","$0.99","$8.18 (10/24/2025)","$7.80","$0.99","$11.53","-66.67","4","$31.20"
"Seismitoad 2025 Scarlet & Violet: Black Bolt #021/086 Master Ball Reverse Holo Raw TCG (Near Mint)","606.57","$6.00","$0.99","$7.00 (10/17/2025)","$6.56","$0.99","$10.00","-28.57","5","$32.79"
"Zekrom ex 2025 Japanese Scarlet & Violet: Black Bolt #037/086 Double Rare Raw TCG (Near Mint)","442.17","$14.68","$3.32","$18.00 (10/17/2025)","$7.75","$1.92","$18.00","-25.00","3","$23.24"
"Tynamo 2025 Scarlet & Violet: Black Bolt #030/086 Master Ball Reverse Holo Raw TCG (Near Mint)","353.54","$3.50","$0.99","$4.49 (10/24/2025)","$4.22","$0.99","$9.89","0.00","7","$29.56"
"Beheeyem 2025 Scarlet & Violet: Black Bolt #041/086 Master Ball Reverse Holo Raw TCG (Near Mint)","346.78","$10.23","$2.95","$13.18 (10/23/2025)","$7.02","$2.95","$13.18","-20.00","4","$28.07"
"Arboliva ex 2025 Japanese Scarlet & Violet: Glory of Team Rocket #111/098 Super Rare (Full Art) Raw TCG (Near Mint)","316.36","$3.48","$1.10","$4.58 (10/24/2025)","$4.64","$1.10","$11.30","0.00","11","$51.00"
"Ethan's Ho-Oh ex 2025 Japanese Scarlet & Violet: Heat Wave Arena #090/063 Ultra Rare (Secret) Raw TCG (Near Mint)","303.29","$12.89","$4.25","$17.14 (10/23/2025)","$12.30","$4.25","$17.14","-50.00","3","$36.89"
"Petilil 2025 Japanese Scarlet & Violet: Black Bolt #091/086 Art Rare Raw TCG (Near Mint)","289.94","$5.19","$1.79","$6.98 (10/23/2025)","$5.70","$1.79","$7.49","-50.00","13","$74.15"
"Solosis 2025 Scarlet & Violet: Black Bolt #037/086 Master Ball Reverse Holo Raw TCG (Near Mint)","288.84","$7.25","$2.51","$9.76 (10/23/2025)","$4.82","$0.99","$9.76","-14.29","6","$28.91"
"Bulbasaur 2025 Japanese Mega Brave #01/63 Base Raw TCG (Near Mint)","262.63","$2.60","$0.99","$3.59 (10/10/2025)","$1.59","$0.99","$3.59","-50.00","6","$9.54"
"Volcanion ex 2025 Japanese Scarlet & Violet: Battle Partners #113/100 Super Rare (Full Art) Raw TCG (Near Mint)","257.33","$3.86","$1.50","$5.36 (10/19/2025)","$3.96","$1.50","$5.50","0.00","4","$15.86"
"Zekrom ex 2025 Japanese Scarlet & Violet: Black Bolt #161/086 Super Rare (Full Art) Raw TCG (Near Mint)","256.43","$17.95","$7.00","$24.95 (10/22/2025)","$9.66","$2.25","$24.95","-18.18","9","$86.91"
"Blaziken 2025 Scarlet & Violet: Destined Rivals #042/182 Reverse Holo Raw TCG (Near Mint)","252.53","$2.50","$0.99","$3.49 (10/24/2025)","$2.33","$0.99","$3.49","7.14","15","$34.92"
"Fan Rotom 2025 Scarlet & Violet: Prismatic Evolutions #085/131 Poke Ball Reverse Holo Raw TCG (Near Mint)","252.12","$4.16","$1.65","$5.81 (10/20/2025)","$2.30","$1.03","$5.81","-33.33","8","$18.38"
"Zorua 2025 Japanese Scarlet & Violet: White Flare #058/086 Master Ball Reverse Holo Raw TCG (Near Mint)","250.00","$3.35","$1.34","$4.69 (10/09/2025)","$3.02","$1.34","$4.69","0.00","2","$6.03"
"Buneary 2025 Scarlet & Violet: Prismatic Evolutions #083/131 Poke Ball Reverse Holo Raw TCG (Near Mint)","245.91","$3.91","$1.59","$5.50 (10/19/2025)","$3.05","$1.59","$5.50","-33.33","4","$12.21"
"Jolteon ex 2025 Scarlet & Violet: Prismatic Evolutions #030/131 Double Rare Raw TCG (Near Mint)","241.46","$7.63","$3.16","$10.79 (10/23/2025)","$4.02","$0.99","$13.29","-16.83","84","$337.73"
"Oshawott 2025 Scarlet & Violet: White Flare #021/086 Master Ball Reverse Holo Raw TCG (Near Mint)","233.44","$6.98","$2.99","$9.97 (10/23/2025)","$6.69","$0.99","$10.33","-58.33","5","$33.45"
"Dunsparce 2025 Scarlet & Violet: Prismatic Evolutions #079/131 Master Ball Reverse Holo Raw TCG (Near Mint)","225.06","$8.98","$3.99","$12.97 (10/22/2025)","$4.96","$1.99","$12.97","-27.27","8","$39.64"
"Reuniclus 2025 Scarlet & Violet: Black Bolt #039/086 Poke Ball Reverse Holo Raw TCG (Near Mint)","223.23","$2.21","$0.99","$3.20 (10/13/2025)","$2.10","$0.99","$3.20","-60.00","2","$4.19"
"Palpitoad 2025 Scarlet & Violet: Black Bolt #020/086 Master Ball Reverse Holo Raw TCG (Near Mint)","221.67","$6.65","$3.00","$9.65 (10/24/2025)","$7.43","$3.00","$14.30","-25.00","3","$22.30"
"Golett 2025 Scarlet & Violet: Black Bolt #042/086 Master Ball Reverse Holo Raw TCG (Near Mint)","218.92","$8.91","$4.07","$12.98 (10/23/2025)","$5.35","$2.00","$12.98","33.33","8","$42.79"
"Fraxure 2025 Scarlet & Violet: Black Bolt #146/086 Illustration Rare Raw TCG (Near Mint)","214.80","$13.64","$6.35","$19.99 (10/17/2025)","$15.39","$6.35","$19.99","-34.48","19","$292.50"
"Litleo 2025 Scarlet & Violet: Prismatic Evolutions #015/131 Master Ball Reverse Holo Raw TCG (Near Mint)","212.50","$4.25","$2.00","$6.25 (10/24/2025)","$3.22","$1.89","$6.74","61.54","21","$67.56"
"Drakloak 2025 Scarlet & Violet: Prismatic Evolutions #072/131 Master Ball Reverse Holo Raw TCG (Near Mint)","209.52","$2.20","$1.05","$3.25 (10/20/2025)","$5.69","$1.05","$9.27","20.00","12","$68.33"
"Fraxure 2025 Scarlet & Violet: Black Bolt #069/086 Master Ball Reverse Holo Raw TCG (Near Mint)","209.27","$8.35","$3.99","$12.34 (10/24/2025)","$6.01","$3.75","$12.34","-16.67","5","$30.03"
"Noctowl 2025 Scarlet & Violet: Prismatic Evolutions #078/131 Poke Ball Reverse Holo Raw TCG (Near Mint)","207.07","$2.05","$0.99","$3.04 (10/24/2025)","$2.03","$0.99","$3.78","100.00","10","$20.28"
"Ethan's Ho-Oh ex 2025 Japanese Scarlet & Violet: Heat Wave Arena #020/063 Double Rare Raw TCG (Near Mint)","202.02","$2.00","$0.99","$2.99 (10/15/2025)","$2.10","$0.99","$2.99","200.00","6","$12.59"
"Shuckle 2025 Mega Evolution #011/132 Reverse Holo Raw TCG (Near Mint)","200.00","$1.98","$0.99","$2.97 (10/17/2025)","$1.93","$0.99","$2.99","750.00","17","$32.81"
"N's Plan 2025 Scarlet & Violet: Black Bolt #083/086 Poke Ball Reverse Holo Raw TCG (Near Mint)","192.00","$1.92","$1.00","$2.92 (10/18/2025)","$3.45","$0.99","$12.94","-43.75","9","$31.05"
"Golett 2025 Scarlet & Violet: Black Bolt #042/086 Poke Ball Reverse Holo Raw TCG (Near Mint)","189.00","$1.89","$1.00","$2.89 (10/17/2025)","$1.61","$1.00","$2.89","25.00","5","$8.05"
"Mega Gardevoir ex 2025 Japanese Mega Symphonia #42/63 Double Rare Raw TCG (Near Mint)","187.25","$5.21","$2.79","$8.00 (10/21/2025)","$2.17","$0.99","$8.00","-46.43","30","$65.05"
"N's Zoroark ex 2025 Japanese Scarlet & Violet: Battle Partners #117/100 Super Rare (Full Art) Raw TCG (Near Mint)","185.93","$3.70","$1.99","$5.69 (10/24/2025)","$4.99","$1.99","$7.31","-12.50","7","$34.92"
"Buneary 2025 Scarlet & Violet: Prismatic Evolutions #083/131 Master Ball Reverse Holo Raw TCG (Near Mint)","182.91","$5.03","$2.75","$7.78 (10/20/2025)","$4.47","$1.30","$7.78","-33.33","6","$26.79"
"Solosis 2025 Scarlet & Violet: Black Bolt #118/086 Illustration Rare Raw TCG (Near Mint)","181.59","$32.02","$17.63","$49.64 (10/24/2025)","$57.87","$7.00","$99.99","240.91","225","$13020.58"
"Spritzee 2025 Scarlet & Violet: Prismatic Evolutions #038/131 Poke Ball Reverse Holo Raw TCG (Near Mint)","174.92","$2.62","$1.50","$4.11 (10/24/2025)","$1.87","$0.99","$4.11","66.67","10","$18.69"
"Klink 2025 Scarlet & Violet: Black Bolt #061/086 Master Ball Reverse Holo Raw TCG (Near Mint)","171.06","$4.02","$2.35","$6.37 (10/13/2025)","$4.36","$2.35","$6.37","-50.00","2","$8.72"
"Klinklang 2025 Scarlet & Violet: Black Bolt #063/086 Poke Ball Reverse Holo Raw TCG (Near Mint)","165.00","$1.65","$1.00","$2.65 (10/14/2025)","$1.82","$1.00","$2.65","-50.00","2","$3.65"
"Crispin 2025 Scarlet & Violet: Prismatic Evolutions #105/131 Poke Ball Reverse Holo Raw TCG (Near Mint)","163.95","$2.82","$1.72","$4.54 (10/22/2025)","$2.10","$0.99","$4.54","-22.22","7","$14.72"
"Crustle 2025 Scarlet & Violet: Destined Rivals #012/182 Holo Raw TCG (Near Mint)","162.63","$1.61","$0.99","$2.60 (10/21/2025)","$1.31","$0.99","$2.60","-37.50","5","$6.56"
"Solosis 2025 Japanese Scarlet & Violet: Black Bolt #123/086 Art Rare Raw TCG (Near Mint)","161.94","$10.51","$6.49","$17.00 (10/24/2025)","$14.75","$4.93","$70.00","57.69","41","$604.90"
"Thundurus 2025 Scarlet & Violet: Black Bolt #033/086 Poke Ball Reverse Holo Raw TCG (Near Mint)","160.00","$1.60","$1.00","$2.60 (10/23/2025)","$2.18","$1.00","$2.70","150.00","5","$10.90"
"Galvantula 2025 Scarlet & Violet: White Flare #034/086 Poke Ball Reverse Holo Raw TCG (Near Mint)","159.33","$2.39","$1.50","$3.89 (10/17/2025)","$1.98","$1.50","$3.89","250.00","7","$13.84"
"Aromatisse 2025 Scarlet & Violet: Prismatic Evolutions #039/131 Base Raw TCG (Near Mint)","155.71","$1.09","$0.70","$1.79 (10/13/2025)","$1.25","$0.70","$1.79","100.00","2","$2.49"
"Regirock 2025 Scarlet & Violet: Journey Together #082/159 Reverse Holo Raw TCG (Near Mint)","154.62","$1.84","$1.19","$3.03 (10/06/2025)","$2.42","$1.19","$3.03","-62.50","3","$7.25"
"Palpitoad 2025 Scarlet & Violet: Black Bolt #104/086 Illustration Rare Raw TCG (Near Mint)","150.19","$12.00","$7.99","$19.99 (10/23/2025)","$12.56","$5.00","$33.00","50.00","66","$828.68"
"Minccino 2025 Scarlet & Violet: Black Bolt #075/086 Master Ball Reverse Holo Raw TCG (Near Mint)","148.76","$2.99","$2.01","$5.00 (10/21/2025)","$4.72","$2.01","$6.76","175.00","11","$51.91"
"Munna 2025 Scarlet & Violet: Black Bolt #035/086 Poke Ball Reverse Holo Raw TCG (Near Mint)","148.00","$1.48","$1.00","$2.48 (10/23/2025)","$1.60","$1.00","$2.48","20.00","6","$9.60"
"Slowpoke 2025 Scarlet & Violet: Prismatic Evolutions #018/131 Master Ball Reverse Holo Raw TCG (Near Mint)","146.99","$8.07","$5.49","$13.56 (10/24/2025)","$5.68","$1.25","$13.99","0.00","18","$102.28"
"Haxorus 2025 Scarlet & Violet: Black Bolt #070/086 Reverse Holo Raw TCG (Near Mint)","145.77","$2.07","$1.42","$3.49 (10/05/2025)","$2.46","$1.42","$3.49","-50.00","2","$4.91"
"Gothorita 2025 Scarlet & Violet: White Flare #042/086 Master Ball Reverse Holo Raw TCG (Near Mint)","144.44","$6.50","$4.50","$11.00 (10/24/2025)","$8.75","$4.50","$11.34","0.00","6","$52.52"
"Genesect ex 2025 Japanese Scarlet & Violet: Black Bolt #164/086 Super Rare (Full Art) Raw TCG (Near Mint)","139.64","$3.84","$2.75","$6.59 (10/14/2025)","$4.81","$2.75","$8.35","100.00","6","$28.87"
"Sandile 2025 Scarlet & Violet: Black Bolt #057/086 Master Ball Reverse Holo Raw TCG (Near Mint)","137.92","$3.71","$2.69","$6.40 (10/12/2025)","$4.54","$2.69","$6.40","-33.33","2","$9.09"
"Espeon ex 2025 Scarlet & Violet: Prismatic Evolutions #034/131 Double Rare Raw TCG (Near Mint)","137.43","$2.57","$1.87","$4.44 (10/24/2025)","$3.81","$0.99","$8.56","-11.83","82","$312.36"
"Palpitoad 2025 Japanese Scarlet & Violet: Black Bolt #108/086 Art Rare Raw TCG (Near Mint)","136.86","$4.79","$3.50","$8.29 (10/24/2025)","$5.38","$3.25","$8.99","69.23","22","$118.44"
"Team Rocket's Crobat ex 2025 Scarlet & Violet: Destined Rivals #122/182 Double Rare Raw TCG (Near Mint)","136.67","$1.37","$1.00","$2.37 (10/24/2025)","$2.18","$0.99","$5.83","-17.31","43","$93.95"
"Gothita 2025 Scarlet & Violet: White Flare #041/086 Poke Ball Reverse Holo Raw TCG (Near Mint)","135.38","$1.76","$1.30","$3.06 (10/22/2025)","$2.08","$1.30","$3.06","0.00","5","$10.41"
"Blaziken 2025 Japanese Scarlet & Violet: Glory of Team Rocket #020/098 Holo Raw TCG (Near Mint)","135.35","$1.34","$0.99","$2.33 (10/19/2025)","$1.66","$0.99","$2.33","0.00","2","$3.32"
"Volcarona 2025 Scarlet & Violet: Black Bolt #016/086 Master Ball Reverse Holo Raw TCG (Near Mint)","135.35","$8.96","$6.62","$15.58 (10/23/2025)","$9.43","$2.00","$21.34","28.57","9","$84.90"
"Hoothoot 2025 Scarlet & Violet: Prismatic Evolutions #077/131 Master Ball Reverse Holo Raw TCG (Near Mint)","132.76","$3.85","$2.90","$6.75 (10/24/2025)","$4.78","$2.44","$10.95","40.00","14","$66.96"
"Slowking 2025 Scarlet & Violet: Prismatic Evolutions #019/131 Reverse Holo Raw TCG (Near Mint)","132.71","$1.42","$1.07","$2.49 (10/20/2025)","$1.78","$1.07","$2.49","100.00","2","$3.56"
"Cornerstone Mask Ogerpon ex 2025 Scarlet & Violet: Prismatic Evolutions #058/131 Double Rare Raw TCG (Near Mint)","131.99","$1.89","$1.43","$3.32 (10/24/2025)","$2.35","$1.00","$4.45","50.00","39","$91.59"
"Cofagrigus 2025 Scarlet & Violet: White Flare #040/086 Reverse Holo Raw TCG (Near Mint)","130.56","$1.41","$1.08","$2.49 (10/13/2025)","$1.75","$1.08","$2.49","0.00","3","$5.26"
"Ruffian 2025 Japanese Scarlet & Violet: Battle Partners #122/100 Super Rare (Full Art) Raw TCG (Near Mint)","129.00","$2.58","$2.00","$4.58 (10/22/2025)","$3.69","$2.00","$6.20","0.00","4","$14.78"
"Rescue Board 2025 Scarlet & Violet: Prismatic Evolutions #126/131 Reverse Holo Raw TCG (Near Mint)","128.68","$1.66","$1.29","$2.95 (10/08/2025)","$2.12","$1.29","$2.95","0.00","2","$4.24"
"Cynthia's Garchomp ex 2025 Scarlet & Violet: Destined Rivals #104/182 Double Rare Raw TCG (Near Mint)","125.38","$2.50","$1.99","$4.49 (10/22/2025)","$3.42","$1.20","$8.00","-24.68","58","$198.54"
"Swoobat 2025 Scarlet & Violet: White Flare #037/086 Reverse Holo Raw TCG (Near Mint)","125.00","$1.45","$1.16","$2.61 (10/13/2025)","$1.60","$0.99","$2.61","33.33","4","$6.40"
"Spoink 2025 Mega Evolution #062/132 Base Raw TCG (Near Mint)","122.22","$1.21","$0.99","$2.20 (10/23/2025)","$1.80","$0.99","$2.20","0.00","3","$5.39"
"Gothitelle 2025 Scarlet & Violet: White Flare #043/086 Poke Ball Reverse Holo Raw TCG (Near Mint)","120.81","$1.80","$1.49","$3.29 (10/17/2025)","$2.11","$1.00","$3.29","-50.00","5","$10.56"
"Lampent 2025 Scarlet & Violet: White Flare #017/086 Master Ball Reverse Holo Raw TCG (Near Mint)","119.89","$8.38","$6.99","$15.37 (10/21/2025)","$9.42","$5.89","$15.37","-75.00","3","$28.25"
"Zoroark 2025 Scarlet & Violet: White Flare #062/086 Poke Ball Reverse Holo Raw TCG (Near Mint)","116.00","$1.74","$1.50","$3.24 (10/22/2025)","$1.97","$1.00","$3.24","28.57","9","$17.73"
"Lillipup 2025 Scarlet & Violet: White Flare #074/086 Master Ball Reverse Holo Raw TCG (Near Mint)","115.60","$1.45","$1.25","$2.70 (10/18/2025)","$2.71","$1.25","$4.95","-37.50","5","$13.54"
"Herdier 2025 Scarlet & Violet: White Flare #075/086 Master Ball Reverse Holo Raw TCG (Near Mint)","114.79","$4.58","$3.99","$8.57 (10/24/2025)","$6.84","$3.99","$8.57","-25.00","3","$20.51"
"Team Rocket's Articuno 2025 Scarlet & Violet: Destined Rivals #051/182 Reverse Holo Raw TCG (Near Mint)","114.71","$1.17","$1.02","$2.19 (10/24/2025)","$1.92","$1.02","$4.01","0.00","13","$24.94"
"Sawk 2025 Japanese Scarlet & Violet: White Flare #128/086 Art Rare Raw TCG (Near Mint)","114.59","$2.67","$2.33","$5.00 (10/23/2025)","$4.25","$1.61","$6.73","-40.74","16","$68.07"
"Heatran 2025 Scarlet & Violet: Prismatic Evolutions #068/131 Poke Ball Reverse Holo Raw TCG (Near Mint)","114.29","$1.60","$1.40","$3.00 (10/15/2025)","$2.05","$1.40","$3.00","200.00","3","$6.15"
"Groudon 2025 Scarlet & Violet: Prismatic Evolutions #049/131 Master Ball Reverse Holo Raw TCG (Near Mint)","114.12","$9.13","$8.00","$17.13 (10/24/2025)","$10.86","$5.00","$17.13","30.00","13","$141.16"
"Galvantula 2025 Scarlet & Violet: White Flare #034/086 Master Ball Reverse Holo Raw TCG (Near Mint)","113.63","$5.67","$4.99","$10.66 (10/24/2025)","$6.72","$4.99","$10.66","-25.00","6","$40.30"
"Cynthia's Milotic 2025 Scarlet & Violet: Destined Rivals #053/182 Base Raw TCG (Near Mint)","111.90","$1.88","$1.68","$3.56 (10/04/2025)","$2.62","$1.68","$3.56","-33.33","2","$5.24"
"Misty's Lapras 2025 Scarlet & Violet: Destined Rivals #050/182 Reverse Holo Raw TCG (Near Mint)","111.11","$1.10","$0.99","$2.09 (10/19/2025)","$1.85","$0.99","$2.99","70.00","17","$31.44"
"Mega Abomasnow ex 2025 Japanese Mega Symphonia #18/63 Double Rare Raw TCG (Near Mint)","110.58","$1.04","$0.95","$1.99 (10/24/2025)","$1.35","$0.90","$2.14","-57.58","14","$18.91"
"Team Rocket's Archer 2025 Scarlet & Violet: Destined Rivals #170/182 Reverse Holo Raw TCG (Near Mint)","110.40","$1.38","$1.25","$2.63 (10/23/2025)","$2.12","$1.25","$2.66","0.00","12","$25.45"
"Lacey 2025 Scarlet & Violet: Prismatic Evolutions #114/131 Reverse Holo Raw TCG (Near Mint)","108.87","$1.35","$1.24","$2.59 (10/23/2025)","$1.92","$1.24","$2.59","0.00","2","$3.83"
"Throh 2025 Scarlet & Violet: Black Bolt #050/086 Poke Ball Reverse Holo Raw TCG (Near Mint)","108.12","$1.73","$1.60","$3.33 (09/28/2025)","$2.46","$1.60","$3.33","-66.67","2","$4.93"
"Shaymin 2025 Japanese Scarlet & Violet: Heat Wave Arena #066/063 Art Rare Raw TCG (Near Mint)","107.12","$5.87","$5.48","$11.35 (10/22/2025)","$7.11","$2.50","$11.35","-37.50","25","$177.77"
"Bloodmoon Ursaluna 2025 Scarlet & Violet: Prismatic Evolutions #054/131 Poke Ball Reverse Holo Raw TCG (Near Mint)","106.03","$2.11","$1.99","$4.10 (10/21/2025)","$3.04","$1.51","$4.10","33.33","8","$24.31"
"Bisharp 2025 Scarlet & Violet: Black Bolt #065/086 Master Ball Reverse Holo Raw TCG (Near Mint)","105.00","$6.30","$6.00","$12.30 (10/17/2025)","$8.23","$6.00","$12.30","-25.00","3","$24.70"
"Iron Boulder 2025 Scarlet & Violet: Prismatic Evolutions #046/131 Master Ball Reverse Holo Raw TCG (Near Mint)","103.86","$7.26","$6.99","$14.25 (10/21/2025)","$7.83","$2.25","$14.25","-20.00","8","$62.67"
"Giacomo 2025 Scarlet & Violet: Prismatic Evolutions #138/131 Ultra Rare (Full Art) Raw TCG (Near Mint)","103.06","$1.80","$1.74","$3.54 (10/24/2025)","$2.30","$1.25","$5.01","85.00","37","$85.23"
"Sacred Ash 2025 Scarlet & Violet: Destined Rivals #168/182 Reverse Holo Raw TCG (Near Mint)","103.03","$1.02","$0.99","$2.01 (10/18/2025)","$1.70","$0.99","$2.38","166.67","8","$13.63"
"Groudon 2025 Scarlet & Violet: Prismatic Evolutions #049/131 Poke Ball Reverse Holo Raw TCG (Near Mint)","102.86","$1.44","$1.40","$2.84 (10/22/2025)","$2.27","$1.40","$3.00","20.00","6","$13.63"
"Flutter Mane 2025 Scarlet & Violet: Prismatic Evolutions #043/131 Poke Ball Reverse Holo Raw TCG (Near Mint)","102.86","$1.44","$1.40","$2.84 (10/24/2025)","$1.81","$0.99","$3.00","120.00","11","$19.91"
"Meowscarada 2025 Scarlet & Violet: Journey Together #018/159 Holo Raw TCG (Near Mint)","102.86","$0.72","$0.70","$1.42 (10/18/2025)","$2.10","$0.70","$2.99","100.00","6","$12.59"
"Iono's Bellibolt ex 2025 Scarlet & Violet: Journey Together #053/159 Double Rare Raw TCG (Near Mint)","102.31","$1.77","$1.73","$3.50 (10/24/2025)","$2.24","$0.99","$4.50","3.85","27","$60.60"
"Whimsicott ex 2025 Japanese Scarlet & Violet: White Flare #167/086 Special Art Rare Raw TCG (Near Mint)","101.89","$11.35","$11.14","$22.49 (10/19/2025)","$18.43","$11.14","$22.49","-40.00","6","$110.55"
"Litwick 2025 Scarlet & Violet: White Flare #016/086 Reverse Holo Raw TCG (Near Mint)","101.01","$1.00","$0.99","$1.99 (10/07/2025)","$1.76","$0.99","$2.94","0.00","5","$8.79"
"Team Rocket's Tyranitar 2025 Scarlet & Violet: Destined Rivals #096/182 Holo Raw TCG (Near Mint)","101.01","$1.00","$0.99","$1.99 (10/23/2025)","$1.74","$0.99","$4.00","-58.14","18","$31.31"
"Mega Mawile ex 2025 Japanese Mega Brave #46/63 Double Rare Raw TCG (Near Mint)","101.01","$1.00","$0.99","$1.99 (10/24/2025)","$1.60","$0.99","$2.67","-61.54","15","$24.06"
"Ethan's Typhlosion 2025 Scarlet & Violet: Destined Rivals #034/182 Holo Raw TCG (Near Mint)","100.81","$1.25","$1.24","$2.49 (10/22/2025)","$1.80","$1.24","$2.50","-28.57","15","$27.05"
"Tornadus 2025 Scarlet & Violet: White Flare #078/086 Master Ball Reverse Holo Raw TCG (Near Mint)","100.25","$4.00","$3.99","$7.99 (10/12/2025)","$5.66","$3.99","$7.99","50.00","3","$16.97"
"Sneasel 2025 Scarlet & Violet: Prismatic Evolutions #061/131 Poke Ball Reverse Holo Raw TCG (Near Mint)","100.00","$1.99","$1.99","$3.98 (09/30/2025)","$2.98","$1.99","$3.98","-33.33","2","$5.97"
"Pawniard 2025 Scarlet & Violet: Black Bolt #142/086 Illustration Rare Raw TCG (Near Mint)","100.00","$3.25","$3.25","$6.50 (10/24/2025)","$6.45","$2.66","$10.00","-25.00","18","$116.11"
"Excadrill ex 2025 Japanese Scarlet & Violet: Black Bolt #163/086 Super Rare (Full Art) Raw TCG (Near Mint)","100.00","$1.99","$1.99","$3.98 (10/24/2025)","$2.99","$1.99","$3.98","0.00","3","$8.96"
"Sandile 2025 Scarlet & Violet: Black Bolt #135/086 Illustration Rare Raw TCG (Near Mint)","99.83","$5.99","$6.00","$11.99 (10/20/2025)","$8.15","$4.00","$13.22","-18.92","30","$244.56"
"Simipour 2025 Scarlet & Violet: Black Bolt #018/086 Master Ball Reverse Holo Raw TCG (Near Mint)","99.67","$2.99","$3.00","$5.99 (10/24/2025)","$5.00","$3.00","$5.99","-55.56","4","$19.98"
"Klink 2025 Scarlet & Violet: Black Bolt #061/086 Poke Ball Reverse Holo Raw TCG (Near Mint)","99.49","$0.98","$0.99","$1.97 (10/07/2025)","$1.65","$0.99","$2.55","-25.00","3","$4.94"
"Vanillite 2025 Scarlet & Violet: White Flare #027/086 Poke Ball Reverse Holo Raw TCG (Near Mint)","99.33","$1.49","$1.50","$2.99 (10/11/2025)","$1.83","$1.34","$2.99","-50.00","4","$7.33"
"Team Rocket's Meowth 2025 Scarlet & Violet: Destined Rivals #149/182 Reverse Holo Raw TCG (Near Mint)","99.20","$1.24","$1.25","$2.49 (10/24/2025)","$1.65","$1.07","$2.49","-36.36","7","$11.56"
"Dudunsparce 2025 Scarlet & Violet: Prismatic Evolutions #080/131 Poke Ball Reverse Holo Raw TCG (Near Mint)","98.88","$1.77","$1.79","$3.56 (10/24/2025)","$1.74","$1.29","$3.56","400.00","15","$26.14"
"Zorua 2025 Scarlet & Violet: White Flare #061/086 Reverse Holo Raw TCG (Near Mint)","98.00","$0.98","$1.00","$1.98 (10/15/2025)","$1.49","$1.00","$1.98","0.00","2","$2.98"
"Wailord 2025 Scarlet & Violet: Journey Together #041/159 Holo Raw TCG (Near Mint)","97.84","$1.28","$1.31","$2.60 (10/24/2025)","$2.45","$0.99","$4.29","90.00","19","$46.60"
"Ducklett 2025 Scarlet & Violet: White Flare #109/086 Illustration Rare Raw TCG (Near Mint)","97.16","$10.41","$10.71","$21.12 (10/24/2025)","$14.42","$7.50","$28.00","10.94","71","$1023.55"
"Frillish 2025 Scarlet & Violet: White Flare #044/086 Reverse Holo Raw TCG (Near Mint)","96.97","$0.96","$0.99","$1.95 (10/12/2025)","$1.31","$0.99","$1.95","-40.00","3","$3.93"
"Team Rocket's Nidoran 2025 Scarlet & Violet: Destined Rivals #114/182 Reverse Holo Raw TCG (Near Mint)","96.97","$0.96","$0.99","$1.95 (10/24/2025)","$1.57","$0.99","$2.49","-10.00","9","$14.12"
"Vullaby 2025 Japanese Scarlet & Violet: Black Bolt #144/086 Art Rare Raw TCG (Near Mint)","96.66","$4.92","$5.09","$10.01 (10/24/2025)","$6.09","$4.25","$10.01","-28.57","10","$60.95"
"Escavalier 2025 Scarlet & Violet: Black Bolt #060/086 Poke Ball Reverse Holo Raw TCG (Near Mint)","96.41","$1.88","$1.95","$3.83 (10/16/2025)","$2.66","$1.95","$3.83","0.00","4","$10.66"
"Cynthia's Roselia 2025 Scarlet & Violet: Destined Rivals #007/182 Reverse Holo Raw TCG (Near Mint)","95.00","$0.95","$1.00","$1.95 (10/24/2025)","$1.96","$1.00","$2.99","15.38","15","$29.34"
"Frillish 2025 Scarlet & Violet: White Flare #044/086 Base Raw TCG (Near Mint)","94.63","$1.41","$1.49","$2.90 (10/22/2025)","$2.25","$1.42","$2.90","50.00","6","$13.52"
"Maractus 2025 Japanese Scarlet & Violet: Battle Partners #101/100 Art Rare Raw TCG (Near Mint)","93.02","$1.20","$1.29","$2.49 (10/24/2025)","$2.61","$0.99","$5.76","8.57","38","$99.15"
"Marshadow 2025 Japanese Mega Brave #69/63 Art Rare Raw TCG (Near Mint)","93.01","$5.29","$5.69","$10.97 (10/24/2025)","$12.41","$1.50","$27.00","0.67","151","$1874.09"
"Munkidori 2025 Scarlet & Violet: Prismatic Evolutions #044/131 Master Ball Reverse Holo Raw TCG (Near Mint)","92.52","$12.00","$12.97","$24.97 (10/21/2025)","$13.19","$7.50","$24.97","0.00","7","$92.30"
"Levincia 2025 Japanese Scarlet & Violet: Heat Wave Arena #092/063 Ultra Rare (Secret) Raw TCG (Near Mint)","91.50","$5.49","$6.00","$11.49 (10/20/2025)","$8.75","$6.00","$14.99","100.00","4","$34.98"
"Lillie's Determination 2025 Japanese Mega Brave #86/63 Super Rare (Full Art) Raw TCG (Near Mint)","91.30","$45.65","$50.00","$95.65 (10/23/2025)","$47.97","$24.50","$95.94","-63.48","42","$2014.69"
"Black Belt's Training 2025 Scarlet & Violet: Prismatic Evolutions #098/131 Poke Ball Reverse Holo Raw TCG (Near Mint)","90.91","$0.90","$0.99","$1.89 (10/24/2025)","$2.16","$0.99","$3.99","200.00","6","$12.95"
"Sylveon 2025 Scarlet & Violet: Prismatic Evolutions #040/131 Holo Raw TCG (Near Mint)","90.16","$1.15","$1.27","$2.42 (10/24/2025)","$2.23","$0.99","$9.99","81.82","40","$89.07"
"Teal Mask Ogerpon ex 2025 Scarlet & Violet: Prismatic Evolutions #012/131 Double Rare Raw TCG (Near Mint)","89.97","$2.69","$2.99","$5.68 (10/22/2025)","$4.33","$2.99","$5.68","-85.71","2","$8.67"
"Team Rocket's Zapdos 2025 Scarlet & Violet: Destined Rivals #070/182 Holo Raw TCG (Near Mint)","89.90","$0.89","$0.99","$1.88 (10/23/2025)","$1.63","$0.99","$3.15","3.85","27","$44.04"
"Eelektrik 2025 Scarlet & Violet: Black Bolt #031/086 Reverse Holo Raw TCG (Near Mint)","89.66","$1.30","$1.45","$2.75 (10/07/2025)","$2.10","$1.45","$2.75","-33.33","2","$4.20"
"Lampent 2025 Scarlet & Violet: White Flare #102/086 Illustration Rare Raw TCG (Near Mint)","89.17","$5.35","$6.00","$11.35 (10/23/2025)","$8.79","$1.25","$15.99","-44.29","39","$342.79"
"Pawniard 2025 Scarlet & Violet: Black Bolt #064/086 Master Ball Reverse Holo Raw TCG (Near Mint)","88.33","$1.59","$1.80","$3.39 (10/20/2025)","$4.44","$1.80","$10.33","33.33","8","$35.49"
"Mega Kangaskhan ex 2025 Japanese Mega Symphonia #51/63 Double Rare Raw TCG (Near Mint)","88.04","$1.84","$2.09","$3.93 (10/23/2025)","$1.94","$0.90","$3.99","-36.54","33","$63.86"
"Eri 2025 Scarlet & Violet: Prismatic Evolutions #136/131 Ultra Rare (Full Art) Raw TCG (Near Mint)","87.84","$2.44","$2.77","$5.21 (10/24/2025)","$3.00","$0.99","$10.98","21.92","89","$266.80"
"N's Zorua 2025 Japanese Scarlet & Violet: Battle Partners #108/100 Art Rare Raw TCG (Near Mint)","86.73","$5.10","$5.88","$10.98 (10/24/2025)","$5.41","$1.75","$10.98","-20.00","44","$238.13"
"Drilbur 2025 Scarlet & Violet: Black Bolt #045/086 Master Ball Reverse Holo Raw TCG (Near Mint)","86.41","$2.67","$3.09","$5.76 (10/17/2025)","$4.11","$1.99","$7.05","50.00","9","$36.99"
"Cubone 2025 Scarlet & Violet: Journey Together #076/159 Base Raw TCG (Near Mint)","86.00","$0.86","$1.00","$1.86 (10/03/2025)","$1.43","$1.00","$1.86","-33.33","2","$2.86"
"Scrafty 2025 Scarlet & Violet: White Flare #058/086 Master Ball Reverse Holo Raw TCG (Near Mint)","85.81","$3.69","$4.30","$7.99 (10/24/2025)","$5.79","$2.86","$7.99","0.00","6","$34.71"
"Atticus 2025 Scarlet & Violet: Prismatic Evolutions #133/131 Ultra Rare (Full Art) Raw TCG (Near Mint)","85.66","$2.18","$2.54","$4.72 (10/24/2025)","$2.33","$0.85","$6.59","37.84","51","$118.85"
"Jolteon 2025 Scarlet & Violet: Prismatic Evolutions #029/131 Reverse Holo Raw TCG (Near Mint)","85.58","$1.84","$2.15","$3.99 (10/21/2025)","$2.23","$1.49","$3.99","100.00","12","$26.74"
"Leavanny 2025 Scarlet & Violet: White Flare #003/086 Reverse Holo Raw TCG (Near Mint)","85.22","$0.98","$1.15","$2.13 (10/13/2025)","$1.32","$1.00","$2.13","33.33","4","$5.28"
"Drilbur 2025 Japanese Scarlet & Violet: Black Bolt #130/086 Art Rare Raw TCG (Near Mint)","85.12","$1.83","$2.15","$3.98 (10/24/2025)","$3.74","$2.15","$5.87","15.38","15","$56.12"
"Carracosta 2025 Scarlet & Violet: Black Bolt #023/086 Holo Raw TCG (Near Mint)","84.88","$0.73","$0.86","$1.59 (10/16/2025)","$1.30","$0.86","$1.59","0.00","3","$3.89"
"Lampent 2025 Scarlet & Violet: White Flare #017/086 Reverse Holo Raw TCG (Near Mint)","84.48","$0.98","$1.16","$2.14 (10/23/2025)","$1.76","$1.16","$2.14","200.00","3","$5.29"
"Kirlia 2025 Mega Evolution #059/132 Base Raw TCG (Near Mint)","84.44","$0.76","$0.90","$1.66 (10/23/2025)","$1.91","$0.85","$6.63","550.00","26","$49.70"
"Lillipup 2025 Scarlet & Violet: White Flare #074/086 Poke Ball Reverse Holo Raw TCG (Near Mint)","84.44","$1.14","$1.35","$2.49 (10/19/2025)","$2.83","$1.35","$7.49","-16.67","5","$14.17"
"Liepard 2025 Scarlet & Violet: White Flare #056/086 Reverse Holo Raw TCG (Near Mint)","84.44","$1.14","$1.35","$2.49 (10/06/2025)","$1.92","$1.35","$2.49","100.00","2","$3.84"
"Team Rocket's Zapdos 2025 Scarlet & Violet: Destined Rivals #070/182 Reverse Holo Raw TCG (Near Mint)","84.00","$1.47","$1.75","$3.22 (10/24/2025)","$2.10","$1.75","$3.22","0.00","16","$33.53"
"Tyranitar 2025 Japanese Scarlet & Violet: Battle Partners #058/100 Holo Raw TCG (Near Mint)","81.82","$0.81","$0.99","$1.80 (10/08/2025)","$1.40","$0.99","$1.80","0.00","2","$2.79"
"Chandelure 2025 Scarlet & Violet: White Flare #018/086 Holo Raw TCG (Near Mint)","80.91","$0.89","$1.10","$1.99 (10/07/2025)","$1.40","$1.10","$1.99","-40.00","3","$4.21"
"Ninjask 2025 Mega Evolution #137/132 Illustration Rare Raw TCG (Near Mint)","80.83","$5.82","$7.20","$13.02 (10/24/2025)","$8.14","$2.75","$16.45","1081.25","189","$1537.92"
"Furret 2025 Scarlet & Violet: Journey Together #119/159 Base Raw TCG (Near Mint)","80.81","$0.80","$0.99","$1.79 (09/28/2025)","$1.39","$0.99","$1.79","100.00","2","$2.78"
"Team Rocket's Bother-Bot 2025 Scarlet & Violet: Destined Rivals #172/182 Base Raw TCG (Near Mint)","80.81","$0.80","$0.99","$1.79 (10/17/2025)","$1.39","$0.99","$1.79","100.00","2","$2.78"
"Crustle 2025 Scarlet & Violet: Destined Rivals #012/182 Reverse Holo Raw TCG (Near Mint)","80.81","$0.80","$0.99","$1.79 (10/09/2025)","$1.70","$0.99","$2.22","-50.00","5","$8.48"
"Mega Manectric ex 2025 Japanese Mega Symphonia #32/63 Double Rare Raw TCG (Near Mint)","80.65","$1.25","$1.55","$2.80 (10/24/2025)","$1.88","$0.99","$5.50","-27.27","24","$45.01"
"Misty's Psyduck 2025 Scarlet & Violet: Destined Rivals #045/182 Base Raw TCG (Near Mint)","80.61","$0.79","$0.98","$1.77 (10/23/2025)","$1.58","$0.98","$1.99","33.33","8","$12.67"
"Cryogonal 2025 Scarlet & Violet: Black Bolt #027/086 Master Ball Reverse Holo Raw TCG (Near Mint)","80.16","$4.00","$4.99","$8.99 (10/24/2025)","$8.22","$4.99","$10.67","-66.67","3","$24.65"
"Pawniard 2025 Scarlet & Violet: Black Bolt #064/086 Poke Ball Reverse Holo Raw TCG (Near Mint)","79.29","$1.11","$1.40","$2.51 (10/08/2025)","$1.95","$1.40","$2.51","100.00","2","$3.91"
"Fezandipiti 2025 Scarlet & Violet: Prismatic Evolutions #045/131 Master Ball Reverse Holo Raw TCG (Near Mint)","78.77","$2.56","$3.25","$5.81 (10/24/2025)","$8.96","$3.25","$14.72","33.33","4","$35.82"
"Scolipede 2025 Scarlet & Violet: Black Bolt #056/086 Poke Ball Reverse Holo Raw TCG (Near Mint)","78.62","$1.14","$1.45","$2.59 (10/18/2025)","$2.02","$1.45","$2.59","0.00","4","$8.09"
"Emolga 2025 Scarlet & Violet: Black Bolt #029/086 Poke Ball Reverse Holo Raw TCG (Near Mint)","78.21","$1.53","$1.95","$3.48 (10/19/2025)","$2.25","$0.99","$5.50","-30.00","7","$15.74"
"Pokemon Center Lady 2025 Mega Evolution #123/132 Base Raw TCG (Near Mint)","78.20","$0.82","$1.06","$1.88 (10/09/2025)","$1.33","$1.03","$1.88","0.00","3","$3.99"
"Tympole 2025 Scarlet & Violet: Black Bolt #019/086 Poke Ball Reverse Holo Raw TCG (Near Mint)","77.86","$1.09","$1.40","$2.49 (10/24/2025)","$1.60","$1.00","$2.49","100.00","6","$9.58"
"Vanillite 2025 Scarlet & Violet: White Flare #111/086 Illustration Rare Raw TCG (Near Mint)","77.48","$4.40","$5.69","$10.09 (10/24/2025)","$8.78","$4.00","$15.68","4.35","48","$421.44"
"Frillish 2025 Scarlet & Violet: White Flare #044/086 Master Ball Reverse Holo Raw TCG (Near Mint)","77.33","$2.32","$3.00","$5.32 (10/24/2025)","$4.32","$2.75","$6.54","-61.54","5","$21.60"
"Buneary 2025 Scarlet & Violet: Prismatic Evolutions #083/131 Reverse Holo Raw TCG (Near Mint)","77.14","$0.54","$0.70","$1.24 (10/24/2025)","$1.38","$0.70","$2.10","100.00","4","$5.53"
"Kyurem ex 2025 Scarlet & Violet: Black Bolt #157/086 Ultra Rare (Full Art) Raw TCG (Near Mint)","76.77","$1.79","$2.33","$4.11 (10/24/2025)","$3.33","$1.00","$5.99","-20.45","35","$116.54"
"Team Rocket's Orbeetle 2025 Scarlet & Violet: Destined Rivals #089/182 Reverse Holo Raw TCG (Near Mint)","76.77","$0.76","$0.99","$1.75 (10/20/2025)","$1.70","$0.99","$2.49","40.00","7","$11.88"
"Iono's Bellibolt ex 2025 Japanese Scarlet & Violet: Battle Partners #114/100 Super Rare (Full Art) Raw TCG (Near Mint)","76.39","$2.33","$3.05","$5.38 (10/22/2025)","$6.08","$3.05","$9.81","-53.33","7","$42.57"
"Banette 2025 Scarlet & Violet: Journey Together #060/159 Base Raw TCG (Near Mint)","75.76","$0.75","$0.99","$1.74 (10/21/2025)","$1.36","$0.99","$1.74","100.00","2","$2.73"
"Marshadow 2025 Japanese Mega Brave #32/63 Base Raw TCG (Near Mint)","75.76","$0.75","$0.99","$1.74 (10/15/2025)","$1.18","$0.99","$1.74","0.00","4","$4.71"
"Reshiram 2025 Japanese Mega: Inferno X #17/80 Holo Raw TCG (Near Mint)","75.76","$0.75","$0.99","$1.74 (10/23/2025)","$1.24","$0.99","$1.74","0.00","3","$3.72"
"Umbreon 2025 Scarlet & Violet: Prismatic Evolutions #059/131 Holo Raw TCG (Near Mint)","75.67","$1.13","$1.50","$2.63 (10/23/2025)","$2.19","$0.99","$5.38","41.67","51","$111.62"
"Banette 2025 Scarlet & Violet: Journey Together #060/159 Reverse Holo Raw TCG (Near Mint)","75.63","$0.90","$1.19","$2.09 (10/23/2025)","$1.61","$1.19","$2.09","-25.00","6","$9.64"
"Lopunny 2025 Scarlet & Violet: Prismatic Evolutions #084/131 Poke Ball Reverse Holo Raw TCG (Near Mint)","75.00","$0.75","$1.00","$1.75 (10/23/2025)","$1.45","$0.74","$1.80","80.00","9","$13.02"
"Yanmega ex 2025 Japanese Scarlet & Violet: Heat Wave Arena #076/063 Super Rare (Full Art) Raw TCG (Near Mint)","74.92","$2.24","$2.99","$5.23 (10/21/2025)","$4.11","$2.99","$5.23","300.00","4","$16.44"
"Yamper 2025 Japanese Mega: Inferno X #30/80 Base Raw TCG (Near Mint)","74.67","$1.12","$1.50","$2.62 (10/10/2025)","$1.88","$1.50","$2.62","0.00","5","$9.42"
"Hearthflame Mask Ogerpon ex 2025 Scarlet & Violet: Prismatic Evolutions #017/131 Double Rare Raw TCG (Near Mint)","74.07","$2.00","$2.70","$4.70 (10/23/2025)","$2.61","$1.01","$4.70","0.00","12","$31.31"
"Roaring Moon 2025 Scarlet & Violet: Prismatic Evolutions #065/131 Poke Ball Reverse Holo Raw TCG (Near Mint)","73.38","$1.13","$1.54","$2.67 (10/19/2025)","$2.32","$1.54","$2.75","-57.14","3","$6.96"
"Hippowdon 2025 Scarlet & Violet: Prismatic Evolutions #053/131 Poke Ball Reverse Holo Raw TCG (Near Mint)","73.17","$1.20","$1.64","$2.84 (10/24/2025)","$1.65","$1.30","$2.84","80.00","9","$14.89"
"Eelektross 2025 Scarlet & Violet: Black Bolt #115/086 Illustration Rare Raw TCG (Near Mint)","72.55","$7.98","$11.00","$18.98 (10/23/2025)","$14.11","$7.00","$25.39","-30.00","14","$197.49"
"Slowking 2025 Scarlet & Violet: Prismatic Evolutions #019/131 Poke Ball Reverse Holo Raw TCG (Near Mint)","72.14","$1.01","$1.40","$2.41 (10/05/2025)","$1.84","$1.33","$2.67","25.00","5","$9.21"
"Moltres 2025 Japanese Mega: Inferno X #14/80 Base Raw TCG (Near Mint)","72.00","$1.08","$1.50","$2.58 (10/12/2025)","$2.04","$1.50","$2.58","0.00","2","$4.08"
"Ponyta 2025 Japanese Scarlet & Violet: Heat Wave Arena #013/063 Base Raw TCG (Near Mint)","72.00","$0.72","$1.00","$1.72 (10/16/2025)","$1.24","$1.00","$1.72","0.00","3","$3.72"
"Piplup 2025 Japanese Mega: Inferno X #27/80 Base Raw TCG (Near Mint)","71.72","$0.71","$0.99","$1.70 (10/22/2025)","$1.60","$0.99","$2.59","0.00","17","$27.25"
"Garganacl 2025 Mega Evolution #084/132 Reverse Holo Raw TCG (Near Mint)","71.28","$1.39","$1.95","$3.34 (10/22/2025)","$2.06","$0.99","$3.34","0.00","4","$8.23"
"Durant 2025 Scarlet & Violet: White Flare #070/086 Master Ball Reverse Holo Raw TCG (Near Mint)","71.20","$3.56","$5.00","$8.56 (10/24/2025)","$6.16","$3.45","$10.67","16.67","7","$43.12"
"Stoutland 2025 Scarlet & Violet: White Flare #076/086 Master Ball Reverse Holo Raw TCG (Near Mint)","71.14","$2.49","$3.50","$5.99 (10/24/2025)","$8.37","$3.50","$14.33","-28.57","5","$41.83"
"Hop's Cramorant 2025 Scarlet & Violet: Journey Together #138/159 Reverse Holo Raw TCG (Near Mint)","70.71","$0.70","$0.99","$1.69 (10/03/2025)","$1.77","$0.99","$2.64","-57.14","3","$5.32"
"Pachirisu 2025 Mega Evolution #051/132 Reverse Holo Raw TCG (Near Mint)","70.71","$0.70","$0.99","$1.69 (10/21/2025)","$1.80","$0.99","$4.03","0.00","14","$25.24"
"Boldore 2025 Scarlet & Violet: White Flare #047/086 Reverse Holo Raw TCG (Near Mint)","70.69","$0.82","$1.16","$1.98 (10/15/2025)","$1.57","$1.16","$1.98","100.00","2","$3.14"
"Dewott 2025 Scarlet & Violet: White Flare #022/086 Reverse Holo Raw TCG (Near Mint)","70.69","$0.82","$1.16","$1.98 (10/15/2025)","$1.57","$1.16","$1.98","-33.33","2","$3.14"
"Team Rocket's Watchtower 2025 Scarlet & Violet: Destined Rivals #180/182 Base Raw TCG (Near Mint)","70.55","$1.03","$1.46","$2.49 (10/20/2025)","$1.84","$1.46","$2.49","-16.67","5","$9.21"
"Gigalith 2025 Japanese Scarlet & Violet: White Flare #127/086 Art Rare Raw TCG (Near Mint)","70.00","$3.50","$5.00","$8.50 (10/24/2025)","$5.28","$3.58","$8.50","6.67","16","$84.45"
"Excadrill ex 2025 Scarlet & Violet: Black Bolt #160/086 Ultra Rare (Full Art) Raw TCG (Near Mint)","69.70","$0.69","$0.99","$1.68 (10/24/2025)","$2.43","$0.99","$4.64","23.81","52","$126.21"
"Cynthia's Feebas 2025 Scarlet & Violet: Destined Rivals #052/182 Reverse Holo Raw TCG (Near Mint)","69.19","$0.68","$0.99","$1.67 (10/22/2025)","$1.62","$0.99","$1.99","-35.71","9","$14.58"
"Ethan's Quilava 2025 Scarlet & Violet: Destined Rivals #033/182 Base Raw TCG (Near Mint)","68.69","$0.68","$0.99","$1.67 (10/21/2025)","$1.38","$0.99","$1.67","-50.00","3","$4.15"
"Premium Power Pro 2025 Japanese Mega Brave #81/63 Super Rare (Full Art) Raw TCG (Near Mint)","68.67","$2.17","$3.16","$5.33 (10/14/2025)","$3.10","$2.05","$5.33","-53.85","6","$18.57"
"Carmine 2025 Scarlet & Violet: Prismatic Evolutions #103/131 Poke Ball Reverse Holo Raw TCG (Near Mint)","68.55","$1.09","$1.59","$2.68 (10/24/2025)","$1.92","$1.41","$2.68","20.00","6","$11.49"
"Team Rocket's Wobbuffet 2025 Scarlet & Violet: Destined Rivals #082/182 Holo Raw TCG (Near Mint)","67.11","$1.00","$1.49","$2.49 (10/22/2025)","$1.74","$0.99","$2.66","66.67","10","$17.43"
"Pecharunt ex 2025 Scarlet & Violet: Prismatic Evolutions #163/131 Special Illustration Rare Raw TCG (Near Mint)","66.67","$15.34","$23.00","$38.34 (10/24/2025)","$27.69","$20.50","$45.96","-6.67","14","$387.71"
"Sawk 2025 Scarlet & Violet: White Flare #049/086 Reverse Holo Raw TCG (Near Mint)","65.93","$0.89","$1.35","$2.24 (10/22/2025)","$1.80","$1.35","$2.24","0.00","2","$3.59"
"Snivy 2025 Japanese Scarlet & Violet: Black Bolt #087/086 Art Rare Raw TCG (Near Mint)","65.81","$5.27","$8.00","$13.27 (10/24/2025)","$10.01","$7.00","$22.50","-8.33","33","$330.45"
"Amoonguss 2025 Japanese Scarlet & Violet: Black Bolt #096/086 Art Rare Raw TCG (Near Mint)","65.80","$3.29","$5.00","$8.29 (10/24/2025)","$6.57","$3.50","$17.99","-22.50","31","$203.57"
"Cornerstone Mask Ogerpon 2025 Scarlet & Violet: Destined Rivals #111/182 Reverse Holo Raw TCG (Near Mint)","65.03","$1.19","$1.83","$3.02 (10/18/2025)","$2.11","$1.00","$3.02","-37.50","5","$10.56"
"Basculin 2025 Scarlet & Violet: White Flare #024/086 Master Ball Reverse Holo Raw TCG (Near Mint)","64.73","$2.18","$3.36","$5.54 (10/24/2025)","$3.64","$1.84","$7.82","-11.11","8","$29.14"
"Cynthia's Roserade 2025 Scarlet & Violet: Destined Rivals #008/182 Reverse Holo Raw TCG (Near Mint)","64.17","$0.77","$1.20","$1.97 (10/24/2025)","$1.61","$1.20","$1.99","-46.67","8","$12.89"
"Antique Plume Fossil 2025 Scarlet & Violet: White Flare #079/086 Reverse Holo Raw TCG (Near Mint)","63.89","$0.69","$1.08","$1.77 (10/13/2025)","$1.43","$1.08","$1.77","100.00","2","$2.85"
"Alolan Marowak 2025 Scarlet & Violet: Journey Together #057/159 Reverse Holo Raw TCG (Near Mint)","63.64","$0.63","$0.99","$1.62 (10/16/2025)","$1.55","$0.99","$2.01","-28.57","5","$7.73"
"Jellicent ex 2025 Japanese Scarlet & Violet: White Flare #162/086 Super Rare (Full Art) Raw TCG (Near Mint)","63.57","$1.78","$2.80","$4.58 (10/21/2025)","$3.69","$2.80","$4.58","0.00","2","$7.38"
"Levincia 2025 Scarlet & Violet: Journey Together #150/159 Base Raw TCG (Near Mint)","63.38","$0.45","$0.71","$1.16 (10/11/2025)","$0.93","$0.71","$1.16","0.00","2","$1.87"
"N's PP Up 2025 Scarlet & Violet: Journey Together #153/159 Reverse Holo Raw TCG (Near Mint)","63.29","$0.91","$1.43","$2.33 (10/24/2025)","$2.26","$0.99","$3.99","103.85","53","$119.66"
"Lillipup 2025 Scarlet & Violet: White Flare #154/086 Illustration Rare Raw TCG (Near Mint)","62.78","$7.13","$11.35","$18.48 (10/24/2025)","$18.02","$7.32","$29.98","-16.25","67","$1207.25"
"Rabsca ex 2025 Scarlet & Violet: Destined Rivals #025/182 Double Rare Raw TCG (Near Mint)","62.42","$0.93","$1.49","$2.42 (10/24/2025)","$2.08","$0.89","$3.94","-10.81","33","$68.71"
"Elgyem 2025 Scarlet & Violet: Black Bolt #040/086 Master Ball Reverse Holo Raw TCG (Near Mint)","62.40","$2.34","$3.75","$6.09 (10/12/2025)","$4.61","$3.75","$6.09","-66.67","3","$13.83"
"Lillie's Clefairy ex 2025 Japanese Scarlet & Violet: Battle Partners #115/100 Super Rare (Full Art) Raw TCG (Near Mint)","62.14","$5.74","$9.25","$14.99 (10/20/2025)","$10.41","$7.69","$14.99","-7.69","12","$124.90"
"Cubchoo 2025 Scarlet & Violet: Black Bolt #109/086 Illustration Rare Raw TCG (Near Mint)","61.69","$6.20","$10.05","$16.25 (10/24/2025)","$12.63","$7.00","$19.95","20.00","36","$454.82"
"Mamoswine ex 2025 Japanese Scarlet & Violet: Battle Partners #046/100 Double Rare Raw TCG (Near Mint)","61.62","$0.61","$0.99","$1.60 (10/10/2025)","$1.29","$0.99","$1.60","0.00","2","$2.59"
"Team Rocket's Larvitar 2025 Scarlet & Violet: Destined Rivals #094/182 Reverse Holo Raw TCG (Near Mint)","61.17","$0.95","$1.54","$2.49 (10/24/2025)","$1.62","$1.25","$2.49","0.00","6","$9.74"
"Lokix 2025 Scarlet & Violet: Journey Together #100/159 Reverse Holo Raw TCG (Near Mint)","60.89","$0.75","$1.24","$1.99 (10/19/2025)","$1.85","$1.24","$2.99","50.00","9","$16.69"
"Jigglypuff 2025 Japanese Mega: Inferno X #64/80 Base Raw TCG (Near Mint)","60.64","$0.75","$1.25","$2.00 (10/16/2025)","$1.71","$0.99","$2.00","0.00","11","$18.78"
"Arven's Mabosstiff ex 2025 Japanese Scarlet & Violet: Heat Wave Arena #081/063 Super Rare (Full Art) Raw TCG (Near Mint)","60.16","$2.25","$3.74","$5.99 (10/19/2025)","$4.87","$3.74","$5.99","-50.00","2","$9.73"
"Roggenrola 2025 Scarlet & Violet: White Flare #046/086 Master Ball Reverse Holo Raw TCG (Near Mint)","59.94","$1.87","$3.12","$4.99 (10/22/2025)","$4.27","$2.25","$7.99","200.00","12","$51.25"
"Noivern 2025 Scarlet & Violet: Journey Together #128/159 Reverse Holo Raw TCG (Near Mint)","59.20","$0.74","$1.25","$1.99 (10/21/2025)","$1.92","$1.25","$2.58","-33.33","10","$19.16"
"Chandelure 2025 Scarlet & Violet: White Flare #018/086 Poke Ball Reverse Holo Raw TCG (Near Mint)","59.15","$1.60","$2.71","$4.30 (10/13/2025)","$2.88","$1.50","$7.11","28.57","9","$25.96"
"Mega Absol ex 2025 Japanese Mega Brave #79/63 Super Rare (Full Art) Raw TCG (Near Mint)","59.14","$4.27","$7.22","$11.49 (10/24/2025)","$8.36","$5.89","$11.49","-60.82","38","$317.85"
"Combusken 2025 Scarlet & Violet: Destined Rivals #041/182 Reverse Holo Raw TCG (Near Mint)","58.87","$0.73","$1.24","$1.97 (10/22/2025)","$1.74","$1.24","$2.25","-46.15","7","$12.21"
"Timburr 2025 Scarlet & Violet: Black Bolt #047/086 Base Raw TCG (Near Mint)","58.59","$0.58","$0.99","$1.57 (09/29/2025)","$1.28","$0.99","$1.57","-33.33","2","$2.56"
"Escavalier 2025 Scarlet & Violet: Black Bolt #138/086 Illustration Rare Raw TCG (Near Mint)","58.36","$5.69","$9.75","$15.44 (10/16/2025)","$12.09","$9.75","$15.44","-82.61","4","$48.37"
"Ortega 2025 Scarlet & Violet: Prismatic Evolutions #141/131 Ultra Rare (Full Art) Raw TCG (Near Mint)","58.07","$0.92","$1.59","$2.51 (10/24/2025)","$2.23","$0.99","$5.35","77.78","48","$106.93"
"Zorua 2025 Scarlet & Violet: White Flare #142/086 Illustration Rare Raw TCG (Near Mint)","57.84","$10.99","$19.00","$29.99 (10/24/2025)","$20.31","$10.52","$36.32","-20.00","60","$1218.40"
"Cryogonal 2025 Scarlet & Violet: Black Bolt #027/086 Poke Ball Reverse Holo Raw TCG (Near Mint)","57.52","$0.98","$1.69","$2.67 (10/14/2025)","$2.50","$1.69","$3.95","33.33","4","$10.01"
"Karrablast 2025 Scarlet & Violet: Black Bolt #094/086 Illustration Rare Raw TCG (Near Mint)","57.37","$5.45","$9.50","$14.95 (10/24/2025)","$13.98","$9.50","$19.95","-72.22","5","$69.90"
"Duosion 2025 Scarlet & Violet: Black Bolt #119/086 Illustration Rare Raw TCG (Near Mint)","57.07","$4.00","$7.00","$11.00 (10/24/2025)","$10.56","$7.00","$20.74","81.82","60","$633.46"
"Zweilous 2025 Scarlet & Violet: White Flare #066/086 Poke Ball Reverse Holo Raw TCG (Near Mint)","57.06","$0.97","$1.70","$2.67 (10/06/2025)","$2.19","$1.70","$2.67","-33.33","2","$4.37"
"N's Zoroark ex 2025 Japanese Scarlet & Violet: Battle Partners #127/100 Special Art Rare Raw TCG (Near Mint)","56.75","$22.70","$40.00","$62.70 (10/22/2025)","$48.43","$37.50","$62.70","100.00","6","$290.58"
"Tyranitar ex 2025 Scarlet & Violet: Prismatic Evolutions #064/131 Double Rare Raw TCG (Near Mint)","56.64","$0.81","$1.43","$2.24 (10/24/2025)","$2.75","$1.00","$5.28","39.29","39","$107.28"
"Yamask 2025 Scarlet & Violet: White Flare #039/086 Master Ball Reverse Holo Raw TCG (Near Mint)","56.64","$2.26","$3.99","$6.25 (10/24/2025)","$4.97","$2.99","$6.25","-30.00","7","$34.78"
"Team Rocket's Pupitar 2025 Scarlet & Violet: Destined Rivals #095/182 Reverse Holo Raw TCG (Near Mint)","56.60","$0.90","$1.59","$2.49 (10/24/2025)","$1.85","$1.35","$2.69","-11.11","8","$14.83"
"Braviary 2025 Scarlet & Violet: Black Bolt #078/086 Poke Ball Reverse Holo Raw TCG (Near Mint)","56.51","$1.65","$2.92","$4.57 (10/23/2025)","$3.10","$1.99","$4.57","-20.00","4","$12.40"
"Mega Kangaskhan ex 2025 Japanese Mega Symphonia #80/63 Super Rare (Full Art) Raw TCG (Near Mint)","56.09","$3.59","$6.40","$9.99 (10/24/2025)","$7.56","$5.40","$9.99","-61.11","28","$211.56"
"Krookodile 2025 Scarlet & Violet: Black Bolt #059/086 Poke Ball Reverse Holo Raw TCG (Near Mint)","56.02","$0.93","$1.66","$2.59 (10/18/2025)","$2.35","$1.66","$3.83","25.00","5","$11.77"
"Simisage 2025 Scarlet & Violet: Black Bolt #090/086 Illustration Rare Raw TCG (Near Mint)","56.00","$3.92","$7.00","$10.92 (10/23/2025)","$9.85","$6.99","$14.99","-50.00","9","$88.69"
"Ethan's Adventure 2025 Japanese Scarlet & Violet: Heat Wave Arena #089/063 Special Art Rare Raw TCG (Near Mint)","55.21","$18.77","$34.00","$52.77 (10/07/2025)","$40.59","$34.00","$52.77","-57.14","3","$121.77"
"Tynamo 2025 Scarlet & Violet: Black Bolt #113/086 Illustration Rare Raw TCG (Near Mint)","55.16","$5.51","$9.99","$15.50 (10/20/2025)","$15.74","$9.49","$23.96","25.71","44","$692.48"
"Friends in Paldea 2025 Scarlet & Violet: Prismatic Evolutions #137/131 Ultra Rare (Full Art) Raw TCG (Near Mint)","55.11","$1.38","$2.50","$3.87 (10/24/2025)","$2.60","$0.99","$9.61","37.74","73","$190.09"
"Tirtouga 2025 Scarlet & Violet: Black Bolt #022/086 Reverse Holo Raw TCG (Near Mint)","55.00","$0.55","$1.00","$1.55 (10/24/2025)","$1.50","$1.00","$2.13","0.00","6","$9.02"
"Lopunny 2025 Scarlet & Violet: Prismatic Evolutions #084/131 Master Ball Reverse Holo Raw TCG (Near Mint)","54.81","$2.73","$4.99","$7.72 (10/20/2025)","$8.88","$1.75","$21.17","-14.29","6","$53.31"
"Surfing Beach 2025 Mega Evolution #129/132 Base Raw TCG (Near Mint)","54.78","$0.94","$1.73","$2.67 (10/24/2025)","$1.59","$0.99","$2.67","1700.00","18","$28.69"
"Virizion 2025 Scarlet & Violet: White Flare #010/086 Master Ball Reverse Holo Raw TCG (Near Mint)","54.64","$1.06","$1.94","$3.00 (10/24/2025)","$5.48","$1.94","$9.98","-33.33","4","$21.91"
"Mienshao 2025 Scarlet & Violet: White Flare #053/086 Reverse Holo Raw TCG (Near Mint)","54.31","$0.63","$1.16","$1.79 (10/02/2025)","$1.48","$1.16","$1.79","0.00","2","$2.95"
"Stoutland 2025 Scarlet & Violet: White Flare #076/086 Poke Ball Reverse Holo Raw TCG (Near Mint)","54.26","$0.70","$1.29","$1.99 (10/19/2025)","$1.57","$1.29","$1.99","-33.33","4","$6.28"
"Team Rocket's Arbok 2025 Scarlet & Violet: Destined Rivals #113/182 Reverse Holo Raw TCG (Near Mint)","54.26","$0.70","$1.29","$1.99 (10/22/2025)","$2.00","$1.29","$2.66","-25.00","12","$23.95"
"Steven's Claydol 2025 Scarlet & Violet: Destined Rivals #084/182 Reverse Holo Raw TCG (Near Mint)","54.24","$0.96","$1.77","$2.73 (10/24/2025)","$1.83","$1.25","$3.49","62.50","13","$23.80"
"Crustle 2025 Japanese Scarlet & Violet: Heat Wave Arena #067/063 Art Rare Raw TCG (Near Mint)","53.73","$1.73","$3.22","$4.95 (10/24/2025)","$3.57","$2.05","$5.98","0.00","14","$49.96"
"Simisear 2025 Scarlet & Violet: White Flare #015/086 Poke Ball Reverse Holo Raw TCG (Near Mint)","53.54","$0.53","$0.99","$1.52 (10/05/2025)","$1.25","$0.99","$1.52","-50.00","2","$2.51"
"Arven's Sandwich 2025 Scarlet & Violet: Destined Rivals #161/182 Reverse Holo Raw TCG (Near Mint)","53.50","$0.53","$1.00","$1.53 (10/17/2025)","$1.36","$1.00","$1.88","0.00","3","$4.07"
"Scream Tail 2025 Scarlet & Violet: Prismatic Evolutions #042/131 Poke Ball Reverse Holo Raw TCG (Near Mint)","53.14","$0.93","$1.75","$2.68 (10/24/2025)","$2.09","$1.50","$3.14","-40.00","6","$12.56"
"Lillie's Ribombee 2025 Scarlet & Violet: Journey Together #067/159 Holo Raw TCG (Near Mint)","52.86","$0.37","$0.70","$1.07 (10/14/2025)","$1.00","$0.70","$1.18","-54.55","5","$5.01"
"Mismagius ex 2025 Japanese Mega: Inferno X #36/80 Double Rare Raw TCG (Near Mint)","52.84","$0.93","$1.76","$2.69 (10/21/2025)","$2.05","$0.99","$5.00","0.00","13","$26.59"
"Aromatisse 2025 Scarlet & Violet: Prismatic Evolutions #039/131 Poke Ball Reverse Holo Raw TCG (Near Mint)","52.79","$1.42","$2.69","$4.11 (10/24/2025)","$2.80","$1.45","$4.11","0.00","4","$11.20"
"Scrafty 2025 Scarlet & Violet: White Flare #139/086 Illustration Rare Raw TCG (Near Mint)","52.43","$5.62","$10.72","$16.34 (10/24/2025)","$10.58","$5.00","$16.34","-6.45","29","$306.84"
"Rapidash 2025 Japanese Scarlet & Violet: Heat Wave Arena #069/063 Art Rare Raw TCG (Near Mint)","51.94","$2.54","$4.89","$7.43 (10/24/2025)","$4.98","$2.50","$7.43","-16.33","41","$204.21"
"Regigigas 2025 Scarlet & Violet: Prismatic Evolutions #086/131 Master Ball Reverse Holo Raw TCG (Near Mint)","51.88","$2.07","$3.99","$6.06 (10/24/2025)","$4.91","$1.99","$7.90","0.00","13","$63.81"
"Clawitzer 2025 Mega Evolution #038/132 Holo Raw TCG (Near Mint)","51.52","$0.51","$0.99","$1.50 (10/11/2025)","$1.48","$0.99","$1.96","0.00","3","$4.45"
"Ludicolo 2025 Japanese Mega: Inferno X #07/80 Base Raw TCG (Near Mint)","51.52","$0.51","$0.99","$1.50 (09/29/2025)","$1.33","$0.99","$1.50","0.00","3","$3.99"
"Roto-Stick 2025 Scarlet & Violet: Prismatic Evolutions #127/131 Poke Ball Reverse Holo Raw TCG (Near Mint)","51.01","$0.76","$1.49","$2.25 (10/15/2025)","$1.87","$1.49","$2.25","-60.00","2","$3.74"
"Heatmor 2025 Scarlet & Violet: White Flare #104/086 Illustration Rare Raw TCG (Near Mint)","50.78","$2.60","$5.13","$7.73 (10/24/2025)","$6.46","$3.50","$10.67","-50.88","28","$180.87"
"Suicune 2025 Scarlet & Violet: Prismatic Evolutions #024/131 Poke Ball Reverse Holo Raw TCG (Near Mint)","50.72","$0.70","$1.39","$2.09 (10/23/2025)","$2.31","$0.99","$6.35","150.00","25","$57.83"
"Inteleon 2025 Mega Evolution #041/132 Reverse Holo Raw TCG (Near Mint)","50.51","$0.50","$0.99","$1.49 (10/21/2025)","$1.58","$0.99","$1.99","25.00","5","$7.91"
"Tyranitar 2025 Scarlet & Violet: Journey Together #095/159 Holo Raw TCG (Near Mint)","50.51","$0.50","$0.99","$1.49 (10/18/2025)","$3.60","$0.85","$12.00","14.29","8","$28.79"
"Sacred Ash 2025 Scarlet & Violet: Destined Rivals #168/182 Base Raw TCG (Near Mint)","50.51","$0.50","$0.99","$1.49 (10/17/2025)","$1.24","$0.99","$1.49","0.00","2","$2.48"
"Tropius 2025 Scarlet & Violet: Journey Together #123/159 Base Raw TCG (Near Mint)","50.51","$0.50","$0.99","$1.49 (10/06/2025)","$1.24","$0.99","$1.49","0.00","2","$2.48"
"Spiritomb 2025 Mega Evolution #087/132 Reverse Holo Raw TCG (Near Mint)","50.51","$0.50","$0.99","$1.49 (10/23/2025)","$1.40","$0.99","$1.99","0.00","10","$14.00"
"Abra 2025 Japanese Mega Symphonia #36/63 Base Raw TCG (Near Mint)","50.51","$0.50","$0.99","$1.49 (10/08/2025)","$1.16","$0.99","$1.49","50.00","3","$3.47"
"Hydrapple 2025 Scarlet & Violet: Destined Rivals #018/182 Holo Raw TCG (Near Mint)","50.51","$0.50","$0.99","$1.49 (10/19/2025)","$1.42","$0.99","$2.41","-42.11","11","$15.62"
"Kadabra 2025 Japanese Mega Symphonia #37/63 Base Raw TCG (Near Mint)","50.51","$0.50","$0.99","$1.49 (10/08/2025)","$1.24","$0.99","$1.49","0.00","2","$2.48"
"Charcadet 2025 Japanese Mega: Inferno X #19/80 Base Raw TCG (Near Mint)","50.51","$0.50","$0.99","$1.49 (10/22/2025)","$1.56","$0.99","$2.99","0.00","9","$14.05"
"Ignition Energy 2025 Scarlet & Violet: White Flare #086/086 Reverse Holo Raw TCG (Near Mint)","50.25","$1.00","$1.99","$2.99 (10/14/2025)","$2.32","$0.99","$2.99","-72.73","3","$6.97"
"Zoroark 2025 Scarlet & Violet: White Flare #062/086 Master Ball Reverse Holo Raw TCG (Near Mint)","50.17","$4.51","$8.99","$13.50 (10/24/2025)","$12.98","$8.99","$21.39","-30.77","9","$116.85"
"Timburr 2025 Scarlet & Violet: Black Bolt #047/086 Master Ball Reverse Holo Raw TCG (Near Mint)","50.13","$2.00","$3.99","$5.99 (09/29/2025)","$4.99","$3.99","$5.99","-66.67","2","$9.98"
"Jolteon 2025 Scarlet & Violet: Prismatic Evolutions #029/131 Master Ball Reverse Holo Raw TCG (Near Mint)","50.10","$8.77","$17.49","$26.26 (10/24/2025)","$20.41","$15.97","$35.85","25.00","15","$306.13"
"Samurott 2025 Scarlet & Violet: White Flare #023/086 Holo Raw TCG (Near Mint)","49.54","$0.54","$1.09","$1.63 (10/23/2025)","$1.67","$1.00","$3.00","-41.67","7","$11.66"
"Team Rocket's Archer 2025 Scarlet & Violet: Destined Rivals #223/182 Ultra Rare (Full Art) Raw TCG (Near Mint)","49.42","$1.98","$4.00","$5.98 (10/22/2025)","$6.13","$2.99","$13.07","-30.51","41","$251.16"
"Ruffian 2025 Scarlet & Violet: Journey Together #157/159 Reverse Holo Raw TCG (Near Mint)","49.29","$0.69","$1.40","$2.09 (10/23/2025)","$1.52","$0.82","$2.09","83.33","11","$16.74"
"Latios 2025 Mega Evolution #101/132 Reverse Holo Raw TCG (Near Mint)","49.25","$0.98","$1.99","$2.97 (10/16/2025)","$2.04","$0.99","$5.00","1600.00","17","$34.60"
"Drakloak 2025 Scarlet & Violet: Prismatic Evolutions #072/131 Poke Ball Reverse Holo Raw TCG (Near Mint)","49.10","$0.82","$1.67","$2.49 (10/21/2025)","$2.34","$1.29","$6.26","-8.33","11","$25.79"
"Team Rocket's Nidorina 2025 Scarlet & Violet: Destined Rivals #115/182 Base Raw TCG (Near Mint)","49.00","$0.49","$1.00","$1.49 (10/17/2025)","$1.25","$1.00","$1.49","0.00","2","$2.49"
"Cobalion 2025 Scarlet & Violet: Black Bolt #144/086 Illustration Rare Raw TCG (Near Mint)","48.74","$6.99","$14.34","$21.33 (10/19/2025)","$17.14","$10.41","$25.99","-42.86","12","$205.70"
"Scoop Up Cyclone 2025 Scarlet & Violet: Prismatic Evolutions #128/131 Holo (ACE SPEC) Raw TCG (Near Mint)","48.52","$0.82","$1.69","$2.51 (10/23/2025)","$1.65","$0.99","$2.68","-6.67","14","$23.10"
"Marnie's Morgrem 2025 Scarlet & Violet: Destined Rivals #135/182 Reverse Holo Raw TCG (Near Mint)","48.51","$1.14","$2.35","$3.49 (10/24/2025)","$2.40","$1.25","$3.50","-28.57","10","$24.03"
"Sylveon 2025 Scarlet & Violet: Prismatic Evolutions #040/131 Poke Ball Reverse Holo Raw TCG (Near Mint)","48.24","$0.96","$1.99","$2.95 (10/23/2025)","$3.31","$0.99","$21.00","0.00","30","$99.18"
"Dipplin 2025 Scarlet & Violet: Destined Rivals #017/182 Reverse Holo Raw TCG (Near Mint)","48.15","$0.65","$1.35","$2.00 (10/23/2025)","$1.62","$1.21","$2.00","100.00","6","$9.69"
"Pupitar 2025 Scarlet & Violet: Prismatic Evolutions #048/131 Master Ball Reverse Holo Raw TCG (Near Mint)","48.11","$3.25","$6.75","$9.99 (10/21/2025)","$6.30","$2.03","$9.99","-28.57","5","$31.51"
"Pokegear 3.0 2025 Scarlet & Violet: Black Bolt #084/086 Poke Ball Reverse Holo Raw TCG (Near Mint)","48.00","$0.84","$1.75","$2.59 (10/18/2025)","$2.48","$1.25","$3.78","-9.09","10","$24.80"
"Timburr 2025 Scarlet & Violet: Black Bolt #125/086 Illustration Rare Raw TCG (Near Mint)","47.63","$3.71","$7.79","$11.50 (10/22/2025)","$9.14","$6.99","$12.18","-51.02","24","$219.38"
"Elgyem 2025 Scarlet & Violet: Black Bolt #120/086 Illustration Rare Raw TCG (Near Mint)","47.62","$3.33","$7.00","$10.33 (10/23/2025)","$9.08","$3.80","$12.95","-17.78","37","$336.03"
"Seismitoad 2025 Scarlet & Violet: Black Bolt #021/086 Reverse Holo Raw TCG (Near Mint)","47.50","$0.57","$1.20","$1.77 (10/13/2025)","$1.48","$1.20","$1.77","0.00","2","$2.97"
"Gothita 2025 Japanese Scarlet & Violet: White Flare #121/086 Art Rare Raw TCG (Near Mint)","47.50","$2.56","$5.39","$7.95 (10/24/2025)","$6.62","$4.75","$12.25","-16.67","35","$231.84"
"Rufflet 2025 Scarlet & Violet: Black Bolt #077/086 Poke Ball Reverse Holo Raw TCG (Near Mint)","47.45","$1.21","$2.55","$3.76 (10/17/2025)","$2.77","$1.99","$3.76","0.00","3","$8.30"
"Torchic 2025 Scarlet & Violet: Destined Rivals #040/182 Base Raw TCG (Near Mint)","47.41","$0.64","$1.35","$1.99 (10/19/2025)","$1.67","$1.35","$1.99","0.00","2","$3.34"
"Accelgor 2025 Scarlet & Violet: White Flare #009/086 Reverse Holo Raw TCG (Near Mint)","47.22","$0.51","$1.08","$1.59 (10/12/2025)","$1.33","$1.08","$1.59","100.00","2","$2.67"
"Fennel 2025 Scarlet & Violet: Black Bolt #082/086 Poke Ball Reverse Holo Raw TCG (Near Mint)","47.22","$0.85","$1.80","$2.65 (10/22/2025)","$1.85","$1.00","$2.65","-20.00","4","$7.40"
"Buddy-Buddy Poffin 2025 Scarlet & Violet: Prismatic Evolutions #101/131 Reverse Holo Raw TCG (Near Mint)","47.20","$0.59","$1.25","$1.84 (10/11/2025)","$1.70","$1.25","$2.20","-20.00","4","$6.78"
"Ducklett 2025 Scarlet & Violet: White Flare #025/086 Master Ball Reverse Holo Raw TCG (Near Mint)","47.06","$0.80","$1.70","$2.50 (10/24/2025)","$1.93","$0.99","$3.09","0.00","8","$15.42"
"Pidove 2025 Japanese Scarlet & Violet: Black Bolt #153/086 Art Rare Raw TCG (Near Mint)","46.86","$2.98","$6.36","$9.34 (10/24/2025)","$6.98","$3.00","$9.34","16.67","35","$244.24"
"Scraggy 2025 Scarlet & Violet: White Flare #138/086 Illustration Rare Raw TCG (Near Mint)","46.83","$4.92","$10.50","$15.42 (10/24/2025)","$10.30","$5.00","$21.43","-32.35","46","$473.70"
"Raikou 2025 Mega Evolution #048/132 Holo Raw TCG (Near Mint)","46.46","$0.46","$0.99","$1.45 (10/22/2025)","$1.48","$0.82","$1.99","225.00","13","$19.18"
"Volcanion 2025 Mega Evolution #025/132 Reverse Holo Raw TCG (Near Mint)","46.46","$0.46","$0.99","$1.45 (10/23/2025)","$1.44","$0.99","$1.99","0.00","7","$10.11"
"Magneton 2025 Mega Evolution #046/132 Reverse Holo Raw TCG (Near Mint)","46.46","$0.46","$0.99","$1.45 (10/23/2025)","$1.63","$0.99","$2.00","0.00","14","$22.75"
"Dipplin 2025 Scarlet & Violet: Prismatic Evolutions #010/131 Master Ball Reverse Holo Raw TCG (Near Mint)","46.41","$2.04","$4.38","$6.42 (10/24/2025)","$4.67","$2.04","$10.10","25.00","15","$70.12"
"Arven's Mabosstiff ex 2025 Scarlet & Violet: Destined Rivals #218/182 Ultra Rare (Full Art) Raw TCG (Near Mint)","45.96","$1.31","$2.85","$4.16 (10/24/2025)","$3.72","$0.99","$7.44","-33.78","49","$182.21"
"Judge 2025 Scarlet & Violet: Destined Rivals #167/182 Reverse Holo Raw TCG (Near Mint)","45.74","$0.59","$1.29","$1.88 (10/17/2025)","$1.55","$1.29","$1.88","-25.00","3","$4.66"
"Iono's Kilowattrel 2025 Japanese Scarlet & Violet: Battle Partners #104/100 Art Rare Raw TCG (Near Mint)","45.70","$3.09","$6.75","$9.84 (10/23/2025)","$6.09","$2.14","$20.00","-4.65","41","$249.80"
"Spearow 2025 Mega Evolution #102/132 Reverse Holo Raw TCG (Near Mint)","45.45","$0.45","$0.99","$1.44 (10/24/2025)","$1.51","$0.99","$1.99","0.00","6","$9.07"
"Lampent 2025 Japanese Scarlet & Violet: Black Bolt #101/086 Art Rare Raw TCG (Near Mint)","45.27","$2.49","$5.50","$7.99 (10/24/2025)","$6.83","$3.01","$12.09","-11.76","30","$204.77"
"Emcee's Hype 2025 Scarlet & Violet: Destined Rivals #220/182 Ultra Rare (Full Art) Raw TCG (Near Mint)","44.80","$3.01","$6.73","$9.74 (10/23/2025)","$5.94","$2.75","$12.79","-35.53","49","$291.15"
"Ducklett 2025 Japanese Scarlet & Violet: White Flare #106/086 Art Rare Raw TCG (Near Mint)","44.55","$2.45","$5.50","$7.95 (10/24/2025)","$6.84","$3.75","$11.36","-22.22","21","$143.65"
"Torchic 2025 Scarlet & Violet: Destined Rivals #040/182 Reverse Holo Raw TCG (Near Mint)","44.55","$0.49","$1.10","$1.59 (10/19/2025)","$1.69","$1.10","$2.25","-45.45","6","$10.12"
"Gliscor 2025 Japanese Mega: Inferno X #44/80 Base Raw TCG (Near Mint)","44.44","$0.80","$1.80","$2.60 (10/24/2025)","$2.20","$1.80","$2.60","0.00","2","$4.40"
"Axew 2025 Scarlet & Violet: Black Bolt #068/086 Poke Ball Reverse Holo Raw TCG (Near Mint)","44.44","$0.44","$0.99","$1.43 (10/20/2025)","$1.51","$0.99","$2.99","0.00","6","$9.09"
"Brassius 2025 Scarlet & Violet: Prismatic Evolutions #135/131 Ultra Rare (Full Art) Raw TCG (Near Mint)","43.80","$0.76","$1.73","$2.50 (10/24/2025)","$2.15","$1.00","$4.66","31.25","42","$90.33"
"Carracosta 2025 Scarlet & Violet: Black Bolt #107/086 Illustration Rare Raw TCG (Near Mint)","43.57","$3.05","$7.00","$10.05 (10/23/2025)","$8.23","$5.50","$13.11","-58.70","19","$156.34"
"Oshawott 2025 Scarlet & Violet: White Flare #105/086 Illustration Rare Raw TCG (Near Mint)","43.43","$14.76","$33.98","$48.74 (10/24/2025)","$41.88","$24.95","$65.00","-25.81","92","$3853.31"
"Fighting Gong 2025 Mega Evolution #116/132 Base Raw TCG (Near Mint)","43.41","$0.91","$2.08","$2.99 (10/24/2025)","$2.08","$0.99","$7.99","414.29","36","$74.95"
"Boldore 2025 Scarlet & Violet: White Flare #047/086 Poke Ball Reverse Holo Raw TCG (Near Mint)","43.22","$0.86","$1.99","$2.85 (10/19/2025)","$2.97","$1.39","$7.11","25.00","5","$14.83"
"Spike Energy 2025 Japanese Scarlet & Violet: Battle Partners #132/100 Ultra Rare (Secret) Raw TCG (Near Mint)","42.88","$2.44","$5.69","$8.13 (10/23/2025)","$6.50","$5.19","$8.13","33.33","4","$26.00"
"Snivy 2025 Scarlet & Violet: Black Bolt #087/086 Illustration Rare Raw TCG (Near Mint)","42.79","$5.99","$14.00","$19.99 (10/24/2025)","$19.21","$13.99","$31.51","-26.09","17","$326.64"
"Frillish 2025 Scarlet & Violet: White Flare #126/086 Illustration Rare Raw TCG (Near Mint)","42.68","$3.85","$9.01","$12.86 (10/23/2025)","$12.10","$7.00","$19.51","-24.56","43","$520.15"
"Scrafty 2025 Japanese Scarlet & Violet: White Flare #137/086 Art Rare Raw TCG (Near Mint)","42.65","$1.50","$3.50","$5.00 (10/23/2025)","$4.82","$3.25","$8.00","-28.57","10","$48.17"
"Sigilyph 2025 Scarlet & Violet: White Flare #121/086 Illustration Rare Raw TCG (Near Mint)","42.39","$2.87","$6.77","$9.64 (10/24/2025)","$8.33","$3.95","$14.22","27.91","55","$458.07"
"Panpour 2025 Scarlet & Violet: Black Bolt #101/086 Illustration Rare Raw TCG (Near Mint)","42.12","$3.26","$7.74","$11.00 (10/23/2025)","$7.34","$3.25","$11.00","0.00","47","$345.11"
"Mela 2025 Scarlet & Violet: Prismatic Evolutions #140/131 Ultra Rare (Full Art) Raw TCG (Near Mint)","42.01","$0.75","$1.79","$2.54 (10/24/2025)","$2.47","$0.99","$6.10","36.96","63","$155.75"
"Ethan's Pichu 2025 Scarlet & Violet: Destined Rivals #071/182 Base Raw TCG (Near Mint)","42.00","$0.42","$1.00","$1.42 (10/17/2025)","$1.57","$1.00","$2.00","-37.50","5","$7.86"
"Pansear 2025 Japanese Scarlet & Violet: White Flare #099/086 Art Rare Raw TCG (Near Mint)","41.96","$1.88","$4.48","$6.36 (10/23/2025)","$5.26","$2.50","$7.02","-38.24","21","$110.46"
"Sewaddle 2025 Scarlet & Violet: White Flare #001/086 Master Ball Reverse Holo Raw TCG (Near Mint)","41.81","$1.25","$2.99","$4.24 (10/18/2025)","$3.62","$2.99","$4.24","-71.43","2","$7.23"
"Beldum 2025 Scarlet & Violet: Journey Together #061/159 Reverse Holo Raw TCG (Near Mint)","41.73","$0.58","$1.39","$1.97 (10/20/2025)","$1.45","$0.99","$1.97","0.00","3","$4.35"
"Lugia ex 2025 Scarlet & Violet: Prismatic Evolutions #082/131 Double Rare Raw TCG (Near Mint)","41.25","$1.16","$2.80","$3.96 (10/24/2025)","$2.70","$0.99","$7.99","26.98","80","$215.87"
"Heat Rotom 2025 Scarlet & Violet: Destined Rivals #043/182 Reverse Holo Raw TCG (Near Mint)","40.88","$0.65","$1.59","$2.24 (10/18/2025)","$1.58","$1.24","$2.24","0.00","6","$9.46"
"Mienshao 2025 Scarlet & Violet: White Flare #134/086 Illustration Rare Raw TCG (Near Mint)","40.82","$2.25","$5.50","$7.75 (10/24/2025)","$6.73","$2.99","$10.00","-53.70","25","$168.37"
"Team Rocket's Wobbuffet 2025 Japanese Scarlet & Violet: Glory of Team Rocket #103/098 Art Rare Raw TCG (Near Mint)","40.79","$2.17","$5.32","$7.49 (10/24/2025)","$6.41","$1.25","$15.03","-4.26","45","$288.51"
"Team Rocket's Weezing 2025 Japanese Scarlet & Violet: Glory of Team Rocket #105/098 Art Rare Raw TCG (Near Mint)","40.71","$1.73","$4.25","$5.98 (10/24/2025)","$5.36","$2.00","$8.18","-39.13","42","$225.17"
"Numel 2025 Mega Evolution #021/132 Reverse Holo Raw TCG (Near Mint)","40.40","$0.40","$0.99","$1.39 (10/23/2025)","$1.46","$0.99","$1.99","0.00","11","$16.04"
"Kangaskhan 2025 Japanese Scarlet & Violet: Glory of Team Rocket #110/098 Art Rare Raw TCG (Near Mint)","40.33","$1.77","$4.38","$6.15 (10/24/2025)","$5.72","$3.00","$7.99","-8.82","62","$354.87"
"Marnie's Purrloin 2025 Scarlet & Violet: Destined Rivals #130/182 Reverse Holo Raw TCG (Near Mint)","40.27","$0.60","$1.49","$2.09 (10/19/2025)","$1.69","$0.99","$2.29","11.11","10","$16.95"
"Fraxure 2025 Japanese Scarlet & Violet: Black Bolt #151/086 Art Rare Raw TCG (Near Mint)","40.16","$2.00","$4.98","$6.98 (10/17/2025)","$6.02","$3.00","$11.04","-21.05","15","$90.23"
"Ethan's Pichu 2025 Scarlet & Violet: Destined Rivals #071/182 Reverse Holo Raw TCG (Near Mint)","40.16","$1.00","$2.49","$3.49 (10/24/2025)","$2.22","$1.00","$3.49","-10.00","27","$59.83"
"Misty's Starmie 2025 Scarlet & Violet: Destined Rivals #047/182 Reverse Holo Raw TCG (Near Mint)","40.16","$1.00","$2.49","$3.49 (10/24/2025)","$2.15","$1.42","$3.49","-10.00","9","$19.37"
"Duskull 2025 Scarlet & Violet: Prismatic Evolutions #035/131 Reverse Holo Raw TCG (Near Mint)","40.14","$0.57","$1.42","$1.99 (10/20/2025)","$1.71","$1.42","$1.99","-33.33","2","$3.41"
"Klinklang 2025 Scarlet & Violet: Black Bolt #141/086 Illustration Rare Raw TCG (Near Mint)","40.14","$4.01","$9.99","$14.00 (10/24/2025)","$12.14","$8.99","$19.10","-30.77","18","$218.61"
"Whimsicott ex 2025 Scarlet & Violet: White Flare #165/086 Special Illustration Rare Raw TCG (Near Mint)","40.00","$8.00","$20.00","$28.00 (10/24/2025)","$26.73","$19.00","$34.10","-61.22","19","$507.92"
"Vanillish 2025 Scarlet & Violet: White Flare #112/086 Illustration Rare Raw TCG (Near Mint)","40.00","$3.00","$7.50","$10.50 (10/24/2025)","$7.37","$0.99","$14.00","-12.50","49","$361.23"
"Squawkabilly 2025 Scarlet & Violet: Destined Rivals #160/182 Reverse Holo Raw TCG (Near Mint)","40.00","$0.54","$1.35","$1.89 (10/17/2025)","$1.58","$1.35","$1.89","-40.00","3","$4.73"
"Team Rocket's Articuno 2025 Scarlet & Violet: Destined Rivals #051/182 Holo Raw TCG (Near Mint)","40.00","$0.54","$1.35","$1.89 (10/23/2025)","$1.60","$1.15","$2.69","-51.28","19","$30.37"
"Electivire ex 2025 Scarlet & Violet: Destined Rivals #212/182 Ultra Rare (Full Art) Raw TCG (Near Mint)","39.83","$0.99","$2.49","$3.48 (10/24/2025)","$3.74","$1.30","$10.05","-8.11","68","$254.40"
"Krokorok 2025 Japanese Scarlet & Violet: Black Bolt #142/086 Art Rare Raw TCG (Near Mint)","39.81","$1.64","$4.12","$5.76 (10/23/2025)","$5.13","$2.25","$5.99","-42.11","11","$56.40"
"Ninetales 2025 Japanese Mega Brave #11/63 Base Raw TCG (Near Mint)","39.39","$0.39","$0.99","$1.38 (10/10/2025)","$1.25","$0.99","$1.77","-50.00","3","$3.75"
"Zebstrika 2025 Scarlet & Violet: White Flare #032/086 Master Ball Reverse Holo Raw TCG (Near Mint)","39.20","$2.74","$6.99","$9.73 (10/21/2025)","$7.22","$4.95","$9.73","-78.57","3","$21.67"
"Watchog 2025 Scarlet & Violet: White Flare #073/086 Poke Ball Reverse Holo Raw TCG (Near Mint)","39.11","$0.70","$1.79","$2.49 (10/19/2025)","$2.08","$1.50","$2.55","-20.00","4","$8.33"
"Harlequin 2025 Scarlet & Violet: White Flare #083/086 Poke Ball Reverse Holo Raw TCG (Near Mint)","39.11","$0.70","$1.79","$2.49 (10/24/2025)","$1.91","$1.35","$2.49","-33.33","4","$7.62"
"Tranquill 2025 Scarlet & Violet: Black Bolt #072/086 Master Ball Reverse Holo Raw TCG (Near Mint)","38.91","$1.00","$2.57","$3.57 (10/14/2025)","$6.74","$2.57","$14.08","0.00","3","$20.22"
"Acerola's Mischief 2025 Mega Evolution #113/132 Base Raw TCG (Near Mint)","38.68","$0.41","$1.06","$1.47 (10/22/2025)","$1.38","$0.99","$1.99","-20.00","4","$5.51"
"Energy Switch 2025 Mega Evolution #115/132 Base Raw TCG (Near Mint)","38.62","$0.56","$1.45","$2.01 (10/21/2025)","$1.73","$1.45","$2.01","0.00","2","$3.46"
"Druddigon 2025 Scarlet & Violet: White Flare #071/086 Reverse Holo Raw TCG (Near Mint)","38.38","$0.38","$0.99","$1.37 (10/23/2025)","$1.24","$0.99","$1.44","0.00","3","$3.73"
"Cynthia's Roserade 2025 Japanese Scarlet & Violet: Heat Wave Arena #065/063 Art Rare Raw TCG (Near Mint)","38.32","$2.87","$7.49","$10.36 (10/23/2025)","$10.55","$5.00","$17.87","-20.00","40","$422.14"
"Brave Bangle 2025 Scarlet & Violet: White Flare #080/086 Reverse Holo Raw TCG (Near Mint)","38.19","$0.55","$1.44","$1.99 (10/21/2025)","$2.03","$1.44","$2.45","60.00","8","$16.25"
"Dunsparce 2025 Scarlet & Violet: Journey Together #120/159 Reverse Holo Raw TCG (Near Mint)","38.13","$0.53","$1.39","$1.92 (10/06/2025)","$1.65","$1.39","$1.92","-66.67","2","$3.31"
"Cynthia's Power Weight 2025 Scarlet & Violet: Destined Rivals #162/182 Base Raw TCG (Near Mint)","38.02","$0.46","$1.21","$1.67 (10/20/2025)","$1.44","$1.21","$1.67","-33.33","2","$2.88"
"Atticus 2025 Scarlet & Violet: Prismatic Evolutions #134/131 Ultra Rare (Full Art) Raw TCG (Near Mint)","37.89","$0.73","$1.94","$2.67 (10/24/2025)","$2.28","$0.99","$7.43","75.00","42","$95.90"
"Eiscue 2025 Mega Evolution #044/132 Reverse Holo Raw TCG (Near Mint)","37.33","$0.56","$1.50","$2.06 (10/22/2025)","$1.63","$0.99","$2.13","0.00","12","$19.56"
"Mega Kangaskhan ex 2025 Japanese Mega Symphonia #89/63 Special Art Rare Raw TCG (Near Mint)","37.13","$10.47","$28.20","$38.67 (10/23/2025)","$35.61","$28.00","$55.00","-13.58","70","$2493.00"
"Dialga 2025 Mega Evolution #095/132 Holo Raw TCG (Near Mint)","36.96","$0.51","$1.38","$1.89 (10/19/2025)","$1.69","$0.99","$2.00","400.00","10","$16.95"
"Chandelure 2025 Scarlet & Violet: White Flare #103/086 Illustration Rare Raw TCG (Near Mint)","36.85","$11.67","$31.66","$43.33 (10/24/2025)","$33.11","$16.50","$45.00","-22.03","46","$1523.20"
"Exeggutor 2025 Scarlet & Violet: Prismatic Evolutions #002/131 Master Ball Reverse Holo Raw TCG (Near Mint)","36.40","$4.00","$10.99","$14.99 (10/24/2025)","$10.96","$3.25","$21.31","183.33","17","$186.38"
"Marnie's Scraggy 2025 Scarlet & Violet: Destined Rivals #132/182 Reverse Holo Raw TCG (Near Mint)","36.36","$0.52","$1.43","$1.95 (10/22/2025)","$1.74","$1.24","$2.00","-40.00","6","$10.44"
"Alakazam 2025 Japanese Mega Symphonia #38/63 Holo Raw TCG (Near Mint)","36.36","$0.40","$1.10","$1.50 (10/24/2025)","$1.54","$1.10","$2.20","-61.54","5","$7.69"
"Reshiram ex 2025 Japanese Scarlet & Violet: White Flare #160/086 Super Rare (Full Art) Raw TCG (Near Mint)","35.81","$5.26","$14.69","$19.95 (10/22/2025)","$10.37","$3.00","$19.95","-61.54","5","$51.84"
"Cofagrigus 2025 Scarlet & Violet: White Flare #123/086 Illustration Rare Raw TCG (Near Mint)","35.52","$4.49","$12.66","$17.15 (10/24/2025)","$14.51","$8.00","$18.99","-64.86","13","$188.65"
"Terapagos ex 2025 Scarlet & Violet: Prismatic Evolutions #092/131 Double Rare Raw TCG (Near Mint)","35.51","$0.71","$1.99","$2.70 (10/24/2025)","$2.56","$0.99","$5.28","37.93","40","$102.21"
"Applin 2025 Scarlet & Violet: Prismatic Evolutions #009/131 Poke Ball Reverse Holo Raw TCG (Near Mint)","35.36","$0.50","$1.40","$1.90 (10/05/2025)","$1.73","$1.40","$1.90","-66.67","3","$5.19"
"Shaymin 2025 Scarlet & Violet: Destined Rivals #010/182 Reverse Holo Raw TCG (Near Mint)","34.85","$0.69","$1.98","$2.67 (10/24/2025)","$2.58","$1.59","$4.50","60.00","16","$41.25"
"Salamence ex 2025 Scarlet & Violet: Journey Together #177/159 Ultra Rare (Full Art) Raw TCG (Near Mint)","34.76","$1.10","$3.17","$4.27 (10/24/2025)","$4.09","$0.99","$9.38","-35.78","70","$286.48"
"Trubbish 2025 Scarlet & Violet: White Flare #059/086 Poke Ball Reverse Holo Raw TCG (Near Mint)","34.71","$0.84","$2.42","$3.26 (10/13/2025)","$2.37","$1.79","$3.26","33.33","4","$9.47"
"Team Rocket's Zubat 2025 Scarlet & Violet: Destined Rivals #120/182 Reverse Holo Raw TCG (Near Mint)","34.29","$0.48","$1.40","$1.88 (10/20/2025)","$1.69","$1.40","$1.89","40.00","7","$11.83"
"Zeraora 2025 Scarlet & Violet: Destined Rivals #078/182 Reverse Holo Raw TCG (Near Mint)","33.79","$0.49","$1.45","$1.94 (10/13/2025)","$2.36","$1.00","$4.01","-25.00","9","$21.25"
"Emolga 2025 Scarlet & Violet: Black Bolt #112/086 Illustration Rare Raw TCG (Near Mint)","33.66","$2.07","$6.15","$8.22 (10/23/2025)","$9.36","$2.79","$13.05","-45.24","23","$215.27"
"Espeon 2025 Scarlet & Violet: Prismatic Evolutions #033/131 Reverse Holo Raw TCG (Near Mint)","33.56","$0.50","$1.49","$1.99 (10/22/2025)","$1.73","$1.15","$2.49","-23.08","10","$17.34"
"Iron Boulder 2025 Scarlet & Violet: Prismatic Evolutions #046/131 Holo Raw TCG (Near Mint)","33.56","$0.50","$1.49","$1.99 (10/07/2025)","$1.74","$1.49","$1.99","0.00","2","$3.48"
"Jynx 2025 Mega Evolution #057/132 Base Raw TCG (Near Mint)","33.33","$0.33","$0.99","$1.32 (10/18/2025)","$1.31","$0.99","$1.89","0.00","6","$7.86"
"Flareon 2025 Scarlet & Violet: Prismatic Evolutions #013/131 Master Ball Reverse Holo Raw TCG (Near Mint)","33.33","$5.00","$15.00","$20.00 (10/24/2025)","$19.20","$7.13","$26.35","23.08","16","$307.24"
"Haxorus 2025 Scarlet & Violet: Black Bolt #147/086 Illustration Rare Raw TCG (Near Mint)","33.33","$10.00","$30.00","$40.00 (10/20/2025)","$35.47","$15.50","$49.99","-23.91","35","$1241.46"
"Flygon 2025 Japanese Mega: Inferno X #47/80 Holo Raw TCG (Near Mint)","33.33","$0.50","$1.50","$2.00 (10/24/2025)","$1.72","$1.49","$2.00","0.00","9","$15.51"
"Gloom 2025 Japanese Mega: Inferno X #02/80 Base Raw TCG (Near Mint)","33.33","$0.50","$1.50","$2.00 (10/02/2025)","$1.70","$1.50","$2.00","0.00","4","$6.80"
"Misdreavus 2025 Japanese Mega: Inferno X #35/80 Base Raw TCG (Near Mint)","33.33","$0.50","$1.50","$2.00 (10/06/2025)","$1.77","$1.50","$2.00","0.00","3","$5.30"
"Swanna 2025 Scarlet & Violet: White Flare #026/086 Poke Ball Reverse Holo Raw TCG (Near Mint)","33.33","$0.75","$2.25","$3.00 (10/16/2025)","$2.42","$1.46","$3.00","-33.33","4","$9.70"
"Trubbish 2025 Japanese Scarlet & Violet: White Flare #138/086 Art Rare Raw TCG (Near Mint)","33.33","$1.25","$3.75","$5.00 (10/23/2025)","$5.29","$3.58","$11.15","-30.00","14","$74.08"
"Lillipup 2025 Japanese Scarlet & Violet: White Flare #153/086 Art Rare Raw TCG (Near Mint)","33.28","$1.99","$5.98","$7.97 (10/23/2025)","$7.10","$1.75","$11.99","-24.24","25","$177.60"
"Electrike 2025 Japanese Scarlet & Violet: Heat Wave Arena #073/063 Art Rare Raw TCG (Near Mint)","33.28","$1.27","$3.83","$5.10 (10/24/2025)","$3.62","$1.29","$5.16","43.75","23","$83.23"
"Annihilape 2025 Scarlet & Violet: Destined Rivals #092/182 Reverse Holo Raw TCG (Near Mint)","33.10","$0.48","$1.45","$1.93 (10/19/2025)","$1.99","$1.40","$2.41","36.36","15","$29.83"
"Stufful 2025 Mega Evolution #111/132 Reverse Holo Raw TCG (Near Mint)","33.10","$0.47","$1.42","$1.89 (10/22/2025)","$1.63","$0.99","$1.99","0.00","8","$13.04"
"Dwebble 2025 Scarlet & Violet: Black Bolt #129/086 Illustration Rare Raw TCG (Near Mint)","32.85","$6.35","$19.33","$25.68 (10/24/2025)","$21.02","$10.57","$34.24","-27.42","45","$945.78"
"N's Plan 2025 Scarlet & Violet: Black Bolt #083/086 Reverse Holo Raw TCG (Near Mint)","32.82","$0.64","$1.95","$2.59 (10/22/2025)","$1.94","$1.43","$2.59","25.00","5","$9.68"
"Gothita 2025 Scarlet & Violet: White Flare #041/086 Master Ball Reverse Holo Raw TCG (Near Mint)","32.66","$0.98","$2.99","$3.97 (10/24/2025)","$3.87","$1.99","$6.66","11.11","10","$38.71"
"Hop's Zacian ex 2025 Scarlet & Violet: Journey Together #111/159 Double Rare Raw TCG (Near Mint)","32.57","$0.57","$1.75","$2.32 (10/24/2025)","$2.32","$1.21","$5.00","-34.09","29","$67.17"
"Deerling 2025 Scarlet & Violet: White Flare #091/086 Illustration Rare Raw TCG (Near Mint)","32.52","$4.55","$13.99","$18.54 (10/24/2025)","$12.29","$8.88","$18.54","-75.47","13","$159.74"
"Accelgor 2025 Scarlet & Violet: White Flare #094/086 Illustration Rare Raw TCG (Near Mint)","32.40","$2.43","$7.50","$9.93 (10/24/2025)","$9.03","$7.50","$10.35","-76.00","6","$54.16"
"Terrakion 2025 Scarlet & Violet: White Flare #054/086 Poke Ball Reverse Holo Raw TCG (Near Mint)","32.21","$0.48","$1.49","$1.97 (10/19/2025)","$1.81","$1.49","$1.99","-25.00","3","$5.43"
"Landorus 2025 Scarlet & Violet: Black Bolt #053/086 Holo Raw TCG (Near Mint)","31.95","$0.39","$1.21","$1.59 (10/16/2025)","$1.33","$0.99","$1.59","50.00","3","$4.00"
"Espeon 2025 Scarlet & Violet: Prismatic Evolutions #033/131 Poke Ball Reverse Holo Raw TCG (Near Mint)","31.87","$2.03","$6.37","$8.40 (10/24/2025)","$3.43","$1.00","$8.40","-12.50","28","$96.13"
"Amoonguss 2025 Scarlet & Violet: Black Bolt #096/086 Illustration Rare Raw TCG (Near Mint)","31.65","$5.53","$17.47","$23.00 (10/21/2025)","$23.16","$17.47","$29.99","8.33","13","$301.04"
"Tranquill 2025 Scarlet & Violet: Black Bolt #072/086 Poke Ball Reverse Holo Raw TCG (Near Mint)","31.58","$0.54","$1.71","$2.25 (10/16/2025)","$1.98","$1.71","$2.25","0.00","2","$3.96"
"Steelix 2025 Japanese Mega Brave #73/63 Art Rare Raw TCG (Near Mint)","31.45","$1.71","$5.43","$7.13 (10/24/2025)","$6.35","$1.15","$35.89","-40.12","97","$615.55"
"Abra 2025 Mega Evolution #054/132 Base Raw TCG (Near Mint)","31.36","$0.53","$1.69","$2.22 (10/18/2025)","$1.70","$1.29","$2.22","0.00","7","$11.87"
"Herdier 2025 Scarlet & Violet: White Flare #075/086 Poke Ball Reverse Holo Raw TCG (Near Mint)","31.33","$0.47","$1.50","$1.97 (10/21/2025)","$1.84","$1.00","$3.20","80.00","9","$16.53"
"Bayleef 2025 Japanese Mega Symphonia #04/63 Base Raw TCG (Near Mint)","31.31","$0.31","$0.99","$1.30 (10/23/2025)","$1.07","$0.99","$1.30","0.00","4","$4.27"
"Chandelure 2025 Japanese Scarlet & Violet: Black Bolt #102/086 Art Rare Raw TCG (Near Mint)","31.21","$3.09","$9.90","$12.99 (10/24/2025)","$9.97","$0.99","$12.99","27.59","37","$368.98"
"Flareon 2025 Scarlet & Violet: Prismatic Evolutions #013/131 Poke Ball Reverse Holo Raw TCG (Near Mint)","31.10","$0.93","$2.99","$3.92 (10/24/2025)","$3.18","$1.66","$5.21","-9.52","19","$60.49"
"Minccino 2025 Japanese Scarlet & Violet: Black Bolt #157/086 Art Rare Raw TCG (Near Mint)","30.91","$1.74","$5.63","$7.37 (10/21/2025)","$5.29","$3.01","$7.37","-56.25","14","$74.01"
"Cofagrigus 2025 Scarlet & Violet: White Flare #040/086 Poke Ball Reverse Holo Raw TCG (Near Mint)","30.58","$1.00","$3.27","$4.27 (10/13/2025)","$3.77","$3.27","$4.27","-60.00","2","$7.54"
"Joltik 2025 Japanese Scarlet & Violet: White Flare #113/086 Art Rare Raw TCG (Near Mint)","30.33","$2.09","$6.89","$8.98 (10/24/2025)","$8.29","$3.25","$9.99","3.13","33","$273.63"
"Elgyem 2025 Japanese Scarlet & Violet: Black Bolt #126/086 Art Rare Raw TCG (Near Mint)","30.21","$1.42","$4.69","$6.11 (10/21/2025)","$5.43","$3.33","$7.13","37.50","22","$119.53"
"Dewott 2025 Scarlet & Violet: White Flare #022/086 Master Ball Reverse Holo Raw TCG (Near Mint)","30.20","$1.48","$4.90","$6.38 (10/21/2025)","$5.55","$4.00","$6.49","-50.00","5","$27.76"
"Ethan's Ho-Oh ex 2025 Scarlet & Violet: Destined Rivals #230/182 Special Illustration Rare Raw TCG (Near Mint)","29.92","$57.57","$192.42","$249.99 (10/24/2025)","$225.74","$140.00","$300.00","-36.49","47","$10609.83"
"Gothorita 2025 Japanese Scarlet & Violet: White Flare #122/086 Art Rare Raw TCG (Near Mint)","29.70","$1.49","$5.00","$6.49 (10/24/2025)","$6.07","$3.13","$7.97","7.69","28","$169.84"
"Sigilyph 2025 Scarlet & Violet: White Flare #038/086 Poke Ball Reverse Holo Raw TCG (Near Mint)","29.60","$0.37","$1.25","$1.62 (10/19/2025)","$1.95","$1.25","$2.70","100.00","6","$11.68"
"Scraggy 2025 Japanese Scarlet & Violet: White Flare #136/086 Art Rare Raw TCG (Near Mint)","29.50","$1.59","$5.39","$6.98 (10/22/2025)","$6.12","$2.95","$8.20","-25.71","26","$159.22"
"Axew 2025 Japanese Scarlet & Violet: Black Bolt #150/086 Art Rare Raw TCG (Near Mint)","29.38","$1.76","$5.99","$7.75 (10/20/2025)","$6.65","$5.65","$8.17","-57.69","11","$73.13"
"Team Rocket's Rattata 2025 Scarlet & Violet: Destined Rivals #147/182 Reverse Holo Raw TCG (Near Mint)","29.29","$0.29","$0.99","$1.28 (10/22/2025)","$1.22","$0.77","$1.59","75.00","7","$8.57"
"Lunatone 2025 Mega Evolution #074/132 Holo Raw TCG (Near Mint)","29.26","$0.33","$1.15","$1.48 (10/24/2025)","$1.86","$0.99","$5.50","650.00","60","$111.55"
"Servine 2025 Scarlet & Violet: Black Bolt #088/086 Illustration Rare Raw TCG (Near Mint)","29.03","$3.24","$11.16","$14.40 (10/19/2025)","$13.43","$10.06","$16.96","-73.91","6","$80.56"
"Team Rocket's Persian ex 2025 Scarlet & Violet: Destined Rivals #150/182 Double Rare Raw TCG (Near Mint)","29.02","$0.58","$1.99","$2.57 (10/24/2025)","$2.29","$0.99","$5.00","-19.67","49","$112.42"
"Accelgor 2025 Japanese Scarlet & Violet: White Flare #094/086 Art Rare Raw TCG (Near Mint)","28.99","$1.09","$3.76","$4.85 (10/17/2025)","$4.86","$1.61","$9.75","-25.00","15","$72.84"
"Houndoom 2025 Scarlet & Violet: Prismatic Evolutions #063/131 Reverse Holo Raw TCG (Near Mint)","28.86","$0.43","$1.49","$1.92 (10/19/2025)","$1.62","$1.48","$1.92","33.33","4","$6.48"
"Fennel 2025 Scarlet & Violet: Black Bolt #162/086 Ultra Rare (Full Art) Raw TCG (Near Mint)","28.78","$0.99","$3.44","$4.43 (10/24/2025)","$3.52","$0.99","$8.10","0.00","58","$204.04"
"Munna 2025 Scarlet & Violet: Black Bolt #116/086 Illustration Rare Raw TCG (Near Mint)","28.61","$2.00","$6.99","$8.99 (10/16/2025)","$9.58","$5.00","$13.25","-10.81","33","$316.20"
"Golurk 2025 Scarlet & Violet: Black Bolt #043/086 Poke Ball Reverse Holo Raw TCG (Near Mint)","28.39","$0.44","$1.55","$1.99 (10/08/2025)","$1.88","$1.00","$2.55","75.00","7","$13.16"
"Earthen Vessel 2025 Scarlet & Violet: Prismatic Evolutions #106/131 Reverse Holo Raw TCG (Near Mint)","28.23","$0.35","$1.24","$1.59 (10/19/2025)","$1.51","$1.24","$1.75","500.00","6","$9.07"
"Lt. Surge's Deal 2025 Japanese Mega Brave #90/63 Special Art Rare Raw TCG (Near Mint)","28.05","$2.07","$7.38","$9.45 (10/24/2025)","$10.12","$6.42","$14.24","-11.29","55","$556.79"
"Zamazenta 2025 Scarlet & Violet: Destined Rivals #146/182 Reverse Holo Raw TCG (Near Mint)","27.89","$0.41","$1.47","$1.88 (10/20/2025)","$1.89","$1.47","$2.70","0.00","9","$16.99"
"Wailord 2025 Scarlet & Violet: Journey Together #041/159 Reverse Holo Raw TCG (Near Mint)","27.69","$0.54","$1.95","$2.49 (10/24/2025)","$2.40","$0.99","$3.00","-26.67","11","$26.41"
"Metapod 2025 Scarlet & Violet: Journey Together #002/159 Reverse Holo Raw TCG (Near Mint)","27.69","$0.36","$1.30","$1.66 (10/15/2025)","$1.55","$1.25","$2.36","14.29","8","$12.42"
"Leafeon ex 2025 Scarlet & Violet: Prismatic Evolutions #144/131 Special Illustration Rare Raw TCG (Near Mint)","27.69","$65.05","$234.95","$300.00 (10/24/2025)","$267.29","$200.00","$341.69","-21.43","22","$5880.36"
"Pidove 2025 Scarlet & Violet: Black Bolt #071/086 Poke Ball Reverse Holo Raw TCG (Near Mint)","27.59","$0.56","$2.03","$2.59 (10/18/2025)","$2.26","$2.03","$2.59","-25.00","3","$6.77"
"Kieran 2025 Scarlet & Violet: Prismatic Evolutions #174/131 Special Illustration Rare Raw TCG (Near Mint)","27.30","$6.28","$23.00","$29.28 (10/24/2025)","$23.52","$17.00","$29.95","0.00","18","$423.45"
"Axew 2025 Scarlet & Violet: Black Bolt #145/086 Illustration Rare Raw TCG (Near Mint)","27.30","$3.41","$12.49","$15.90 (10/24/2025)","$12.48","$5.50","$19.99","-50.00","30","$374.48"
"Tranquill 2025 Japanese Scarlet & Violet: Black Bolt #154/086 Art Rare Raw TCG (Near Mint)","27.29","$1.28","$4.69","$5.97 (10/19/2025)","$4.96","$4.69","$5.98","-21.43","11","$54.55"
"Arcanine 2025 Scarlet & Violet: Destined Rivals #028/182 Reverse Holo Raw TCG (Near Mint)","27.22","$0.46","$1.69","$2.15 (10/22/2025)","$2.33","$0.99","$4.54","30.00","13","$30.25"
"Druddigon 2025 Scarlet & Violet: White Flare #071/086 Poke Ball Reverse Holo Raw TCG (Near Mint)","27.20","$0.34","$1.25","$1.59 (10/19/2025)","$1.81","$1.25","$2.99","-14.29","6","$10.87"
"Patrat 2025 Scarlet & Violet: White Flare #152/086 Illustration Rare Raw TCG (Near Mint)","27.13","$2.71","$10.00","$12.71 (10/24/2025)","$9.72","$6.50","$17.17","-51.43","34","$330.50"
"Salamence ex 2025 Japanese Scarlet & Violet: Battle Partners #119/100 Super Rare (Full Art) Raw TCG (Near Mint)","27.11","$0.93","$3.43","$4.36 (10/24/2025)","$4.19","$2.00","$5.00","-18.18","9","$37.71"
"Lurantis 2025 Scarlet & Violet: Destined Rivals #014/182 Reverse Holo Raw TCG (Near Mint)","27.10","$0.42","$1.55","$1.97 (10/20/2025)","$1.84","$1.55","$1.99","-62.50","3","$5.51"
"Cinccino 2025 Scarlet & Violet: Black Bolt #153/086 Illustration Rare Raw TCG (Near Mint)","26.94","$2.12","$7.87","$9.99 (10/23/2025)","$9.57","$5.46","$13.19","-58.00","21","$200.91"
"Iron Crown ex 2025 Scarlet & Violet: Prismatic Evolutions #158/131 Special Illustration Rare Raw TCG (Near Mint)","26.93","$8.62","$31.99","$40.61 (10/24/2025)","$36.52","$21.00","$53.32","50.00","27","$986.07"
"Spiky Energy 2025 Scarlet & Violet: Journey Together #159/159 Reverse Holo Raw TCG (Near Mint)","26.62","$0.37","$1.39","$1.76 (10/24/2025)","$2.06","$1.25","$5.38","100.00","12","$24.73"
"Mega Mawile ex 2025 Japanese Mega Brave #80/63 Super Rare (Full Art) Raw TCG (Near Mint)","26.35","$2.10","$7.99","$10.09 (10/24/2025)","$7.96","$4.50","$14.20","-55.91","41","$326.25"
"Magmortar 2025 Scarlet & Violet: Journey Together #021/159 Reverse Holo Raw TCG (Near Mint)","26.28","$0.43","$1.66","$2.09 (10/23/2025)","$2.08","$1.17","$3.22","-25.00","9","$18.68"
"Electivire ex 2025 Japanese Scarlet & Violet: Heat Wave Arena #035/063 Double Rare Raw TCG (Near Mint)","26.26","$0.26","$0.99","$1.25 (10/18/2025)","$1.19","$0.99","$1.34","0.00","3","$3.58"
"Pyroar 2025 Mega Evolution #024/132 Reverse Holo Raw TCG (Near Mint)","26.26","$0.26","$0.99","$1.25 (10/22/2025)","$1.38","$0.99","$1.89","0.00","9","$12.42"
"Mienshao 2025 Scarlet & Violet: White Flare #053/086 Master Ball Reverse Holo Raw TCG (Near Mint)","26.00","$1.17","$4.50","$5.67 (10/21/2025)","$4.59","$2.47","$5.67","0.00","7","$32.12"
"Larvesta 2025 Scarlet & Violet: Black Bolt #015/086 Master Ball Reverse Holo Raw TCG (Near Mint)","26.00","$0.78","$3.00","$3.78 (10/17/2025)","$4.81","$3.00","$8.00","-50.00","4","$19.26"
"Sizzlipede 2025 Mega Evolution #029/132 Base Raw TCG (Near Mint)","26.00","$0.39","$1.50","$1.89 (10/08/2025)","$1.69","$1.50","$1.89","0.00","2","$3.39"
"Ethan's Ho-Oh ex 2025 Japanese Scarlet & Violet: Heat Wave Arena #077/063 Super Rare (Full Art) Raw TCG (Near Mint)","25.99","$3.40","$13.08","$16.48 (10/20/2025)","$10.06","$6.05","$16.48","-28.57","5","$50.30"
"Espeon 2025 Scarlet & Violet: Prismatic Evolutions #033/131 Holo Raw TCG (Near Mint)","25.89","$0.29","$1.12","$1.41 (10/23/2025)","$1.69","$1.00","$2.39","24.00","31","$52.44"
"Reshiram ex 2025 Japanese Scarlet & Violet: White Flare #017/086 Double Rare Raw TCG (Near Mint)","25.79","$0.41","$1.59","$2.00 (10/19/2025)","$1.74","$1.59","$2.00","100.00","6","$10.43"
"Professor Turo's Scenario 2025 Scarlet & Violet: Prismatic Evolutions #121/131 Base Raw TCG (Near Mint)","25.76","$0.26","$0.99","$1.25 (10/13/2025)","$1.16","$0.99","$1.50","0.00","3","$3.48"
"Garbodor 2025 Scarlet & Violet: White Flare #060/086 Poke Ball Reverse Holo Raw TCG (Near Mint)","25.70","$0.46","$1.79","$2.25 (10/19/2025)","$2.02","$1.79","$2.25","-75.00","2","$4.04"
"Cottonee 2025 Scarlet & Violet: White Flare #004/086 Master Ball Reverse Holo Raw TCG (Near Mint)","25.63","$0.51","$1.99","$2.50 (10/22/2025)","$2.71","$1.25","$5.08","-55.56","4","$10.82"
"Deerling 2025 Japanese Scarlet & Violet: White Flare #091/086 Art Rare Raw TCG (Near Mint)","25.56","$1.64","$6.44","$8.08 (10/22/2025)","$6.91","$4.44","$8.74","-73.33","12","$82.86"
"Garbodor 2025 Scarlet & Violet: White Flare #141/086 Illustration Rare Raw TCG (Near Mint)","25.53","$2.54","$9.95","$12.49 (10/24/2025)","$12.05","$8.00","$18.00","-50.00","25","$301.17"
"Hippowdon 2025 Scarlet & Violet: Prismatic Evolutions #053/131 Master Ball Reverse Holo Raw TCG (Near Mint)","25.45","$1.40","$5.50","$6.90 (10/23/2025)","$7.49","$5.00","$16.09","57.14","11","$82.43"
"Smoliv 2025 Scarlet & Violet: Destined Rivals #021/182 Base Raw TCG (Near Mint)","25.25","$0.25","$0.99","$1.24 (10/21/2025)","$1.16","$0.99","$1.49","-40.00","3","$3.47"
"Lilligant 2025 Japanese Scarlet & Violet: Black Bolt #092/086 Art Rare Raw TCG (Near Mint)","25.19","$2.01","$7.98","$9.99 (10/24/2025)","$9.19","$7.98","$9.99","-85.29","5","$45.93"
"Mudbray 2025 Scarlet & Violet: Destined Rivals #107/182 Reverse Holo Raw TCG (Near Mint)","25.19","$0.34","$1.35","$1.69 (10/19/2025)","$1.55","$1.35","$1.89","100.00","6","$9.32"
"Oshawott 2025 Scarlet & Violet: White Flare #021/086 Poke Ball Reverse Holo Raw TCG (Near Mint)","25.13","$0.50","$1.99","$2.49 (10/07/2025)","$2.47","$1.00","$4.56","-50.00","5","$12.33"
"N's Zoroark ex 2025 Japanese Scarlet & Violet: Battle Partners #131/100 Ultra Rare (Secret) Raw TCG (Near Mint)","25.01","$5.00","$19.99","$24.99 (10/24/2025)","$22.49","$19.99","$24.99","-33.33","2","$44.98"
"Professor's Research 2025 Scarlet & Violet: Prismatic Evolutions #125/131 Poke Ball Reverse Holo (Professor Sycamore) Raw TCG (Near Mint)","25.00","$0.35","$1.40","$1.75 (10/20/2025)","$1.71","$1.40","$2.17","400.00","5","$8.56"
"Galvantula 2025 Scarlet & Violet: White Flare #117/086 Illustration Rare Raw TCG (Near Mint)","24.92","$2.99","$12.00","$14.99 (10/23/2025)","$13.87","$10.00","$24.19","-46.00","27","$374.62"
"Applin 2025 Scarlet & Violet: Prismatic Evolutions #009/131 Master Ball Reverse Holo Raw TCG (Near Mint)","24.77","$1.21","$4.91","$6.12 (10/23/2025)","$4.67","$2.49","$7.32","10.00","11","$51.36"
"Tool Scrapper 2025 Scarlet & Violet: White Flare #085/086 Poke Ball Reverse Holo Raw TCG (Near Mint)","24.77","$0.53","$2.16","$2.69 (10/19/2025)","$2.31","$1.75","$2.84","20.00","6","$13.84"
"Vaporeon ex 2025 Scarlet & Violet: Prismatic Evolutions #023/131 Double Rare Raw TCG (Near Mint)","24.74","$0.71","$2.87","$3.58 (10/24/2025)","$3.43","$1.00","$9.11","17.57","87","$298.58"
"Sparkling Crystal 2025 Scarlet & Violet: Prismatic Evolutions #129/131 Holo (ACE SPEC) Raw TCG (Near Mint)","24.67","$0.64","$2.62","$3.26 (10/24/2025)","$1.89","$0.99","$3.98","40.00","28","$52.94"
"Briar 2025 Scarlet & Violet: Prismatic Evolutions #100/131 Poke Ball Reverse Holo Raw TCG (Near Mint)","24.66","$0.36","$1.46","$1.82 (10/17/2025)","$1.69","$1.46","$1.95","0.00","4","$6.75"
"Sandile 2025 Japanese Scarlet & Violet: Black Bolt #141/086 Art Rare Raw TCG (Near Mint)","24.58","$1.18","$4.80","$5.98 (10/24/2025)","$5.11","$3.00","$6.68","-50.00","11","$56.18"
"Whimsicott 2025 Scarlet & Violet: Prismatic Evolutions #008/131 Master Ball Reverse Holo Raw TCG (Near Mint)","24.37","$1.95","$8.00","$9.95 (10/08/2025)","$9.19","$6.00","$11.00","-54.55","5","$45.95"
"Team Rocket's Persian ex 2025 Japanese Scarlet & Violet: Glory of Team Rocket #118/098 Super Rare (Full Art) Raw TCG (Near Mint)","24.32","$1.70","$6.99","$8.69 (10/24/2025)","$8.15","$3.99","$10.47","0.00","18","$146.78"
"Iono's Bellibolt ex 2025 Japanese Scarlet & Violet: Battle Partners #030/100 Double Rare Raw TCG (Near Mint)","24.30","$0.52","$2.14","$2.66 (10/20/2025)","$2.04","$1.33","$2.66","-25.00","3","$6.13"
"Miltank 2025 Japanese Mega Brave #54/63 Base Raw TCG (Near Mint)","24.24","$0.24","$0.99","$1.23 (10/12/2025)","$1.11","$0.99","$1.23","-33.33","2","$2.22"
"Night Stretcher 2025 Japanese Mega Brave #83/63 Super Rare (Full Art) Raw TCG (Near Mint)","24.24","$0.40","$1.65","$2.05 (10/18/2025)","$2.42","$1.25","$3.84","-47.62","11","$26.59"
"Ethan's Adventure 2025 Scarlet & Violet: Destined Rivals #236/182 Special Illustration Rare Raw TCG (Near Mint)","24.18","$12.66","$52.33","$64.99 (10/23/2025)","$53.47","$40.00","$73.17","-18.18","54","$2887.49"
"Suicune 2025 Scarlet & Violet: Prismatic Evolutions #024/131 Reverse Holo Raw TCG (Near Mint)","24.16","$0.36","$1.49","$1.85 (10/16/2025)","$1.66","$1.43","$2.27","0.00","4","$6.64"
"Galvantula 2025 Japanese Scarlet & Violet: White Flare #114/086 Art Rare Raw TCG (Near Mint)","24.05","$1.14","$4.74","$5.88 (10/24/2025)","$5.30","$2.75","$6.95","-11.54","23","$121.98"
"Vaporeon 2025 Scarlet & Violet: Prismatic Evolutions #022/131 Holo Raw TCG (Near Mint)","23.90","$0.38","$1.59","$1.97 (10/21/2025)","$1.91","$1.25","$3.00","-36.36","14","$26.78"
"Team Rocket's Mewtwo ex 2025 Japanese Scarlet & Violet: Glory of Team Rocket #125/098 Special Art Rare Raw TCG (Near Mint)","23.89","$55.92","$234.07","$289.99 (10/24/2025)","$250.24","$221.01","$329.89","28.57","18","$4504.35"
"Ivysaur 2025 Mega Evolution #002/132 Reverse Holo Raw TCG (Near Mint)","23.87","$0.47","$1.99","$2.46 (10/24/2025)","$1.85","$0.99","$3.49","700.00","32","$59.34"
"Ralts 2025 Mega Evolution #058/132 Base Raw TCG (Near Mint)","23.86","$0.21","$0.88","$1.09 (10/23/2025)","$1.39","$0.86","$2.63","1033.33","34","$47.18"
"Wailord 2025 Japanese Scarlet & Violet: Battle Partners #103/100 Art Rare Raw TCG (Near Mint)","23.69","$1.25","$5.27","$6.51 (10/24/2025)","$5.17","$1.75","$12.50","45.59","99","$512.26"
"Team Rocket's Porygon 2025 Scarlet & Violet: Destined Rivals #153/182 Reverse Holo Raw TCG (Near Mint)","23.67","$0.40","$1.69","$2.09 (10/19/2025)","$1.96","$1.69","$2.09","-50.00","3","$5.87"
"Iris's Fighting Spirit 2025 Japanese Scarlet & Violet: Battle Partners #121/100 Super Rare (Full Art) Raw TCG (Near Mint)","23.62","$1.41","$5.97","$7.38 (10/22/2025)","$6.67","$5.97","$7.38","-66.67","2","$13.35"
"Lilligant 2025 Scarlet & Violet: Black Bolt #092/086 Illustration Rare Raw TCG (Near Mint)","23.60","$3.54","$15.00","$18.54 (10/16/2025)","$17.06","$14.95","$19.99","-52.94","8","$136.46"
"Iron Defender 2025 Mega Evolution #118/132 Reverse Holo Raw TCG (Near Mint)","23.45","$0.34","$1.45","$1.79 (10/02/2025)","$1.59","$1.15","$1.99","0.00","4","$6.38"
"Hoothoot 2025 Scarlet & Violet: Prismatic Evolutions #077/131 Poke Ball Reverse Holo Raw TCG (Near Mint)","23.26","$0.30","$1.29","$1.59 (10/07/2025)","$1.44","$1.29","$1.59","-50.00","2","$2.88"
"Eelektrik 2025 Scarlet & Violet: Black Bolt #031/086 Base Raw TCG (Near Mint)","23.15","$0.25","$1.08","$1.33 (10/08/2025)","$1.21","$1.08","$1.33","100.00","2","$2.41"
"Team Rocket's Giovanni 2025 Japanese Scarlet & Violet: Glory of Team Rocket #129/098 Special Art Rare Raw TCG (Near Mint)","23.14","$6.06","$26.19","$32.25 (10/22/2025)","$23.95","$19.00","$32.25","-53.85","6","$143.71"
"Liepard 2025 Scarlet & Violet: White Flare #056/086 Poke Ball Reverse Holo Raw TCG (Near Mint)","23.12","$0.46","$1.99","$2.45 (10/21/2025)","$2.05","$1.45","$3.00","33.33","8","$16.41"
"Emolga 2025 Japanese Scarlet & Violet: Black Bolt #116/086 Art Rare Raw TCG (Near Mint)","23.01","$2.00","$8.69","$10.69 (10/24/2025)","$8.63","$4.99","$11.72","-26.32","14","$120.77"
"Raging Bolt ex 2025 Scarlet & Violet: Prismatic Evolutions #166/131 Special Illustration Rare Raw TCG (Near Mint)","22.94","$15.83","$69.00","$84.83 (10/24/2025)","$74.03","$61.00","$90.00","126.67","34","$2517.04"
"Ducklett 2025 Scarlet & Violet: White Flare #025/086 Poke Ball Reverse Holo Raw TCG (Near Mint)","22.86","$0.32","$1.40","$1.72 (10/24/2025)","$2.53","$1.40","$7.11","-30.00","7","$17.71"
"Team Rocket's Crobat ex 2025 Japanese Scarlet & Violet: Glory of Team Rocket #131/098 Ultra Rare (Secret) Raw TCG (Near Mint)","22.76","$3.34","$14.70","$18.04 (10/23/2025)","$18.22","$14.60","$33.14","-57.14","9","$163.94"
"Zeraora 2025 Scarlet & Violet: Destined Rivals #078/182 Holo Raw TCG (Near Mint)","22.67","$0.34","$1.50","$1.84 (10/22/2025)","$1.48","$0.99","$2.18","116.67","13","$19.27"
"Misty's Magikarp 2025 Scarlet & Violet: Destined Rivals #048/182 Reverse Holo Raw TCG (Near Mint)","22.49","$0.56","$2.49","$3.05 (10/24/2025)","$2.25","$0.99","$3.49","75.00","21","$47.17"
"Swinub 2025 Japanese Scarlet & Violet: Battle Partners #106/100 Art Rare Raw TCG (Near Mint)","22.48","$0.68","$3.03","$3.71 (10/24/2025)","$3.26","$0.99","$15.00","100.00","76","$247.61"
"Reshiram ex 2025 Japanese Scarlet & Violet: White Flare #168/086 Special Art Rare Raw TCG (Near Mint)","22.47","$31.46","$139.99","$171.45 (10/21/2025)","$151.32","$133.00","$172.15","-73.68","5","$756.59"
"Stunfisk 2025 Scarlet & Violet: White Flare #035/086 Reverse Holo Raw TCG (Near Mint)","22.41","$0.26","$1.16","$1.42 (10/13/2025)","$1.59","$1.16","$2.20","50.00","3","$4.78"
"Samurott 2025 Japanese Scarlet & Violet: White Flare #104/086 Art Rare Raw TCG (Near Mint)","22.41","$2.20","$9.79","$11.99 (10/18/2025)","$9.97","$5.99","$13.09","-13.79","25","$249.18"
"Dondozo ex 2025 Scarlet & Violet: Destined Rivals #066/182 Double Rare Raw TCG (Near Mint)","22.36","$0.53","$2.37","$2.90 (10/24/2025)","$2.31","$1.15","$3.95","-17.24","24","$55.34"
"Boldore 2025 Scarlet & Violet: White Flare #128/086 Illustration Rare Raw TCG (Near Mint)","22.35","$0.67","$3.02","$3.69 (10/24/2025)","$5.26","$2.25","$10.50","-32.73","37","$194.50"
"Glaceon 2025 Scarlet & Violet: Prismatic Evolutions #025/131 Master Ball Reverse Holo Raw TCG (Near Mint)","22.35","$4.47","$20.00","$24.47 (10/24/2025)","$22.85","$16.21","$36.96","-57.89","8","$182.81"
"Houndour 2025 Scarlet & Violet: Prismatic Evolutions #062/131 Master Ball Reverse Holo Raw TCG (Near Mint)","22.21","$0.73","$3.27","$3.99 (10/21/2025)","$3.65","$0.99","$8.48","85.71","13","$47.44"
"N's Zoroark ex 2025 Scarlet & Violet: Journey Together #098/159 Double Rare Raw TCG (Near Mint)","22.20","$0.71","$3.18","$3.88 (10/24/2025)","$3.07","$0.99","$6.71","-30.53","66","$202.74"
"Mega Latias ex 2025 Japanese Mega Symphonia #79/63 Super Rare (Full Art) Raw TCG (Near Mint)","21.94","$1.58","$7.22","$8.80 (10/24/2025)","$8.78","$6.00","$16.22","-50.53","47","$412.66"
"Cottonee 2025 Scarlet & Violet: White Flare #090/086 Illustration Rare Raw TCG (Near Mint)","21.57","$1.40","$6.49","$7.89 (10/24/2025)","$6.66","$3.00","$9.97","-71.79","11","$73.27"
"Carracosta 2025 Scarlet & Violet: Black Bolt #023/086 Reverse Holo Raw TCG (Near Mint)","21.53","$0.31","$1.44","$1.75 (10/19/2025)","$1.59","$1.44","$1.75","0.00","2","$3.19"
"Energy Recycler 2025 Scarlet & Violet: Destined Rivals #164/182 Reverse Holo Raw TCG (Near Mint)","21.37","$0.28","$1.31","$1.59 (10/19/2025)","$1.28","$0.94","$1.59","-50.00","5","$6.42"
"Cinccino 2025 Japanese Scarlet & Violet: Black Bolt #158/086 Art Rare Raw TCG (Near Mint)","21.36","$1.18","$5.50","$6.68 (10/24/2025)","$6.72","$3.95","$7.97","-3.70","26","$174.79"
"Scolipede 2025 Scarlet & Violet: Black Bolt #134/086 Illustration Rare Raw TCG (Near Mint)","21.36","$2.99","$14.00","$16.99 (10/23/2025)","$14.96","$9.50","$26.25","-55.56","12","$179.56"
"Amoonguss ex 2025 Scarlet & Violet: Journey Together #011/159 Double Rare Raw TCG (Near Mint)","21.35","$0.38","$1.78","$2.16 (10/24/2025)","$2.17","$1.00","$3.90","26.67","19","$41.30"
"N's Plot 2025 Japanese Scarlet & Violet: Black Bolt #173/086 Special Art Rare Raw TCG (Near Mint)","21.19","$11.91","$56.21","$68.12 (10/24/2025)","$54.69","$30.00","$68.12","-30.00","14","$765.69"
"Purrloin 2025 Japanese Scarlet & Violet: White Flare #134/086 Art Rare Raw TCG (Near Mint)","21.15","$1.26","$5.98","$7.25 (10/24/2025)","$6.18","$1.34","$9.36","-28.57","20","$123.55"
"Reshiram ex 2025 Japanese Scarlet & Violet: White Flare #174/086 Black White Rare (Secret) Raw TCG (Near Mint)","21.09","$55.37","$262.50","$317.87 (10/21/2025)","$321.62","$254.98","$450.00","-59.26","11","$3537.80"
"Team Rocket's Nidoking ex 2025 Japanese Scarlet & Violet: Glory of Team Rocket #116/098 Super Rare (Full Art) Raw TCG (Near Mint)","21.03","$1.68","$7.99","$9.67 (10/19/2025)","$8.24","$5.00","$11.00","-45.00","11","$90.68"
"Umbreon ex 2025 Scarlet & Violet: Prismatic Evolutions #060/131 Double Rare Raw TCG (Near Mint)","20.88","$1.28","$6.13","$7.41 (10/24/2025)","$6.07","$1.51","$20.50","-17.36","100","$606.99"
"Archeops 2025 Scarlet & Violet: White Flare #051/086 Master Ball Reverse Holo Raw TCG (Near Mint)","20.86","$1.45","$6.95","$8.40 (10/24/2025)","$7.29","$6.00","$9.99","28.57","9","$65.58"
"Pansear 2025 Scarlet & Violet: White Flare #099/086 Illustration Rare Raw TCG (Near Mint)","20.85","$1.72","$8.25","$9.97 (10/24/2025)","$7.56","$2.69","$10.58","-48.84","22","$166.22"
"Drilbur 2025 Scarlet & Violet: Black Bolt #045/086 Poke Ball Reverse Holo Raw TCG (Near Mint)","20.83","$0.25","$1.20","$1.45 (10/19/2025)","$1.22","$1.00","$1.45","0.00","3","$3.65"
"Wellspring Mask Ogerpon ex 2025 Scarlet & Violet: Prismatic Evolutions #027/131 Double Rare Raw TCG (Near Mint)","20.76","$0.44","$2.09","$2.53 (10/24/2025)","$2.36","$0.99","$4.97","-6.67","28","$66.04"
"Dipplin 2025 Scarlet & Violet: Prismatic Evolutions #010/131 Poke Ball Reverse Holo Raw TCG (Near Mint)","20.69","$0.42","$2.03","$2.45 (10/24/2025)","$1.77","$0.99","$2.45","0.00","7","$12.38"
"Gorebyss 2025 Scarlet & Violet: Destined Rivals #056/182 Reverse Holo Raw TCG (Near Mint)","20.69","$0.30","$1.45","$1.75 (10/22/2025)","$1.54","$1.45","$1.75","33.33","4","$6.14"
"Dusknoir 2025 Scarlet & Violet: Prismatic Evolutions #037/131 Reverse Holo Raw TCG (Near Mint)","20.69","$0.30","$1.45","$1.75 (10/22/2025)","$1.40","$1.00","$1.75","-40.00","3","$4.20"
"Zekrom ex 2025 Scarlet & Violet: Black Bolt #034/086 Double Rare Raw TCG (Near Mint)","20.63","$0.52","$2.52","$3.04 (10/24/2025)","$2.05","$0.99","$4.05","-36.76","43","$87.96"
"Druddigon 2025 Scarlet & Violet: White Flare #151/086 Illustration Rare Raw TCG (Near Mint)","20.48","$3.28","$15.99","$19.27 (10/24/2025)","$14.87","$9.50","$19.99","-34.85","43","$639.27"
"Alomomola 2025 Scarlet & Violet: Black Bolt #108/086 Illustration Rare Raw TCG (Near Mint)","20.35","$1.52","$7.47","$8.99 (10/23/2025)","$7.83","$4.36","$9.99","-33.33","14","$109.68"
"Mega Venusaur ex 2025 Japanese Mega Brave #76/63 Super Rare (Full Art) Raw TCG (Near Mint)","20.35","$2.16","$10.64","$12.80 (10/24/2025)","$12.69","$8.50","$18.35","-41.98","76","$964.07"
"Woobat 2025 Japanese Scarlet & Violet: White Flare #116/086 Art Rare Raw TCG (Near Mint)","20.34","$1.02","$4.99","$6.01 (10/24/2025)","$5.74","$3.99","$7.03","54.55","17","$97.52"
"Rotom ex 2025 Japanese Mega: Inferno X #96/80 Super Rare (Full Art) Raw TCG (Near Mint)","20.28","$1.01","$4.98","$5.99 (10/23/2025)","$5.79","$3.99","$8.02","0.00","20","$115.74"
"Beheeyem 2025 Japanese Scarlet & Violet: Black Bolt #127/086 Art Rare Raw TCG (Near Mint)","20.21","$0.76","$3.76","$4.52 (10/17/2025)","$4.86","$3.76","$6.03","-54.55","5","$24.30"
"Shelmet 2025 Scarlet & Violet: White Flare #093/086 Illustration Rare Raw TCG (Near Mint)","20.20","$1.20","$5.94","$7.14 (10/24/2025)","$5.07","$2.50","$7.75","-71.05","11","$55.77"
"Slowpoke 2025 Scarlet & Violet: Prismatic Evolutions #018/131 Reverse Holo Raw TCG (Near Mint)","20.13","$0.30","$1.49","$1.79 (10/12/2025)","$1.62","$1.49","$1.79","-25.00","3","$4.87"
"Yanmega ex 2025 Scarlet & Violet: Destined Rivals #003/182 Double Rare Raw TCG (Near Mint)","20.11","$0.38","$1.87","$2.24 (10/24/2025)","$3.00","$0.99","$24.00","0.00","30","$90.02"
"Vanillish 2025 Scarlet & Violet: White Flare #028/086 Poke Ball Reverse Holo Raw TCG (Near Mint)","20.00","$0.29","$1.45","$1.74 (10/21/2025)","$1.59","$1.45","$1.74","-60.00","2","$3.19"
"Excadrill ex 2025 Scarlet & Violet: Black Bolt #168/086 Special Illustration Rare Raw TCG (Near Mint)","20.00","$5.00","$25.00","$30.00 (10/24/2025)","$27.65","$10.50","$47.39","-50.00","31","$857.26"
"Archaludon 2025 Scarlet & Violet: Prismatic Evolutions #070/131 Master Ball Reverse Holo Raw TCG (Near Mint)","20.00","$1.00","$5.00","$6.00 (10/22/2025)","$7.95","$4.50","$18.49","66.67","15","$119.24"
"Liepard 2025 Scarlet & Violet: White Flare #137/086 Illustration Rare Raw TCG (Near Mint)","19.97","$2.99","$15.00","$17.99 (10/23/2025)","$19.08","$8.50","$33.99","16.67","42","$801.44"
"Minccino 2025 Scarlet & Violet: Black Bolt #152/086 Illustration Rare Raw TCG (Near Mint)","19.96","$1.89","$9.50","$11.39 (10/24/2025)","$10.90","$8.00","$17.95","2.50","41","$447.06"
"Duosion 2025 Japanese Scarlet & Violet: Black Bolt #124/086 Art Rare Raw TCG (Near Mint)","19.84","$0.99","$4.99","$5.98 (10/23/2025)","$6.23","$4.00","$10.76","33.33","32","$199.51"
"Tool Scrapper 2025 Scarlet & Violet: White Flare #085/086 Base Raw TCG (Near Mint)","19.63","$0.26","$1.35","$1.61 (10/12/2025)","$1.45","$1.35","$1.78","-25.00","6","$8.70"
"Seaking 2025 Scarlet & Violet: Prismatic Evolutions #021/131 Master Ball Reverse Holo Raw TCG (Near Mint)","19.40","$0.58","$2.99","$3.57 (10/24/2025)","$3.66","$2.99","$5.95","9.09","12","$43.97"
"Yanmega ex 2025 Japanese Scarlet & Violet: Heat Wave Arena #085/063 Special Art Rare Raw TCG (Near Mint)","19.37","$2.52","$13.01","$15.53 (10/19/2025)","$15.09","$10.50","$22.20","-18.18","9","$135.77"
"Ceruledge 2025 Japanese Mega: Inferno X #20/80 Base Raw TCG (Near Mint)","19.33","$0.29","$1.50","$1.79 (10/14/2025)","$1.52","$0.99","$1.79","0.00","4","$6.07"
"Volcarona 2025 Scarlet & Violet: Black Bolt #016/086 Reverse Holo Raw TCG (Near Mint)","19.32","$0.25","$1.32","$1.57 (10/19/2025)","$1.49","$1.32","$1.70","200.00","3","$4.47"
"Clawitzer 2025 Mega Evolution #038/132 Reverse Holo Raw TCG (Near Mint)","19.20","$0.24","$1.25","$1.49 (10/16/2025)","$1.64","$1.25","$1.99","0.00","5","$8.21"
"Clawitzer 2025 Japanese Mega Symphonia #20/63 Holo Raw TCG (Near Mint)","19.20","$0.24","$1.25","$1.49 (10/24/2025)","$1.29","$1.24","$1.49","-16.67","5","$6.47"
"Team Rocket's Nidoking ex 2025 Scarlet & Violet: Destined Rivals #119/182 Double Rare Raw TCG (Near Mint)","19.17","$0.46","$2.42","$2.88 (10/24/2025)","$2.43","$0.85","$5.32","-20.90","53","$128.84"
"Emboar 2025 Scarlet & Violet: White Flare #098/086 Illustration Rare Raw TCG (Near Mint)","19.15","$4.50","$23.50","$28.00 (10/22/2025)","$25.60","$13.50","$39.99","-68.18","14","$358.45"
"Dudunsparce ex 2025 Japanese Scarlet & Violet: Battle Partners #120/100 Super Rare (Full Art) Raw TCG (Near Mint)","19.10","$0.64","$3.35","$3.99 (10/10/2025)","$3.77","$3.35","$3.99","0.00","3","$11.32"
"Mienfoo 2025 Scarlet & Violet: White Flare #133/086 Illustration Rare Raw TCG (Near Mint)","19.04","$1.29","$6.75","$8.04 (10/22/2025)","$7.82","$5.00","$11.00","6.38","50","$391.21"
"Clamperl 2025 Japanese Scarlet & Violet: Glory of Team Rocket #102/098 Art Rare Raw TCG (Near Mint)","18.78","$0.77","$4.10","$4.87 (10/23/2025)","$4.16","$0.99","$5.86","-9.26","49","$203.93"
"Whirlipede 2025 Japanese Scarlet & Violet: Black Bolt #139/086 Art Rare Raw TCG (Near Mint)","18.75","$0.84","$4.48","$5.32 (10/23/2025)","$4.53","$2.66","$5.32","-25.00","12","$54.31"
"Bisharp 2025 Scarlet & Violet: Black Bolt #143/086 Illustration Rare Raw TCG (Near Mint)","18.70","$1.50","$8.00","$9.49 (10/23/2025)","$8.47","$3.12","$17.78","-24.32","28","$237.12"
"Leavanny 2025 Scarlet & Violet: White Flare #089/086 Illustration Rare Raw TCG (Near Mint)","18.69","$2.99","$16.00","$18.99 (10/24/2025)","$16.24","$12.45","$23.90","-28.00","18","$292.27"
"Arven's Toedscool 2025 Scarlet & Violet: Destined Rivals #109/182 Reverse Holo Raw TCG (Near Mint)","18.52","$0.25","$1.35","$1.60 (10/16/2025)","$1.48","$1.35","$1.60","100.00","2","$2.95"
"Litwick 2025 Scarlet & Violet: White Flare #101/086 Illustration Rare Raw TCG (Near Mint)","18.39","$2.21","$11.99","$14.20 (10/24/2025)","$12.47","$8.50","$16.98","-50.00","40","$498.79"
"Team Rocket's Moltres ex 2025 Japanese Scarlet & Violet: Glory of Team Rocket #015/098 Double Rare Raw TCG (Near Mint)","18.34","$0.31","$1.69","$2.00 (10/24/2025)","$2.12","$1.55","$2.55","60.00","8","$16.96"
"Trubbish 2025 Scarlet & Violet: White Flare #140/086 Illustration Rare Raw TCG (Near Mint)","18.29","$1.39","$7.60","$8.99 (10/24/2025)","$7.46","$5.00","$9.98","-55.00","27","$201.36"
"Larry's Skill 2025 Scarlet & Violet: Prismatic Evolutions #115/131 Poke Ball Reverse Holo Raw TCG (Near Mint)","18.25","$0.23","$1.26","$1.49 (10/21/2025)","$1.69","$1.26","$2.00","100.00","4","$6.74"
"Ethan's Slugma 2025 Scarlet & Violet: Destined Rivals #035/182 Reverse Holo Raw TCG (Near Mint)","18.24","$0.29","$1.59","$1.88 (10/14/2025)","$1.68","$1.35","$1.99","-14.29","6","$10.05"
"Archen 2025 Japanese Scarlet & Violet: White Flare #129/086 Art Rare Raw TCG (Near Mint)","18.22","$0.80","$4.39","$5.19 (10/24/2025)","$4.57","$2.13","$5.98","10.53","21","$95.96"
"Magmortar 2025 Japanese Scarlet & Violet: Battle Partners #014/100 Holo Raw TCG (Near Mint)","18.18","$0.18","$0.99","$1.17 (10/09/2025)","$1.08","$0.99","$1.17","0.00","2","$2.16"
"Flareon ex 2025 Scarlet & Violet: Prismatic Evolutions #146/131 Special Illustration Rare Raw TCG (Near Mint)","17.92","$25.84","$144.16","$170.00 (10/25/2025)","$181.03","$135.00","$230.00","8.00","27","$4887.93"
"Dunsparce 2025 Scarlet & Violet: Prismatic Evolutions #079/131 Poke Ball Reverse Holo Raw TCG (Near Mint)","17.86","$0.25","$1.40","$1.65 (10/22/2025)","$1.63","$0.99","$2.99","700.00","16","$26.12"
"Samurott 2025 Scarlet & Violet: White Flare #107/086 Illustration Rare Raw TCG (Near Mint)","17.81","$6.04","$33.91","$39.95 (10/24/2025)","$39.42","$25.00","$49.95","-58.11","31","$1222.04"
"Darmanitan 2025 Scarlet & Violet: Black Bolt #098/086 Illustration Rare Raw TCG (Near Mint)","17.77","$1.36","$7.63","$8.99 (10/24/2025)","$8.04","$3.25","$10.35","-42.11","22","$176.87"
"Meganium 2025 Mega Evolution #010/132 Reverse Holo Raw TCG (Near Mint)","17.75","$0.30","$1.69","$1.99 (10/24/2025)","$1.77","$1.00","$3.96","283.33","23","$40.77"
"Misty's Staryu 2025 Scarlet & Violet: Destined Rivals #046/182 Reverse Holo Raw TCG (Near Mint)","17.65","$0.39","$2.21","$2.60 (10/24/2025)","$2.15","$0.99","$3.18","14.29","16","$34.39"
"Iris's Fighting Spirit 2025 Scarlet & Violet: Journey Together #180/159 Ultra Rare (Full Art) Raw TCG (Near Mint)","17.60","$0.47","$2.67","$3.14 (10/24/2025)","$3.95","$0.99","$10.71","-27.06","62","$245.07"
"Leafeon 2025 Scarlet & Violet: Prismatic Evolutions #005/131 Holo Raw TCG (Near Mint)","17.57","$0.26","$1.48","$1.74 (10/22/2025)","$1.78","$1.29","$3.43","-29.41","12","$21.41"
"Hawlucha 2025 Scarlet & Violet: Prismatic Evolutions #089/131 Master Ball Reverse Holo Raw TCG (Near Mint)","17.54","$0.50","$2.85","$3.35 (10/22/2025)","$3.57","$1.50","$10.33","30.00","13","$46.38"
"Shaymin 2025 Scarlet & Violet: Destined Rivals #185/182 Illustration Rare Raw TCG (Near Mint)","17.54","$2.06","$11.75","$13.80 (10/24/2025)","$12.52","$6.50","$19.97","-33.33","94","$1177.15"
"Samurott 2025 Scarlet & Violet: White Flare #023/086 Poke Ball Reverse Holo Raw TCG (Near Mint)","17.44","$0.34","$1.95","$2.29 (10/15/2025)","$2.56","$1.95","$3.00","0.00","5","$12.78"
"Team Rocket's Mewtwo ex 2025 Scarlet & Violet: Destined Rivals #231/182 Special Illustration Rare Raw TCG (Near Mint)","17.34","$78.01","$450.00","$528.01 (10/24/2025)","$486.06","$300.00","$750.00","-46.39","52","$25274.89"
"Gothita 2025 Scarlet & Violet: White Flare #041/086 Reverse Holo Raw TCG (Near Mint)","17.24","$0.25","$1.45","$1.70 (10/15/2025)","$1.65","$1.45","$1.79","200.00","3","$4.94"
"Servine 2025 Japanese Scarlet & Violet: Black Bolt #088/086 Art Rare Raw TCG (Near Mint)","17.16","$1.46","$8.51","$9.97 (10/23/2025)","$9.45","$5.92","$14.70","-28.00","18","$170.10"
"Great Tusk 2025 Scarlet & Violet: Prismatic Evolutions #055/131 Poke Ball Reverse Holo Raw TCG (Near Mint)","17.04","$0.68","$3.99","$4.67 (10/20/2025)","$3.43","$1.49","$4.67","33.33","4","$13.73"
"Ethan's Pichu 2025 Japanese Scarlet & Violet: Heat Wave Arena #036/063 Base Raw TCG (Near Mint)","16.99","$0.26","$1.53","$1.79 (10/11/2025)","$1.61","$1.51","$1.79","0.00","3","$4.83"
"Treasure Tracker 2025 Scarlet & Violet: Prismatic Evolutions #131/131 Holo (ACE SPEC) Raw TCG (Near Mint)","16.98","$0.33","$1.95","$2.29 (10/23/2025)","$1.97","$1.00","$3.31","50.00","24","$47.17"
"Regirock ex 2025 Japanese Scarlet & Violet: Glory of Team Rocket #115/098 Super Rare (Full Art) Raw TCG (Near Mint)","16.92","$0.67","$3.99","$4.67 (10/24/2025)","$5.42","$3.99","$6.54","44.44","13","$70.48"
"Hilda 2025 Scarlet & Violet: White Flare #164/086 Ultra Rare (Full Art) Raw TCG (Near Mint)","16.81","$1.57","$9.33","$10.90 (10/24/2025)","$12.40","$6.00","$20.32","-31.10","113","$1401.05"
"Magearna 2025 Scarlet & Violet: Journey Together #107/159 Holo Raw TCG (Near Mint)","16.78","$0.24","$1.43","$1.67 (10/16/2025)","$1.38","$0.99","$1.81","50.00","6","$8.31"
"Lycanroc 2025 Scarlet & Violet: Journey Together #085/159 Reverse Holo Raw TCG (Near Mint)","16.78","$0.25","$1.49","$1.74 (10/22/2025)","$2.38","$1.25","$3.88","-16.67","10","$23.79"
"Tranquill 2025 Scarlet & Violet: Black Bolt #149/086 Illustration Rare Raw TCG (Near Mint)","16.67","$1.00","$6.00","$7.00 (10/22/2025)","$5.93","$3.00","$9.95","-34.62","17","$100.73"
"Team Rocket's Tyranitar 2025 Scarlet & Violet: Destined Rivals #096/182 Reverse Holo Raw TCG (Near Mint)","16.67","$0.25","$1.50","$1.75 (10/23/2025)","$1.82","$1.00","$2.84","-47.06","9","$16.36"
"Joltik 2025 Scarlet & Violet: White Flare #116/086 Illustration Rare Raw TCG (Near Mint)","16.56","$2.98","$18.00","$20.98 (10/24/2025)","$19.52","$12.50","$25.46","-15.91","37","$722.20"
"Keldeo ex 2025 Japanese Scarlet & Violet: White Flare #027/086 Double Rare Raw TCG (Near Mint)","16.55","$0.23","$1.39","$1.62 (10/20/2025)","$1.49","$1.02","$1.79","50.00","6","$8.92"
"Team Rocket's Meowth 2025 Scarlet & Violet: Destined Rivals #203/182 Illustration Rare Raw TCG (Near Mint)","16.54","$5.02","$30.36","$35.39 (10/24/2025)","$31.72","$20.00","$46.00","-35.53","127","$4028.61"
"Dwebble 2025 Japanese Scarlet & Violet: Black Bolt #135/086 Art Rare Raw TCG (Near Mint)","16.53","$0.99","$5.99","$6.98 (10/24/2025)","$7.53","$4.53","$14.40","-17.24","24","$180.62"
"Professor Sada's Vitality 2025 Scarlet & Violet: Prismatic Evolutions #120/131 Poke Ball Reverse Holo Raw TCG (Near Mint)","16.43","$0.23","$1.40","$1.63 (10/04/2025)","$1.51","$1.40","$1.63","-33.33","2","$3.03"
"Magnemite 2025 Mega Evolution #045/132 Reverse Holo Raw TCG (Near Mint)","16.37","$0.28","$1.71","$1.99 (10/23/2025)","$1.52","$0.99","$1.99","0.00","10","$15.18"
"Woobat 2025 Scarlet & Violet: White Flare #119/086 Illustration Rare Raw TCG (Near Mint)","16.18","$1.35","$8.36","$9.71 (10/24/2025)","$7.96","$2.00","$14.61","-8.70","42","$334.12"
"Scolipede 2025 Japanese Scarlet & Violet: Black Bolt #140/086 Art Rare Raw TCG (Near Mint)","16.09","$0.83","$5.16","$5.99 (10/24/2025)","$5.98","$3.50","$16.00","-11.76","30","$179.54"
"Cynthia's Garchomp ex 2025 Scarlet & Violet: Destined Rivals #232/182 Special Illustration Rare Raw TCG (Near Mint)","16.00","$40.00","$250.00","$290.00 (10/24/2025)","$294.70","$200.00","$421.56","-60.55","43","$12671.95"
"Hop's Zacian ex 2025 Japanese Scarlet & Violet: Battle Partners #118/100 Super Rare (Full Art) Raw TCG (Near Mint)","15.95","$0.63","$3.95","$4.58 (10/22/2025)","$3.53","$1.32","$4.58","0.00","4","$14.10"
"Zekrom ex 2025 Scarlet & Violet: Black Bolt #172/086 Black White Rare (Secret) Raw TCG (Near Mint)","15.89","$61.88","$389.50","$451.38 (10/19/2025)","$406.63","$275.58","$560.00","-40.54","44","$17891.72"
"Whimsicott ex 2025 Scarlet & Violet: White Flare #157/086 Ultra Rare (Full Art) Raw TCG (Near Mint)","15.80","$0.44","$2.76","$3.20 (10/24/2025)","$2.70","$1.00","$4.63","-14.75","52","$140.56"
"Air Balloon 2025 Scarlet & Violet: Black Bolt #079/086 Reverse Holo Raw TCG (Near Mint)","15.74","$0.34","$2.16","$2.50 (10/22/2025)","$2.79","$1.75","$7.30","22.22","11","$30.65"
"Roaring Moon 2025 Scarlet & Violet: Prismatic Evolutions #065/131 Holo Raw TCG (Near Mint)","15.74","$0.17","$1.08","$1.25 (10/05/2025)","$1.20","$0.99","$1.49","-33.33","4","$4.81"
"Cheren 2025 Scarlet & Violet: White Flare #081/086 Reverse Holo Raw TCG (Near Mint)","15.74","$0.17","$1.08","$1.25 (10/19/2025)","$1.14","$1.08","$1.25","0.00","3","$3.41"
"Noibat 2025 Scarlet & Violet: Journey Together #127/159 Base Raw TCG (Near Mint)","15.66","$0.16","$0.99","$1.15 (10/18/2025)","$1.09","$0.99","$1.30","50.00","3","$3.28"
"Alakazam 2025 Mega Evolution #056/132 Holo Raw TCG (Near Mint)","15.52","$0.18","$1.16","$1.34 (10/21/2025)","$1.86","$0.82","$5.18","411.11","46","$85.67"
"Bouffalant ex 2025 Scarlet & Violet: White Flare #077/086 Double Rare Raw TCG (Near Mint)","15.45","$0.17","$1.10","$1.27 (10/23/2025)","$1.48","$0.99","$2.63","-4.76","20","$29.59"
"Team Rocket's Great Ball 2025 Scarlet & Violet: Destined Rivals #175/182 Reverse Holo Raw TCG (Near Mint)","15.38","$0.26","$1.69","$1.95 (10/23/2025)","$1.90","$1.69","$1.97","0.00","5","$9.50"
"Roggenrola 2025 Scarlet & Violet: White Flare #046/086 Poke Ball Reverse Holo Raw TCG (Near Mint)","15.38","$0.20","$1.30","$1.50 (10/08/2025)","$1.77","$1.30","$2.39","33.33","4","$7.08"
"Ivysaur 2025 Mega Evolution #002/132 Base Raw TCG (Near Mint)","15.28","$0.17","$1.08","$1.25 (10/17/2025)","$1.76","$1.00","$2.68","1600.00","17","$29.98"
"Ceruledge ex 2025 Scarlet & Violet: Prismatic Evolutions #147/131 Special Illustration Rare Raw TCG (Near Mint)","15.11","$12.92","$85.50","$98.42 (10/24/2025)","$109.02","$75.00","$145.59","24.24","41","$4469.73"
"Espeon 2025 Scarlet & Violet: Prismatic Evolutions #033/131 Master Ball Reverse Holo Raw TCG (Near Mint)","15.06","$3.01","$19.99","$23.00 (10/22/2025)","$21.88","$4.25","$30.00","6.25","17","$372.04"
"Houndoom 2025 Scarlet & Violet: Prismatic Evolutions #063/131 Poke Ball Reverse Holo Raw TCG (Near Mint)","15.00","$0.21","$1.40","$1.61 (10/22/2025)","$1.76","$1.29","$3.00","25.00","5","$8.79"
"Exeggcute 2025 Scarlet & Violet: Prismatic Evolutions #001/131 Poke Ball Reverse Holo Raw TCG (Near Mint)","14.97","$0.22","$1.47","$1.69 (10/06/2025)","$1.54","$1.00","$1.99","0.00","4","$6.15"
"Munkidori 2025 Scarlet & Violet: Prismatic Evolutions #044/131 Holo Raw TCG (Near Mint)","14.88","$0.27","$1.84","$2.11 (10/22/2025)","$1.82","$0.99","$2.97","3.70","28","$51.01"
"Mega Lucario ex 2025 Mega Evolution #179/132 Special Illustration Rare Raw TCG (Near Mint)","14.82","$47.11","$317.89","$365.00 (10/24/2025)","$330.19","$192.45","$465.00","578.05","278","$91791.76"
"Leafeon 2025 Scarlet & Violet: Prismatic Evolutions #005/131 Master Ball Reverse Holo Raw TCG (Near Mint)","14.81","$2.00","$13.50","$15.50 (10/24/2025)","$20.08","$13.50","$26.35","180.00","14","$281.14"
"Woobat 2025 Scarlet & Violet: White Flare #036/086 Poke Ball Reverse Holo Raw TCG (Near Mint)","14.77","$0.22","$1.49","$1.71 (10/12/2025)","$1.66","$1.49","$1.79","-40.00","3","$4.99"
"Purrloin 2025 Scarlet & Violet: White Flare #136/086 Illustration Rare Raw TCG (Near Mint)","14.74","$1.40","$9.50","$10.90 (10/24/2025)","$10.50","$4.25","$19.60","-41.94","36","$378.11"
"Shuckle 2025 Japanese Mega Symphonia #64/63 Art Rare Raw TCG (Near Mint)","14.63","$0.56","$3.82","$4.38 (10/24/2025)","$4.53","$2.00","$27.60","-26.92","114","$515.97"
"Serperior ex 2025 Japanese Scarlet & Violet: Black Bolt #167/086 Special Art Rare Raw TCG (Near Mint)","14.61","$3.57","$24.43","$28.00 (10/23/2025)","$25.96","$21.78","$32.40","-46.67","8","$207.68"
"Elgyem 2025 Scarlet & Violet: Black Bolt #040/086 Poke Ball Reverse Holo Raw TCG (Near Mint)","14.56","$0.38","$2.61","$2.99 (10/05/2025)","$2.18","$1.33","$2.99","100.00","4","$8.72"
"Yveltal 2025 Japanese Mega Brave #40/63 Holo Raw TCG (Near Mint)","14.47","$0.34","$2.35","$2.69 (10/17/2025)","$2.52","$2.35","$2.69","0.00","2","$5.04"
"Steelix 2025 Japanese Mega Brave #45/63 Holo Raw TCG (Near Mint)","14.37","$0.25","$1.74","$1.99 (10/18/2025)","$1.74","$1.49","$1.99","-71.43","4","$6.96"
"Zacian 2025 Japanese Mega: Inferno X #39/80 Holo Raw TCG (Near Mint)","14.29","$0.25","$1.75","$2.00 (10/21/2025)","$1.95","$1.50","$2.13","0.00","7","$13.62"
"Earthen Vessel 2025 Scarlet & Violet: Prismatic Evolutions #106/131 Poke Ball Reverse Holo Raw TCG (Near Mint)","14.29","$0.25","$1.75","$2.00 (10/21/2025)","$1.95","$1.42","$2.56","-40.00","6","$11.72"
"Ethan's Typhlosion 2025 Scarlet & Violet: Destined Rivals #034/182 Reverse Holo Raw TCG (Near Mint)","14.29","$0.57","$3.99","$4.56 (10/16/2025)","$3.15","$1.25","$4.70","-31.25","11","$34.63"
"Mamoswine ex 2025 Scarlet & Violet: Journey Together #079/159 Double Rare Raw TCG (Near Mint)","14.20","$0.25","$1.74","$1.99 (10/24/2025)","$1.84","$0.95","$3.11","-28.57","25","$46.11"
"Butterfree 2025 Scarlet & Violet: Journey Together #003/159 Reverse Holo Raw TCG (Near Mint)","14.20","$0.24","$1.69","$1.93 (10/23/2025)","$1.91","$1.69","$2.75","45.45","16","$30.48"
"Team Rocket's Orbeetle 2025 Scarlet & Violet: Destined Rivals #198/182 Illustration Rare Raw TCG (Near Mint)","14.10","$0.74","$5.25","$5.99 (10/24/2025)","$6.10","$3.00","$9.99","-48.54","53","$323.34"
"Blitzle 2025 Scarlet & Violet: White Flare #031/086 Poke Ball Reverse Holo Raw TCG (Near Mint)","14.00","$0.21","$1.50","$1.71 (10/18/2025)","$1.59","$1.00","$2.49","20.00","6","$9.57"
"Ferrothorn 2025 Scarlet & Violet: White Flare #149/086 Illustration Rare Raw TCG (Near Mint)","13.95","$1.38","$9.89","$11.27 (10/24/2025)","$10.31","$7.00","$16.35","-69.05","13","$133.97"
"Flareon 2025 Scarlet & Violet: Prismatic Evolutions #013/131 Reverse Holo Raw TCG (Near Mint)","13.87","$0.21","$1.49","$1.70 (10/23/2025)","$1.60","$1.45","$2.14","-7.69","12","$19.23"
"Dudunsparce 2025 Scarlet & Violet: Prismatic Evolutions #080/131 Master Ball Reverse Holo Raw TCG (Near Mint)","13.74","$1.51","$10.99","$12.50 (10/22/2025)","$12.24","$9.50","$19.99","80.00","9","$110.16"
"Arcanine 2025 Scarlet & Violet: Destined Rivals #028/182 Base Raw TCG (Near Mint)","13.71","$0.24","$1.75","$1.99 (10/09/2025)","$1.87","$1.75","$1.99","-33.33","2","$3.74"
"Arven's Greedent 2025 Scarlet & Violet: Destined Rivals #159/182 Reverse Holo Raw TCG (Near Mint)","13.71","$0.24","$1.75","$1.99 (10/21/2025)","$2.04","$1.49","$2.69","66.67","10","$20.37"
"Sawk 2025 Scarlet & Violet: White Flare #049/086 Poke Ball Reverse Holo Raw TCG (Near Mint)","13.71","$0.24","$1.75","$1.99 (10/19/2025)","$1.75","$1.50","$1.99","-57.14","3","$5.24"
"Breloom 2025 Scarlet & Violet: Destined Rivals #006/182 Reverse Holo Raw TCG (Near Mint)","13.57","$0.19","$1.40","$1.59 (10/19/2025)","$1.45","$1.40","$1.59","0.00","7","$10.18"
"Iono's Bellibolt ex 2025 Scarlet & Violet: Journey Together #188/159 Hyper Rare (Secret) Raw TCG (Near Mint)","13.54","$1.61","$11.89","$13.50 (10/23/2025)","$16.32","$10.00","$26.95","-36.00","48","$783.28"
"Meloetta ex 2025 Scarlet & Violet: Black Bolt #159/086 Ultra Rare (Full Art) Raw TCG (Near Mint)","13.21","$0.39","$2.99","$3.38 (10/24/2025)","$3.21","$1.20","$6.61","-24.07","41","$131.53"
"Rufflet 2025 Scarlet & Violet: Black Bolt #154/086 Illustration Rare Raw TCG (Near Mint)","13.13","$0.70","$5.33","$6.03 (10/24/2025)","$6.23","$0.99","$9.26","-16.13","26","$161.96"
"Blitzle 2025 Japanese Scarlet & Violet: White Flare #111/086 Art Rare Raw TCG (Near Mint)","12.94","$0.63","$4.87","$5.50 (10/23/2025)","$4.63","$3.25","$6.39","-18.18","18","$83.32"
"Sylveon 2025 Scarlet & Violet: Prismatic Evolutions #040/131 Master Ball Reverse Holo Raw TCG (Near Mint)","12.77","$3.18","$24.95","$28.13 (10/24/2025)","$23.41","$13.00","$31.41","60.00","16","$374.64"
"Tapu Koko ex 2025 Scarlet & Violet: Journey Together #051/159 Double Rare Raw TCG (Near Mint)","12.76","$0.25","$1.96","$2.21 (10/24/2025)","$1.92","$1.00","$2.49","27.27","28","$53.76"
"Tyrogue 2025 Mega Evolution #071/132 Reverse Holo Raw TCG (Near Mint)","12.75","$0.19","$1.49","$1.68 (10/14/2025)","$1.60","$0.99","$1.99","0.00","8","$12.80"
"Simisear 2025 Scarlet & Violet: White Flare #100/086 Illustration Rare Raw TCG (Near Mint)","12.70","$0.93","$7.32","$8.25 (10/24/2025)","$9.04","$6.88","$13.51","-66.67","12","$108.51"
"Mega Sharpedo ex 2025 Japanese Mega: Inferno X #98/80 Super Rare (Full Art) Raw TCG (Near Mint)","12.70","$0.89","$7.01","$7.90 (10/24/2025)","$8.77","$4.55","$29.19","0.00","51","$447.42"
"Vanillite 2025 Scarlet & Violet: White Flare #027/086 Master Ball Reverse Holo Raw TCG (Near Mint)","12.66","$0.48","$3.79","$4.27 (10/24/2025)","$4.13","$1.99","$5.39","40.00","7","$28.92"
"Team Rocket's Nidoking ex 2025 Scarlet & Violet: Destined Rivals #233/182 Special Illustration Rare Raw TCG (Near Mint)","12.58","$14.47","$115.00","$129.47 (10/24/2025)","$139.75","$109.00","$205.39","-5.45","52","$7267.26"
"Oshawott 2025 Japanese Scarlet & Violet: White Flare #102/086 Art Rare Raw TCG (Near Mint)","12.51","$3.00","$23.99","$26.99 (10/24/2025)","$22.46","$14.63","$29.99","-25.93","20","$449.20"
"Salamence ex 2025 Japanese Scarlet & Violet: Battle Partners #072/100 Double Rare Raw TCG (Near Mint)","12.29","$0.22","$1.79","$2.01 (10/17/2025)","$1.76","$0.99","$2.02","25.00","5","$8.81"
"Miltank 2025 Mega Evolution #106/132 Reverse Holo Raw TCG (Near Mint)","12.25","$0.25","$2.00","$2.25 (10/23/2025)","$1.97","$0.99","$3.00","1700.00","18","$35.52"
"Braviary 2025 Japanese Scarlet & Violet: White Flare #157/086 Art Rare Raw TCG (Near Mint)","12.24","$0.58","$4.74","$5.32 (10/23/2025)","$5.14","$2.47","$6.98","-27.27","16","$82.28"
"Klinklang 2025 Japanese Scarlet & Violet: White Flare #148/086 Art Rare Raw TCG (Near Mint)","12.04","$0.72","$5.98","$6.70 (10/23/2025)","$5.05","$2.76","$6.70","15.38","15","$75.70"
"Explorer's Guidance 2025 Scarlet & Violet: Prismatic Evolutions #107/131 Poke Ball Reverse Holo Raw TCG (Near Mint)","12.03","$0.16","$1.33","$1.49 (10/18/2025)","$1.41","$1.33","$1.49","0.00","2","$2.82"
"Umbreon ex 2025 Scarlet & Violet: Prismatic Evolutions #161/131 Special Illustration Rare Raw TCG (Near Mint)","11.97","$119.75","$1000.00","$1119.75 (10/24/2025)","$1095.01","$730.99","$1600.00","-9.62","47","$51465.48"
"Larry's Skill 2025 Scarlet & Violet: Prismatic Evolutions #139/131 Ultra Rare (Full Art) Raw TCG (Near Mint)","11.95","$0.32","$2.63","$2.95 (10/23/2025)","$2.33","$0.99","$6.02","38.89","50","$116.75"
"Landorus 2025 Japanese Scarlet & Violet: Black Bolt #137/086 Art Rare Raw TCG (Near Mint)","11.89","$0.54","$4.50","$5.04 (10/24/2025)","$5.72","$2.25","$9.41","0.00","29","$165.95"
"Panpour 2025 Scarlet & Violet: Black Bolt #017/086 Poke Ball Reverse Holo Raw TCG (Near Mint)","11.76","$0.30","$2.55","$2.85 (10/24/2025)","$2.80","$2.55","$2.99","-25.00","3","$8.39"
"Zorua 2025 Japanese Scarlet & Violet: White Flare #058/086 Reverse Holo Raw TCG (Near Mint)","11.73","$0.21","$1.79","$2.00 (10/19/2025)","$1.90","$1.79","$2.00","0.00","2","$3.79"
"Victini 2025 Japanese Scarlet & Violet: Black Bolt #097/086 Art Rare Raw TCG (Near Mint)","11.69","$1.87","$15.99","$17.86 (10/23/2025)","$16.94","$13.99","$19.95","-54.55","15","$254.07"
"Team Rocket's Giovanni 2025 Scarlet & Violet: Destined Rivals #225/182 Ultra Rare (Full Art) Raw TCG (Near Mint)","11.66","$1.26","$10.76","$12.02 (10/24/2025)","$9.56","$4.25","$18.09","-45.57","43","$410.97"
"Dusclops 2025 Scarlet & Violet: Prismatic Evolutions #036/131 Poke Ball Reverse Holo Raw TCG (Near Mint)","11.54","$0.15","$1.30","$1.45 (10/21/2025)","$1.80","$0.99","$3.14","114.29","15","$27.02"
"Victini 2025 Scarlet & Violet: Black Bolt #171/086 Black White Rare (Secret) Raw TCG (Near Mint)","11.52","$48.89","$424.50","$473.39 (10/22/2025)","$443.85","$355.67","$550.00","-23.81","16","$7101.52"
"Tornadus 2025 Japanese Scarlet & Violet: White Flare #158/086 Art Rare Raw TCG (Near Mint)","11.49","$0.49","$4.24","$4.73 (10/17/2025)","$4.50","$3.25","$5.75","-8.33","11","$49.52"
"Ethan's Cyndaquil 2025 Scarlet & Violet: Destined Rivals #032/182 Base Raw TCG (Near Mint)","11.41","$0.17","$1.49","$1.66 (10/21/2025)","$1.57","$1.49","$1.66","-33.33","2","$3.15"
"Braviary 2025 Scarlet & Violet: Black Bolt #078/086 Master Ball Reverse Holo Raw TCG (Near Mint)","11.36","$0.51","$4.49","$5.00 (10/24/2025)","$5.10","$3.99","$6.50","0.00","5","$25.48"
"Boldore 2025 Japanese Scarlet & Violet: White Flare #126/086 Art Rare Raw TCG (Near Mint)","11.36","$0.51","$4.49","$5.00 (10/23/2025)","$4.31","$3.39","$5.98","-33.33","8","$34.50"
"Patrat 2025 Japanese Scarlet & Violet: White Flare #151/086 Art Rare Raw TCG (Near Mint)","11.36","$0.51","$4.49","$5.00 (10/22/2025)","$5.46","$4.00","$8.00","-16.67","20","$109.29"
"Hippowdon 2025 Scarlet & Violet: Prismatic Evolutions #053/131 Reverse Holo Raw TCG (Near Mint)","11.32","$0.18","$1.59","$1.77 (10/16/2025)","$1.60","$1.45","$1.77","0.00","3","$4.81"
"Jamming Tower 2025 Japanese Scarlet & Violet: Glory of Team Rocket #132/098 Ultra Rare (Secret) Raw TCG (Near Mint)","11.32","$1.81","$15.99","$17.80 (10/20/2025)","$18.37","$14.00","$20.79","-20.00","8","$146.94"
"Eevee 2025 Scarlet & Violet: Prismatic Evolutions #074/131 Base Raw TCG (Near Mint)","11.30","$0.79","$6.99","$7.78 (10/21/2025)","$6.13","$1.25","$8.50","-11.76","15","$91.97"
"Reshiram ex 2025 Scarlet & Violet: White Flare #173/086 Black White Rare (Secret) Raw TCG (Near Mint)","11.26","$42.50","$377.50","$420.00 (10/24/2025)","$399.60","$223.86","$550.00","-56.56","53","$21178.68"
"Ruffian 2025 Scarlet & Violet: Journey Together #181/159 Ultra Rare (Full Art) Raw TCG (Near Mint)","11.24","$0.28","$2.49","$2.77 (10/24/2025)","$2.52","$0.99","$5.23","-9.80","46","$115.73"
"Buneary 2025 Mega Evolution #107/132 Reverse Holo Raw TCG (Near Mint)","11.19","$0.15","$1.34","$1.49 (10/23/2025)","$1.54","$0.99","$1.99","400.00","10","$15.39"
"Dialga 2025 Japanese Mega Brave #47/63 Holo Raw TCG (Near Mint)","11.19","$0.15","$1.34","$1.49 (10/08/2025)","$1.42","$1.34","$1.49","-66.67","2","$2.83"
"Steven's Carbink 2025 Scarlet & Violet: Destined Rivals #086/182 Base Raw TCG (Near Mint)","11.19","$0.15","$1.34","$1.49 (10/17/2025)","$1.42","$1.34","$1.49","0.00","2","$2.83"
"Mega Signal 2025 Mega Evolution #121/132 Reverse Holo Raw TCG (Near Mint)","11.17","$0.20","$1.79","$1.99 (10/23/2025)","$1.80","$0.99","$2.97","400.00","10","$17.99"
"Hop's Zacian ex 2025 Scarlet & Violet: Journey Together #176/159 Ultra Rare (Full Art) Raw TCG (Near Mint)","11.17","$0.34","$3.09","$3.44 (10/24/2025)","$4.55","$0.99","$14.00","-41.53","69","$314.27"
"Cottonee 2025 Scarlet & Violet: Prismatic Evolutions #007/131 Master Ball Reverse Holo Raw TCG (Near Mint)","11.16","$0.24","$2.15","$2.39 (10/04/2025)","$2.51","$2.15","$2.99","-62.50","3","$7.53"
"Meloetta ex 2025 Japanese Scarlet & Violet: Black Bolt #170/086 Special Art Rare Raw TCG (Near Mint)","11.15","$2.91","$26.09","$29.00 (10/23/2025)","$29.46","$18.78","$46.63","-41.18","10","$294.61"
"Mienshao 2025 Japanese Scarlet & Violet: White Flare #132/086 Art Rare Raw TCG (Near Mint)","11.14","$0.45","$4.04","$4.49 (10/22/2025)","$5.59","$4.04","$6.98","-29.41","12","$67.09"
"Team Rocket's Blipbug 2025 Scarlet & Violet: Destined Rivals #015/182 Reverse Holo Raw TCG (Near Mint)","11.11","$0.15","$1.35","$1.50 (10/06/2025)","$1.40","$1.35","$1.50","-25.00","3","$4.20"
"Yamask 2025 Scarlet & Violet: White Flare #122/086 Illustration Rare Raw TCG (Near Mint)","11.09","$0.55","$4.97","$5.53 (10/24/2025)","$6.22","$3.09","$15.68","-35.53","49","$304.71"
"Hearthflame Mask Ogerpon ex 2025 Scarlet & Violet: Prismatic Evolutions #148/131 Special Illustration Rare Raw TCG (Near Mint)","11.08","$1.99","$18.00","$19.99 (10/21/2025)","$19.06","$14.28","$24.99","6.25","17","$324.04"
"Gothorita 2025 Scarlet & Violet: White Flare #125/086 Illustration Rare Raw TCG (Near Mint)","11.01","$1.14","$10.35","$11.49 (10/24/2025)","$10.94","$4.99","$14.99","-42.65","39","$426.57"
"Zamazenta 2025 Japanese Scarlet & Violet: Glory of Team Rocket #107/098 Art Rare Raw TCG (Near Mint)","10.79","$0.43","$3.96","$4.39 (10/24/2025)","$4.68","$1.25","$29.21","-25.81","46","$215.25"
"Garbodor 2025 Japanese Scarlet & Violet: White Flare #057/086 Master Ball Reverse Holo Raw TCG (Near Mint)","10.77","$0.35","$3.25","$3.60 (10/14/2025)","$3.28","$3.00","$3.60","200.00","3","$9.85"
"Krookodile 2025 Scarlet & Violet: Black Bolt #137/086 Illustration Rare Raw TCG (Near Mint)","10.76","$2.69","$25.00","$27.69 (10/24/2025)","$28.42","$17.50","$37.00","-47.62","22","$625.16"
"Golurk 2025 Japanese Scarlet & Violet: Black Bolt #129/086 Art Rare Raw TCG (Near Mint)","10.74","$0.58","$5.40","$5.98 (10/22/2025)","$5.15","$2.72","$5.98","-23.81","16","$82.38"
"Misty's Gyarados 2025 Scarlet & Violet: Destined Rivals #049/182 Reverse Holo Raw TCG (Near Mint)","10.71","$0.22","$2.05","$2.27 (10/23/2025)","$2.29","$1.75","$3.25","-33.33","14","$32.06"
"Swellow 2025 Scarlet & Violet: Destined Rivals #157/182 Reverse Holo Raw TCG (Near Mint)","10.69","$0.17","$1.59","$1.76 (10/12/2025)","$1.80","$1.59","$2.25","0.00","4","$7.19"
"Black Belt's Training 2025 Scarlet & Violet: Prismatic Evolutions #099/131 Poke Ball Reverse Holo Raw TCG (Near Mint)","10.67","$0.24","$2.25","$2.49 (10/24/2025)","$2.37","$2.25","$2.49","100.00","2","$4.74"
"Furfrou 2025 Scarlet & Violet: Prismatic Evolutions #088/131 Master Ball Reverse Holo Raw TCG (Near Mint)","10.65","$0.42","$3.99","$4.42 (10/21/2025)","$6.15","$0.99","$9.00","60.00","8","$49.16"
"Flutter Mane 2025 Scarlet & Violet: Prismatic Evolutions #043/131 Reverse Holo Raw TCG (Near Mint)","10.61","$0.19","$1.79","$1.98 (10/14/2025)","$1.89","$1.79","$1.98","100.00","2","$3.77"
"Klang 2025 Scarlet & Violet: Black Bolt #062/086 Poke Ball Reverse Holo Raw TCG (Near Mint)","10.54","$0.31","$2.94","$3.25 (10/16/2025)","$2.91","$2.55","$3.25","0.00","3","$8.74"
"N's Zoroark ex 2025 Japanese Scarlet & Violet: Battle Partners #061/100 Double Rare Raw TCG (Near Mint)","10.48","$0.18","$1.77","$1.95 (10/19/2025)","$2.65","$1.54","$6.00","55.56","14","$37.12"
"Team Rocket's Mewtwo ex 2025 Scarlet & Violet: Destined Rivals #240/182 Hyper Rare (Secret) Raw TCG (Near Mint)","10.42","$7.50","$72.00","$79.50 (10/22/2025)","$78.32","$62.00","$110.00","-55.74","27","$2114.60"
"Beartic 2025 Scarlet & Violet: Black Bolt #110/086 Illustration Rare Raw TCG (Near Mint)","10.39","$0.76","$7.36","$8.13 (10/23/2025)","$8.00","$6.00","$10.70","-35.00","26","$207.97"
"Lacey 2025 Scarlet & Violet: Prismatic Evolutions #175/131 Special Illustration Rare Raw TCG (Near Mint)","10.37","$3.01","$28.99","$32.00 (10/21/2025)","$31.16","$23.50","$48.20","28.57","18","$560.93"
"Blaziken ex 2025 Scarlet & Violet: Journey Together #024/159 Double Rare Raw TCG (Near Mint)","10.06","$0.25","$2.44","$2.68 (10/24/2025)","$2.37","$0.99","$4.30","-40.30","40","$94.75"
"Wellspring Mask Ogerpon ex 2025 Scarlet & Violet: Prismatic Evolutions #152/131 Special Illustration Rare Raw TCG (Near Mint)","10.06","$1.91","$18.99","$20.90 (10/24/2025)","$18.26","$1.00","$22.82","-13.64","19","$346.90"
"Mega Sharpedo ex 2025 Japanese Mega: Inferno X #51/80 Double Rare Raw TCG (Near Mint)","10.05","$0.18","$1.84","$2.02 (10/24/2025)","$2.28","$0.99","$5.96","1900.00","40","$91.35"
"Eevee ex 2025 Scarlet & Violet: Black Star Promo #SVP174 Super-Premium Collection Raw TCG (Near Mint)","10.01","$5.02","$50.11","$55.13 (10/23/2025)","$44.98","$24.44","$72.14","-33.77","100","$4497.55"
"N's Zorua 2025 Scarlet & Violet: Journey Together #097/159 Reverse Holo Raw TCG (Near Mint)","10.00","$0.13","$1.25","$1.38 (10/20/2025)","$1.52","$1.25","$2.08","-11.11","8","$12.15"
"Hop's Dubwool 2025 Scarlet & Violet: Journey Together #136/159 Reverse Holo Raw TCG (Near Mint)","10.00","$0.19","$1.90","$2.09 (10/23/2025)","$2.35","$1.89","$3.18","85.71","13","$30.56"
"Serperior ex 2025 Scarlet & Violet: Black Bolt #164/086 Special Illustration Rare Raw TCG (Near Mint)","9.99","$3.59","$36.00","$39.59 (10/24/2025)","$43.79","$34.00","$60.00","-39.47","46","$2014.23"
"Umbreon 2025 Scarlet & Violet: Prismatic Evolutions #059/131 Reverse Holo Raw TCG (Near Mint)","9.88","$0.16","$1.62","$1.78 (10/20/2025)","$2.13","$0.99","$3.99","91.67","23","$49.00"
"Dudunsparce ex 2025 Scarlet & Violet: Journey Together #121/159 Double Rare Raw TCG (Near Mint)","9.80","$0.19","$1.99","$2.18 (10/24/2025)","$1.87","$1.24","$2.99","-13.64","19","$35.47"
"Growlithe 2025 Scarlet & Violet: Destined Rivals #027/182 Reverse Holo Raw TCG (Near Mint)","9.50","$0.18","$1.88","$2.05 (10/14/2025)","$1.76","$0.99","$2.69","25.00","15","$26.35"
"Carracosta 2025 Scarlet & Violet: Black Bolt #023/086 Poke Ball Reverse Holo Raw TCG (Near Mint)","9.50","$0.19","$2.00","$2.19 (10/15/2025)","$2.25","$2.00","$2.55","200.00","3","$6.74"
"Kirlia 2025 Mega Evolution #059/132 Reverse Holo Raw TCG (Near Mint)","9.38","$0.14","$1.44","$1.57 (10/20/2025)","$2.24","$1.39","$3.49","225.00","26","$58.30"
"Team Rocket's Moltres ex 2025 Scarlet & Violet: Destined Rivals #208/182 Ultra Rare (Full Art) Raw TCG (Near Mint)","9.35","$0.93","$9.93","$10.86 (10/24/2025)","$10.95","$5.50","$16.26","-44.26","68","$744.64"
"Vaporeon 2025 Scarlet & Violet: Prismatic Evolutions #022/131 Master Ball Reverse Holo Raw TCG (Near Mint)","9.35","$1.49","$15.99","$17.49 (10/18/2025)","$15.43","$11.50","$18.87","-43.75","9","$138.84"
"Misty's Lapras 2025 Japanese Scarlet & Violet: Heat Wave Arena #072/063 Art Rare Raw TCG (Near Mint)","9.33","$0.95","$10.18","$11.13 (10/24/2025)","$11.91","$6.49","$22.17","-8.06","57","$678.86"
"Maractus 2025 Scarlet & Violet: Black Bolt #093/086 Illustration Rare Raw TCG (Near Mint)","9.32","$0.69","$7.40","$8.09 (10/04/2025)","$5.15","$2.25","$8.09","-70.59","5","$25.74"
"Vaporeon 2025 Scarlet & Violet: Prismatic Evolutions #022/131 Reverse Holo Raw TCG (Near Mint)","9.30","$0.12","$1.29","$1.41 (10/24/2025)","$2.11","$1.29","$3.99","27.27","14","$29.49"
"Sandy Shocks ex 2025 Scarlet & Violet: Prismatic Evolutions #159/131 Special Illustration Rare Raw TCG (Near Mint)","9.29","$2.67","$28.75","$31.42 (10/24/2025)","$29.16","$10.00","$43.90","-32.00","17","$495.75"
"Walking Wake ex 2025 Scarlet & Violet: Prismatic Evolutions #178/131 Hyper Rare (Secret) Raw TCG (Near Mint)","9.22","$1.06","$11.44","$12.50 (10/24/2025)","$10.07","$4.00","$29.95","18.42","45","$453.03"
"Mega Latias ex 2025 Japanese Mega Symphonia #88/63 Special Art Rare Raw TCG (Near Mint)","9.17","$4.71","$51.37","$56.09 (10/24/2025)","$53.40","$41.98","$69.65","-24.79","88","$4698.94"
"Eevee 2025 Scarlet & Violet: Prismatic Evolutions #074/131 Reverse Holo Raw TCG (Near Mint)","9.14","$0.16","$1.81","$1.97 (10/19/2025)","$2.53","$1.25","$5.75","-48.28","15","$37.96"
"Dewott 2025 Scarlet & Violet: White Flare #106/086 Illustration Rare Raw TCG (Near Mint)","9.10","$1.00","$10.99","$11.99 (10/24/2025)","$12.74","$7.73","$19.98","-45.00","44","$560.59"
"Zekrom ex 2025 Scarlet & Violet: Black Bolt #166/086 Special Illustration Rare Raw TCG (Near Mint)","9.09","$20.00","$220.00","$240.00 (10/24/2025)","$231.63","$180.00","$275.00","-10.00","36","$8338.50"
"Seismitoad 2025 Scarlet & Violet: Black Bolt #021/086 Poke Ball Reverse Holo Raw TCG (Near Mint)","9.02","$0.12","$1.33","$1.45 (10/19/2025)","$1.99","$1.33","$2.63","33.33","4","$7.96"
"Ferrothorn 2025 Scarlet & Violet: White Flare #069/086 Poke Ball Reverse Holo Raw TCG (Near Mint)","9.02","$0.12","$1.33","$1.45 (10/19/2025)","$1.47","$1.33","$1.60","33.33","4","$5.87"
"Cheren 2025 Scarlet & Violet: White Flare #081/086 Poke Ball Reverse Holo Raw TCG (Near Mint)","8.94","$0.16","$1.79","$1.95 (10/23/2025)","$1.81","$1.50","$1.95","0.00","6","$10.84"
"Bronzong 2025 Scarlet & Violet: Prismatic Evolutions #067/131 Master Ball Reverse Holo Raw TCG (Near Mint)","8.91","$0.49","$5.50","$5.99 (10/21/2025)","$4.98","$3.78","$5.99","40.00","7","$34.84"
"Gurdurr 2025 Scarlet & Violet: Black Bolt #048/086 Master Ball Reverse Holo Raw TCG (Near Mint)","8.88","$0.69","$7.77","$8.46 (10/23/2025)","$3.69","$1.99","$8.46","-8.33","11","$40.63"
"Lillie's Determination 2025 Japanese Mega Brave #91/63 Special Art Rare Raw TCG (Near Mint)","8.76","$23.75","$271.25","$295.00 (10/24/2025)","$291.20","$160.00","$389.99","-72.66","38","$11065.68"
"Ivysaur 2025 Japanese Mega Brave #65/63 Art Rare Raw TCG (Near Mint)","8.70","$0.64","$7.40","$8.04 (10/24/2025)","$8.87","$0.99","$14.66","-38.92","124","$1100.13"
"Genesect ex 2025 Scarlet & Violet: Black Bolt #067/086 Double Rare Raw TCG (Near Mint)","8.64","$0.17","$2.01","$2.18 (10/24/2025)","$2.07","$0.99","$4.02","-1.92","51","$105.55"
"Bloodmoon Ursaluna 2025 Scarlet & Violet: Prismatic Evolutions #054/131 Master Ball Reverse Holo Raw TCG (Near Mint)","8.55","$0.62","$7.25","$7.87 (10/14/2025)","$7.78","$6.00","$9.99","-50.00","4","$31.11"
"Mega Charizard X ex 2025 Japanese Mega: Inferno X #110/80 Special Art Rare Raw TCG (Near Mint)","8.41","$56.44","$670.66","$727.10 (10/24/2025)","$660.03","$495.00","$1225.00","1454.55","171","$112864.49"
"Surfing Beach 2025 Mega Evolution #129/132 Reverse Holo Raw TCG (Near Mint)","8.33","$0.12","$1.44","$1.56 (10/16/2025)","$2.05","$1.29","$4.68","950.00","21","$43.00"
"Bouffalant ex 2025 Scarlet & Violet: White Flare #162/086 Ultra Rare (Full Art) Raw TCG (Near Mint)","8.31","$0.24","$2.85","$3.08 (10/24/2025)","$2.32","$0.99","$5.36","-29.82","40","$92.98"
"Hop's Corviknight 2025 Scarlet & Violet: Journey Together #108/159 Reverse Holo Raw TCG (Near Mint)","8.29","$0.16","$1.93","$2.09 (10/23/2025)","$1.92","$1.25","$3.01","83.33","11","$21.11"
"Grimmsnarl 2025 Scarlet & Violet: Journey Together #073/159 Reverse Holo Raw TCG (Near Mint)","8.29","$0.16","$1.93","$2.09 (10/19/2025)","$1.88","$1.24","$2.09","42.86","10","$18.82"
"Tepig 2025 Japanese Scarlet & Violet: White Flare #096/086 Art Rare Raw TCG (Near Mint)","8.25","$0.99","$12.00","$12.99 (10/23/2025)","$10.94","$3.25","$18.00","-62.00","19","$207.95"
"Bulbasaur 2025 Japanese Mega Brave #64/63 Art Rare Raw TCG (Near Mint)","8.20","$0.92","$11.21","$12.13 (10/24/2025)","$12.56","$5.50","$24.06","-34.88","140","$1757.84"
"Audino 2025 Scarlet & Violet: Black Bolt #151/086 Illustration Rare Raw TCG (Near Mint)","8.20","$1.00","$12.20","$13.20 (10/24/2025)","$13.08","$2.00","$17.99","9.09","48","$627.75"
"Yanma 2025 Scarlet & Violet: Destined Rivals #002/182 Reverse Holo Raw TCG (Near Mint)","8.16","$0.12","$1.47","$1.59 (10/21/2025)","$1.55","$1.35","$1.88","400.00","5","$7.76"
"Buizel 2025 Scarlet & Violet: Destined Rivals #057/182 Reverse Holo Raw TCG (Near Mint)","8.16","$0.12","$1.47","$1.59 (10/19/2025)","$1.47","$1.35","$1.59","40.00","7","$10.31"
"Redeemable Ticket 2025 Scarlet & Violet: Journey Together #156/159 Reverse Holo Raw TCG (Near Mint)","8.15","$0.15","$1.84","$1.99 (10/22/2025)","$1.93","$1.50","$2.89","50.00","18","$34.67"
"Team Rocket's Archer 2025 Scarlet & Violet: Destined Rivals #170/182 Base Raw TCG (Near Mint)","8.15","$0.15","$1.84","$1.99 (10/20/2025)","$1.92","$1.84","$1.99","-33.33","2","$3.83"
"Onix 2025 Mega Evolution #070/132 Base Raw TCG (Near Mint)","8.08","$0.16","$1.98","$2.14 (10/23/2025)","$2.03","$1.98","$2.14","0.00","3","$6.10"
"Friends in Paldea 2025 Scarlet & Violet: Prismatic Evolutions #109/131 Poke Ball Reverse Holo Raw TCG (Near Mint)","8.03","$0.20","$2.49","$2.69 (10/15/2025)","$2.00","$1.31","$2.69","0.00","4","$7.99"
"Watchog 2025 Scarlet & Violet: White Flare #153/086 Illustration Rare Raw TCG (Near Mint)","8.00","$0.48","$6.00","$6.48 (10/24/2025)","$7.03","$3.25","$12.96","-14.63","35","$246.11"
"Thundurus 2025 Japanese Scarlet & Violet: Black Bolt #120/086 Art Rare Raw TCG (Near Mint)","7.77","$0.34","$4.42","$4.76 (10/24/2025)","$4.71","$2.48","$6.98","0.00","13","$61.24"
"Terapagos ex 2025 Scarlet & Violet: Prismatic Evolutions #169/131 Special Illustration Rare Raw TCG (Near Mint)","7.72","$2.46","$31.87","$34.33 (10/24/2025)","$33.79","$17.00","$44.05","-25.00","12","$405.53"
"Gurdurr 2025 Scarlet & Violet: Black Bolt #126/086 Illustration Rare Raw TCG (Near Mint)","7.70","$0.50","$6.49","$6.99 (10/24/2025)","$6.31","$3.00","$13.00","-14.29","30","$189.35"
"Max Rod 2025 Scarlet & Violet: Prismatic Evolutions #116/131 Holo (ACE SPEC) Raw TCG (Near Mint)","7.56","$0.21","$2.82","$3.04 (10/24/2025)","$2.31","$0.99","$4.49","72.55","88","$203.17"
"Postwick 2025 Scarlet & Violet: Journey Together #154/159 Reverse Holo Raw TCG (Near Mint)","7.55","$0.12","$1.59","$1.71 (09/29/2025)","$1.65","$1.59","$1.71","100.00","2","$3.30"
"Flareon ex 2025 Scarlet & Violet: Prismatic Evolutions #014/131 Double Rare Raw TCG (Near Mint)","7.54","$0.35","$4.69","$5.04 (10/24/2025)","$5.99","$0.99","$14.95","10.23","97","$580.94"
"Zebstrika 2025 Japanese Scarlet & Violet: White Flare #112/086 Art Rare Raw TCG (Near Mint)","7.52","$0.38","$4.98","$5.36 (10/23/2025)","$5.12","$3.25","$6.72","-34.62","17","$86.99"
"Ethan's Ho-Oh ex 2025 Japanese Scarlet & Violet: Heat Wave Arena #086/063 Special Art Rare Raw TCG (Near Mint)","7.52","$7.52","$100.00","$107.52 (10/18/2025)","$102.00","$41.00","$168.85","20.00","6","$612.00"
"Professor's Research 2025 Scarlet & Violet: Black Bolt #085/086 Poke Ball Reverse Holo (Professor Juniper) Raw TCG (Near Mint)","7.47","$0.18","$2.41","$2.59 (10/15/2025)","$2.50","$2.41","$2.59","-50.00","2","$5.00"
"Steelix 2025 Mega Evolution #093/132 Reverse Holo Raw TCG (Near Mint)","7.41","$0.12","$1.62","$1.74 (10/23/2025)","$1.72","$1.11","$2.50","0.00","9","$15.50"
"Sylveon 2025 Scarlet & Violet: Prismatic Evolutions #040/131 Reverse Holo Raw TCG (Near Mint)","7.32","$0.12","$1.64","$1.76 (10/17/2025)","$2.01","$1.29","$3.03","-13.33","13","$26.08"
"Fennel 2025 Scarlet & Violet: Black Bolt #082/086 Base Raw TCG (Near Mint)","7.26","$0.09","$1.24","$1.33 (10/19/2025)","$1.29","$1.24","$1.33","0.00","2","$2.57"
"Binding Mochi 2025 Scarlet & Violet: Prismatic Evolutions #095/131 Poke Ball Reverse Holo Raw TCG (Near Mint)","7.14","$0.10","$1.40","$1.50 (10/24/2025)","$1.99","$1.24","$2.95","200.00","9","$17.87"
"Professor Turo's Scenario 2025 Scarlet & Violet: Prismatic Evolutions #121/131 Poke Ball Reverse Holo Raw TCG (Near Mint)","7.14","$0.10","$1.40","$1.50 (10/23/2025)","$1.60","$0.99","$3.36","800.00","9","$14.40"
"Budew 2025 Scarlet & Violet: Prismatic Evolutions #004/131 Master Ball Reverse Holo Raw TCG (Near Mint)","7.09","$0.39","$5.50","$5.89 (10/23/2025)","$6.88","$0.99","$13.47","-36.36","14","$96.26"
"Buneary 2025 Mega Evolution #107/132 Base Raw TCG (Near Mint)","7.07","$0.07","$0.99","$1.06 (10/09/2025)","$1.01","$0.99","$1.06","0.00","3","$3.04"
"Gothita 2025 Scarlet & Violet: White Flare #124/086 Illustration Rare Raw TCG (Near Mint)","7.04","$0.99","$13.99","$14.98 (10/24/2025)","$14.41","$7.00","$24.00","-31.51","50","$720.68"
"N's PP Up 2025 Scarlet & Violet: Journey Together #153/159 Base Raw TCG (Near Mint)","7.00","$0.07","$1.00","$1.07 (10/24/2025)","$1.59","$1.00","$3.00","-40.00","9","$14.34"
"Snom 2025 Mega Evolution #042/132 Reverse Holo Raw TCG (Near Mint)","6.99","$0.13","$1.86","$1.99 (10/24/2025)","$1.71","$0.99","$2.82","850.00","19","$32.42"
"Joltik 2025 Scarlet & Violet: White Flare #033/086 Master Ball Reverse Holo Raw TCG (Near Mint)","6.92","$0.59","$8.52","$9.11 (10/23/2025)","$5.55","$2.99","$9.11","-33.33","6","$33.29"
"Janine's Secret Art 2025 Scarlet & Violet: Prismatic Evolutions #173/131 Special Illustration Rare Raw TCG (Near Mint)","6.82","$1.50","$22.00","$23.50 (10/22/2025)","$23.58","$9.00","$32.99","0.00","12","$282.95"
"Rufflet 2025 Japanese Scarlet & Violet: White Flare #156/086 Art Rare Raw TCG (Near Mint)","6.70","$0.28","$4.18","$4.46 (10/22/2025)","$4.39","$2.25","$7.50","-51.85","13","$57.09"
"Swanna 2025 Scarlet & Violet: White Flare #110/086 Illustration Rare Raw TCG (Near Mint)","6.69","$0.63","$9.50","$10.13 (10/24/2025)","$8.49","$5.99","$12.11","-44.90","27","$229.34"
"Volcanion ex 2025 Scarlet & Violet: Journey Together #182/159 Special Illustration Rare Raw TCG (Near Mint)","6.68","$1.67","$25.04","$26.71 (10/24/2025)","$23.31","$12.00","$40.21","-35.14","48","$1118.96"
"Riolu 2025 Scarlet & Violet: Prismatic Evolutions #050/131 Poke Ball Reverse Holo Raw TCG (Near Mint)","6.46","$0.18","$2.71","$2.89 (10/21/2025)","$2.42","$1.06","$4.19","40.00","7","$16.92"
"Professor's Research 2025 Scarlet & Violet: Prismatic Evolutions #123/131 Poke Ball Reverse Holo (Professor Elm) Raw TCG (Near Mint)","6.43","$0.09","$1.40","$1.49 (10/21/2025)","$1.53","$1.40","$1.70","50.00","3","$4.59"
"Fezandipiti 2025 Scarlet & Violet: Prismatic Evolutions #045/131 Poke Ball Reverse Holo Raw TCG (Near Mint)","6.43","$0.09","$1.40","$1.49 (10/23/2025)","$1.96","$1.40","$3.00","50.00","3","$5.89"
"Houndour 2025 Scarlet & Violet: Prismatic Evolutions #062/131 Poke Ball Reverse Holo Raw TCG (Near Mint)","6.43","$0.09","$1.40","$1.49 (10/16/2025)","$2.37","$1.40","$3.92","150.00","5","$11.83"
"Simisear 2025 Scarlet & Violet: White Flare #015/086 Master Ball Reverse Holo Raw TCG (Near Mint)","6.39","$0.36","$5.63","$5.99 (10/18/2025)","$5.81","$5.63","$5.99","0.00","2","$11.62"
"Conkeldurr 2025 Scarlet & Violet: Black Bolt #127/086 Illustration Rare Raw TCG (Near Mint)","6.39","$0.78","$12.21","$12.99 (10/23/2025)","$14.88","$10.00","$19.99","-26.47","25","$372.06"
"Wash Rotom 2025 Scarlet & Violet: Destined Rivals #061/182 Reverse Holo Raw TCG (Near Mint)","6.35","$0.09","$1.50","$1.59 (10/19/2025)","$1.67","$1.29","$2.25","42.86","10","$16.69"
"Cynthia's Roserade 2025 Scarlet & Violet: Destined Rivals #008/182 Holo Raw TCG (Near Mint)","6.22","$0.09","$1.39","$1.48 (10/24/2025)","$1.47","$1.07","$2.02","72.73","19","$27.95"
"Arven's Mabosstiff ex 2025 Scarlet & Violet: Destined Rivals #235/182 Special Illustration Rare Raw TCG (Near Mint)","6.22","$1.99","$32.00","$33.99 (10/24/2025)","$35.01","$5.50","$56.23","-49.06","27","$945.40"
"Scorbunny 2025 Mega Evolution #026/132 Reverse Holo Raw TCG (Near Mint)","6.18","$0.12","$1.86","$1.98 (10/23/2025)","$1.57","$0.99","$2.49","0.00","13","$20.40"
"Salamence ex 2025 Japanese Scarlet & Violet: Battle Partners #129/100 Special Art Rare Raw TCG (Near Mint)","6.17","$1.86","$30.15","$32.01 (10/22/2025)","$30.84","$22.50","$44.39","-64.71","6","$185.04"
"Kyurem ex 2025 Japanese Scarlet & Violet: Black Bolt #168/086 Special Art Rare Raw TCG (Near Mint)","6.14","$2.08","$33.89","$35.97 (10/24/2025)","$34.48","$24.48","$49.99","-62.96","10","$344.78"
"Venipede 2025 Scarlet & Violet: Black Bolt #054/086 Poke Ball Reverse Holo Raw TCG (Near Mint)","6.04","$0.09","$1.49","$1.58 (10/24/2025)","$1.72","$1.00","$2.55","700.00","8","$13.80"
"Annihilape 2025 Scarlet & Violet: Destined Rivals #092/182 Holo Raw TCG (Near Mint)","5.97","$0.09","$1.59","$1.69 (10/19/2025)","$1.96","$1.49","$2.66","200.00","9","$17.61"
"Audino 2025 Japanese Scarlet & Violet: Black Bolt #156/086 Art Rare Raw TCG (Near Mint)","5.97","$0.36","$6.11","$6.47 (10/24/2025)","$6.65","$5.93","$8.68","18.52","32","$212.90"
"Duraludon 2025 Scarlet & Violet: Prismatic Evolutions #069/131 Master Ball Reverse Holo Raw TCG (Near Mint)","5.93","$0.16","$2.70","$2.86 (10/24/2025)","$3.99","$0.99","$8.99","250.00","14","$55.79"
"Brock's Scouting 2025 Scarlet & Violet: Journey Together #146/159 Base Raw TCG (Near Mint)","5.92","$0.10","$1.69","$1.79 (10/23/2025)","$1.86","$1.69","$2.50","0.00","6","$11.17"
"Ethan's Pinsir 2025 Scarlet & Violet: Destined Rivals #001/182 Reverse Holo Raw TCG (Near Mint)","5.82","$0.11","$1.89","$2.00 (10/24/2025)","$1.95","$0.99","$3.49","8.33","13","$25.37"
"Harlequin 2025 Japanese Scarlet & Violet: White Flare #165/086 Super Rare (Full Art) Raw TCG (Near Mint)","5.80","$0.22","$3.79","$4.01 (10/14/2025)","$3.90","$3.79","$4.01","-60.00","2","$7.80"
"Riolu 2025 Scarlet & Violet: Prismatic Evolutions #050/131 Master Ball Reverse Holo Raw TCG (Near Mint)","5.78","$0.78","$13.50","$14.28 (10/24/2025)","$9.54","$1.00","$14.28","75.00","14","$133.56"
"Okidogi 2025 Scarlet & Violet: Prismatic Evolutions #057/131 Holo Raw TCG (Near Mint)","5.67","$0.08","$1.41","$1.49 (10/20/2025)","$1.45","$1.41","$1.49","0.00","2","$2.90"
"Zebstrika 2025 Scarlet & Violet: White Flare #115/086 Illustration Rare Raw TCG (Near Mint)","5.66","$0.78","$13.70","$14.47 (10/22/2025)","$14.81","$7.00","$19.97","-32.50","27","$400.00"
"Lillie's Clefairy ex 2025 Scarlet & Violet: Journey Together #184/159 Special Illustration Rare Raw TCG (Near Mint)","5.56","$7.50","$135.00","$142.50 (10/24/2025)","$157.44","$125.00","$235.00","-64.20","63","$9918.73"
"Hearthflame Mask Ogerpon 2025 Scarlet & Violet: Destined Rivals #044/182 Reverse Holo Raw TCG (Near Mint)","5.56","$0.11","$1.98","$2.09 (10/19/2025)","$1.99","$1.65","$2.25","20.00","6","$11.95"
"Vanillite 2025 Japanese Scarlet & Violet: White Flare #108/086 Art Rare Raw TCG (Near Mint)","5.56","$0.27","$4.95","$5.22 (10/21/2025)","$6.24","$3.75","$7.98","11.76","19","$118.59"
"Cynthia's Garchomp ex 2025 Japanese Scarlet & Violet: Heat Wave Arena #044/063 Double Rare Raw TCG (Near Mint)","5.56","$0.12","$2.16","$2.28 (10/21/2025)","$2.24","$2.16","$2.28","100.00","4","$8.97"
"Whirlipede 2025 Scarlet & Violet: Black Bolt #055/086 Poke Ball Reverse Holo Raw TCG (Near Mint)","5.42","$0.09","$1.66","$1.75 (10/19/2025)","$1.91","$1.30","$2.66","0.00","6","$11.45"
"Okidogi 2025 Scarlet & Violet: Prismatic Evolutions #057/131 Poke Ball Reverse Holo Raw TCG (Near Mint)","5.33","$0.08","$1.50","$1.58 (10/21/2025)","$1.68","$1.50","$1.90","20.00","6","$10.08"
"Mystery Garden 2025 Mega Evolution #122/132 Reverse Holo Raw TCG (Near Mint)","5.28","$0.11","$1.99","$2.10 (10/24/2025)","$1.77","$1.09","$2.71","900.00","20","$35.46"
"Meditite 2025 Scarlet & Violet: Destined Rivals #099/182 Reverse Holo Raw TCG (Near Mint)","5.19","$0.07","$1.35","$1.42 (10/13/2025)","$1.39","$1.35","$1.42","-33.33","2","$2.77"
"N's Zoroark ex 2025 Scarlet & Violet: Journey Together #185/159 Special Illustration Rare Raw TCG (Near Mint)","5.18","$2.51","$48.50","$51.01 (10/24/2025)","$53.31","$41.00","$90.00","-32.43","75","$3998.53"
"Unfezant 2025 Japanese Scarlet & Violet: Black Bolt #155/086 Art Rare Raw TCG (Near Mint)","5.06","$0.24","$4.74","$4.98 (10/24/2025)","$5.18","$2.98","$6.38","-19.23","21","$108.69"
"Pinsir 2025 Scarlet & Violet: Prismatic Evolutions #003/131 Poke Ball Reverse Holo Raw TCG (Near Mint)","5.05","$0.05","$0.99","$1.04 (10/13/2025)","$1.79","$0.99","$2.67","14.29","8","$14.36"
"Volcanion 2025 Mega Evolution #025/132 Base Raw TCG (Near Mint)","5.03","$0.08","$1.59","$1.67 (09/28/2025)","$1.63","$1.59","$1.67","0.00","2","$3.26"
"Piloswine 2025 Scarlet & Violet: Journey Together #078/159 Reverse Holo Raw TCG (Near Mint)","5.00","$0.05","$1.00","$1.05 (10/23/2025)","$1.02","$1.00","$1.05","-50.00","2","$2.05"
"Roaring Moon ex 2025 Scarlet & Violet: Prismatic Evolutions #162/131 Special Illustration Rare Raw TCG (Near Mint)","4.96","$10.65","$215.00","$225.65 (10/24/2025)","$242.73","$175.00","$310.00","7.69","28","$6796.58"
"Gigalith 2025 Scarlet & Violet: White Flare #048/086 Poke Ball Reverse Holo Raw TCG (Near Mint)","4.92","$0.13","$2.64","$2.77 (10/23/2025)","$2.41","$1.59","$3.69","-33.33","4","$9.64"
"Shaymin 2025 Scarlet & Violet: Prismatic Evolutions #087/131 Poke Ball Reverse Holo Raw TCG (Near Mint)","4.90","$0.10","$2.04","$2.14 (10/24/2025)","$2.03","$0.99","$3.35","333.33","13","$26.45"
"Ambipom 2025 Japanese Mega: Inferno X #92/80 Art Rare Raw TCG (Near Mint)","4.76","$0.22","$4.53","$4.75 (10/25/2025)","$4.55","$0.99","$15.00","9400.00","95","$432.57"
"Black Belt's Training 2025 Scarlet & Violet: Journey Together #145/159 Reverse Holo Raw TCG (Near Mint)","4.74","$0.09","$1.90","$1.99 (10/24/2025)","$1.91","$1.09","$3.02","14.29","8","$15.30"
"Weezing 2025 Scarlet & Violet: Journey Together #092/159 Reverse Holo Raw TCG (Near Mint)","4.74","$0.09","$1.90","$1.99 (10/23/2025)","$1.82","$1.25","$2.38","10.00","11","$19.99"
"Black Belt's Training 2025 Scarlet & Violet: Journey Together #144/159 Reverse Holo Raw TCG (Near Mint)","4.71","$0.09","$1.91","$2.00 (10/23/2025)","$1.95","$1.91","$2.00","33.33","4","$7.81"
"Meowscarada 2025 Scarlet & Violet: Journey Together #018/159 Reverse Holo Raw TCG (Near Mint)","4.62","$0.11","$2.38","$2.49 (10/24/2025)","$2.18","$1.09","$2.49","60.00","16","$34.86"
"Pikachu ex 2025 Scarlet & Violet: Prismatic Evolutions #179/131 Hyper Rare (Secret) Raw TCG (Near Mint)","4.41","$2.34","$53.00","$55.34 (10/24/2025)","$54.53","$39.00","$79.99","22.95","75","$4089.83"
"Alomomola 2025 Scarlet & Violet: Black Bolt #024/086 Poke Ball Reverse Holo Raw TCG (Near Mint)","4.40","$0.11","$2.50","$2.61 (10/05/2025)","$2.40","$2.10","$2.61","50.00","3","$7.21"
"Glaceon 2025 Scarlet & Violet: Prismatic Evolutions #025/131 Holo Raw TCG (Near Mint)","4.36","$0.06","$1.49","$1.55 (10/23/2025)","$1.88","$0.99","$8.99","17.65","20","$37.62"
"Mega Absol ex 2025 Japanese Mega Brave #89/63 Special Art Rare Raw TCG (Near Mint)","4.26","$1.20","$28.08","$29.28 (10/24/2025)","$30.50","$21.51","$49.99","-34.58","70","$2134.73"
"Alolan Graveler 2025 Scarlet & Violet: Journey Together #045/159 Reverse Holo Raw TCG (Near Mint)","4.17","$0.05","$1.20","$1.25 (10/23/2025)","$1.16","$1.04","$1.25","-40.00","3","$3.49"
"Vanillish 2025 Scarlet & Violet: White Flare #028/086 Master Ball Reverse Holo Raw TCG (Near Mint)","4.11","$0.21","$4.99","$5.20 (10/22/2025)","$5.13","$3.99","$6.40","-75.00","3","$15.38"
"Throh 2025 Scarlet & Violet: Black Bolt #050/086 Master Ball Reverse Holo Raw TCG (Near Mint)","4.04","$0.36","$8.92","$9.28 (10/20/2025)","$8.60","$6.49","$9.70","100.00","4","$34.39"
"Tool Scrapper 2025 Scarlet & Violet: White Flare #085/086 Reverse Holo Raw TCG (Near Mint)","4.00","$0.07","$1.75","$1.82 (10/11/2025)","$1.70","$1.49","$1.82","-50.00","4","$6.81"
"Empoleon ex 2025 Japanese Mega: Inferno X #99/80 Super Rare (Full Art) Raw TCG (Near Mint)","3.89","$0.21","$5.53","$5.74 (10/22/2025)","$6.14","$4.00","$8.67","0.00","30","$184.26"
"Audino 2025 Scarlet & Violet: Journey Together #124/159 Reverse Holo Raw TCG (Near Mint)","3.83","$0.05","$1.44","$1.49 (10/11/2025)","$1.51","$0.98","$1.91","25.00","5","$7.57"
"Golurk 2025 Scarlet & Violet: Black Bolt #043/086 Master Ball Reverse Holo Raw TCG (Near Mint)","3.71","$0.20","$5.39","$5.59 (10/24/2025)","$5.34","$5.00","$5.59","-42.86","4","$21.37"
"Veluza ex 2025 Scarlet & Violet: Journey Together #043/159 Double Rare Raw TCG (Near Mint)","3.54","$0.07","$1.88","$1.95 (10/21/2025)","$1.91","$0.99","$3.80","-20.00","24","$45.88"
"Seismitoad 2025 Japanese Scarlet & Violet: Black Bolt #109/086 Art Rare Raw TCG (Near Mint)","3.53","$2.05","$57.95","$60.00 (10/24/2025)","$57.47","$23.58","$87.58","-46.75","41","$2356.08"
"Team Rocket's Meowth 2025 Japanese Scarlet & Violet: Glory of Team Rocket #109/098 Art Rare Raw TCG (Near Mint)","3.27","$0.46","$13.99","$14.45 (10/24/2025)","$12.35","$6.50","$20.57","-33.33","64","$790.11"
"Regigigas 2025 Scarlet & Violet: Prismatic Evolutions #086/131 Reverse Holo Raw TCG (Near Mint)","3.23","$0.05","$1.55","$1.60 (10/13/2025)","$1.58","$1.55","$1.60","0.00","2","$3.15"
"Dewgong 2025 Japanese Mega: Inferno X #22/80 Base Raw TCG (Near Mint)","3.13","$0.05","$1.60","$1.65 (09/30/2025)","$1.62","$1.50","$1.80","0.00","5","$8.10"
"Paldean Clodsire ex 2025 Scarlet & Violet: Journey Together #094/159 Double Rare Raw TCG (Near Mint)","3.02","$0.06","$1.99","$2.05 (10/24/2025)","$1.93","$0.99","$3.56","-4.00","24","$46.40"
"Pikachu ex 2025 Scarlet & Violet: Prismatic Evolutions #028/131 Double Rare Raw TCG (Near Mint)","3.01","$0.12","$3.99","$4.11 (10/24/2025)","$3.37","$0.99","$9.37","-19.78","73","$245.84"
"Simipour 2025 Scarlet & Violet: Black Bolt #102/086 Illustration Rare Raw TCG (Near Mint)","2.88","$0.21","$7.28","$7.49 (10/24/2025)","$7.27","$2.32","$13.26","-36.36","21","$152.73"
"Team Rocket's Mewtwo ex 2025 Scarlet & Violet: Destined Rivals #213/182 Ultra Rare (Full Art) Raw TCG (Near Mint)","2.88","$0.75","$26.09","$26.85 (10/24/2025)","$25.46","$17.00","$38.00","-39.29","85","$2163.69"
"Rescue Board 2025 Scarlet & Violet: Prismatic Evolutions #126/131 Poke Ball Reverse Holo Raw TCG (Near Mint)","2.86","$0.04","$1.40","$1.44 (10/20/2025)","$1.36","$1.00","$1.49","66.67","5","$6.81"
"Simipour 2025 Scarlet & Violet: Black Bolt #018/086 Poke Ball Reverse Holo Raw TCG (Near Mint)","2.84","$0.04","$1.41","$1.45 (10/18/2025)","$1.42","$1.00","$1.82","0.00","3","$4.27"
"Rare Candy 2025 Mega Evolution #125/132 Reverse Holo Raw TCG (Near Mint)","2.76","$0.04","$1.45","$1.49 (10/24/2025)","$1.80","$1.00","$2.60","0.00","15","$27.07"
"Krokorok 2025 Scarlet & Violet: Black Bolt #058/086 Poke Ball Reverse Holo Raw TCG (Near Mint)","2.76","$0.04","$1.45","$1.49 (10/20/2025)","$1.83","$1.45","$2.55","200.00","3","$5.49"
"Unfezant 2025 Scarlet & Violet: Black Bolt #150/086 Illustration Rare Raw TCG (Near Mint)","2.71","$0.27","$9.98","$10.25 (10/22/2025)","$10.50","$2.25","$18.63","-34.38","21","$220.40"
"Litwick 2025 Japanese Scarlet & Violet: Black Bolt #100/086 Art Rare Raw TCG (Near Mint)","2.70","$0.21","$7.79","$8.00 (10/24/2025)","$7.99","$0.99","$14.00","-10.00","18","$143.82"
"Mega Camerupt ex 2025 Japanese Mega Brave #13/63 Double Rare Raw TCG (Near Mint)","2.58","$0.04","$1.55","$1.59 (10/19/2025)","$1.45","$0.99","$2.02","-30.43","16","$23.16"
"Hop's Wooloo 2025 Japanese Scarlet & Violet: Battle Partners #112/100 Art Rare Raw TCG (Near Mint)","2.46","$0.09","$3.82","$3.91 (10/24/2025)","$3.58","$1.95","$5.52","52.94","78","$278.85"
"Hilda 2025 Scarlet & Violet: White Flare #084/086 Reverse Holo Raw TCG (Near Mint)","2.37","$0.08","$3.44","$3.53 (10/22/2025)","$3.36","$0.99","$7.00","28.57","36","$120.92"
"Petilil 2025 Scarlet & Violet: Black Bolt #091/086 Illustration Rare Raw TCG (Near Mint)","2.20","$0.16","$7.33","$7.50 (10/12/2025)","$7.50","$6.00","$10.00","-50.00","8","$59.99"
"Timburr 2025 Japanese Scarlet & Violet: Black Bolt #131/086 Art Rare Raw TCG (Near Mint)","2.02","$0.10","$4.95","$5.05 (10/20/2025)","$5.88","$4.93","$6.99","-9.09","10","$58.84"
"Team Rocket's Mewtwo ex 2025 Japanese Scarlet & Violet: Glory of Team Rocket #130/098 Ultra Rare (Secret) Raw TCG (Near Mint)","2.00","$0.80","$40.00","$40.80 (10/24/2025)","$45.43","$35.00","$59.05","33.33","16","$726.82"
"Mega Gardevoir ex 2025 Japanese Mega Symphonia #92/63 Mega Ultra Rare (Secret) Raw TCG (Near Mint)","1.94","$7.05","$362.94","$369.99 (10/20/2025)","$344.80","$299.99","$379.99","-28.57","10","$3447.97"
"Misty's Lapras 2025 Scarlet & Violet: Destined Rivals #194/182 Illustration Rare Raw TCG (Near Mint)","1.71","$0.54","$31.67","$32.21 (10/24/2025)","$34.60","$19.99","$60.00","-42.71","114","$3944.90"
"Audino 2025 Scarlet & Violet: Black Bolt #074/086 Poke Ball Reverse Holo Raw TCG (Near Mint)","1.20","$0.02","$1.66","$1.68 (10/21/2025)","$1.55","$1.00","$1.99","50.00","6","$9.28"
"Lillie's Ribombee 2025 Japanese Scarlet & Violet: Battle Partners #105/100 Art Rare Raw TCG (Near Mint)","1.16","$0.10","$8.60","$8.70 (10/24/2025)","$8.10","$0.99","$16.42","-20.34","47","$380.54"
"Black Belt's Training 2025 Scarlet & Violet: Journey Together #143/159 Reverse Holo Raw TCG (Near Mint)","1.06","$0.02","$1.89","$1.91 (10/17/2025)","$1.77","$0.99","$1.99","-36.36","7","$12.40"
"Grumpig 2025 Mega Evolution #063/132 Reverse Holo Raw TCG (Near Mint)","1.02","$0.02","$1.97","$1.99 (10/24/2025)","$2.30","$1.89","$3.00","500.00","6","$13.82"
"Ciphermaniac's Codebreaking 2025 Scarlet & Violet: Prismatic Evolutions #104/131 Poke Ball Reverse Holo Raw TCG (Near Mint)","1.01","$0.01","$0.99","$1.00 (10/04/2025)","$0.99","$0.99","$1.00","100.00","2","$1.99"
"Team Rocket's Giovanni 2025 Scarlet & Violet: Destined Rivals #238/182 Special Illustration Rare Raw TCG (Near Mint)","0.97","$0.39","$39.61","$40.00 (10/23/2025)","$40.64","$31.00","$50.00","-56.52","30","$1219.25"
"Tirtouga 2025 Japanese Scarlet & Violet: Black Bolt #110/086 Art Rare Raw TCG (Near Mint)","0.94","$0.05","$5.33","$5.38 (10/24/2025)","$5.92","$4.00","$8.72","12.50","27","$159.95"
"Volcanion ex 2025 Scarlet & Violet: Journey Together #031/159 Double Rare Raw TCG (Near Mint)","0.89","$0.02","$1.86","$1.87 (10/24/2025)","$2.43","$0.99","$23.00","17.07","48","$116.65"
"Crustle 2025 Scarlet & Violet: Destined Rivals #186/182 Illustration Rare Raw TCG (Near Mint)","0.86","$0.04","$5.24","$5.29 (10/24/2025)","$5.17","$0.99","$9.99","-2.82","69","$356.99"
"Pawniard 2025 Japanese Scarlet & Violet: Black Bolt #147/086 Art Rare Raw TCG (Near Mint)","0.85","$0.03","$3.55","$3.58 (10/21/2025)","$4.02","$1.62","$6.07","17.65","20","$80.40"
"Munna 2025 Japanese Scarlet & Violet: Black Bolt #121/086 Art Rare Raw TCG (Near Mint)","0.67","$0.04","$5.94","$5.98 (10/23/2025)","$5.41","$2.25","$6.69","-8.00","23","$124.48"
"Furfrou 2025 Scarlet & Violet: Prismatic Evolutions #088/131 Poke Ball Reverse Holo Raw TCG (Near Mint)","0.67","$0.01","$1.49","$1.50 (10/19/2025)","$1.87","$1.32","$2.69","25.00","5","$9.35"
"Clauncher 2025 Mega Evolution #037/132 Base Raw TCG (Near Mint)","0.67","$0.01","$1.49","$1.50 (10/14/2025)","$1.49","$1.49","$1.50","200.00","3","$4.48"
"Miltank 2025 Mega Evolution #106/132 Base Raw TCG (Near Mint)","0.67","$0.01","$1.49","$1.50 (10/11/2025)","$1.63","$1.49","$1.89","200.00","3","$4.88"
"Arven's Mabosstiff ex 2025 Japanese Scarlet & Violet: Heat Wave Arena #088/063 Special Art Rare Raw TCG (Near Mint)","0.60","$0.12","$20.10","$20.22 (10/02/2025)","$20.16","$20.10","$20.22","-60.00","2","$40.32"
"Team Rocket's Nidorina 2025 Scarlet & Violet: Destined Rivals #115/182 Reverse Holo Raw TCG (Near Mint)","0.59","$0.01","$1.70","$1.71 (10/21/2025)","$1.69","$1.65","$1.71","-42.86","4","$6.75"
"Team Rocket's Wobbuffet 2025 Scarlet & Violet: Destined Rivals #082/182 Reverse Holo Raw TCG (Near Mint)","0.57","$0.01","$1.75","$1.76 (10/23/2025)","$2.10","$1.46","$3.00","100.00","16","$33.52"
"Black Belt's Training 2025 Scarlet & Violet: Prismatic Evolutions #097/131 Poke Ball Reverse Holo Raw TCG (Near Mint)","0.51","$0.01","$1.98","$1.99 (10/18/2025)","$1.74","$1.49","$1.99","400.00","5","$8.72"
"Dewott 2025 Scarlet & Violet: White Flare #022/086 Poke Ball Reverse Holo Raw TCG (Near Mint)","0.51","$0.01","$1.98","$1.99 (10/17/2025)","$2.09","$1.00","$2.99","400.00","5","$10.45"
"Nymble 2025 Japanese Mega: Inferno X #82/80 Art Rare Raw TCG (Near Mint)","0.50","$0.02","$3.98","$4.00 (10/24/2025)","$3.04","$0.99","$6.07","0.00","51","$154.89"
"Durant 2025 Scarlet & Violet: White Flare #070/086 Reverse Holo Raw TCG (Near Mint)","0.38","$0.01","$2.66","$2.67 (09/30/2025)","$2.67","$2.66","$2.67","-50.00","2","$5.33"
"Mega Camerupt ex 2025 Mega Evolution #156/132 Ultra Rare (Full Art) Raw TCG (Near Mint)","0.35","$0.03","$7.62","$7.65 (10/24/2025)","$5.69","$0.99","$15.00","790.00","178","$1013.48"
"Sneasel 2025 Scarlet & Violet: Prismatic Evolutions #061/131 Master Ball Reverse Holo Raw TCG (Near Mint)","0.33","$0.01","$2.99","$3.00 (10/21/2025)","$3.84","$2.99","$6.19","-62.50","6","$23.01"
"Stunfisk 2025 Scarlet & Violet: White Flare #118/086 Illustration Rare Raw TCG (Near Mint)","0.30","$0.01","$4.99","$5.00 (10/23/2025)","$5.38","$2.25","$8.50","-54.00","23","$123.77"
"Spoink 2025 Mega Evolution #062/132 Reverse Holo Raw TCG (Near Mint)","0.25","$0.01","$1.98","$1.99 (10/24/2025)","$1.44","$0.99","$1.99","0.00","17","$24.50"
"Cubchoo 2025 Japanese Scarlet & Violet: Black Bolt #113/086 Art Rare Raw TCG (Near Mint)","0.25","$0.02","$7.97","$7.99 (10/20/2025)","$6.67","$4.50","$8.20","7.69","28","$186.68"
"Iron Valiant ex 2025 Scarlet & Violet: Prismatic Evolutions #157/131 Special Illustration Rare Raw TCG (Near Mint)","0.24","$0.12","$50.24","$50.36 (10/24/2025)","$47.11","$40.00","$70.00","7.14","15","$706.60"
"Terrakion 2025 Japanese Scarlet & Violet: White Flare #133/086 Art Rare Raw TCG (Near Mint)","0.20","$0.01","$4.99","$5.00 (10/23/2025)","$5.72","$4.25","$11.25","71.43","24","$137.26"
"Larvitar 2025 Scarlet & Violet: Prismatic Evolutions #047/131 Master Ball Reverse Holo Raw TCG (Near Mint)","0.13","$0.00","$3.99","$4.00 (10/23/2025)","$3.37","$1.25","$6.00","157.14","18","$60.73"
"Palafin ex 2025 Scarlet & Violet: Prismatic Evolutions #151/131 Special Illustration Rare Raw TCG (Near Mint)","0.02","$0.01","$49.99","$50.00 (10/22/2025)","$52.35","$42.00","$80.00","47.83","34","$1780.00"
"Bouffalant ex 2025 Japanese Scarlet & Violet: White Flare #164/086 Super Rare (Full Art) Raw TCG (Near Mint)","0.00","$0.00","$2.75","$2.75 (10/02/2025)","$2.75","$1.50","$3.99","-50.00","2","$5.49"
"Growlithe 2025 Scarlet & Violet: Destined Rivals #027/182 Base Raw TCG (Near Mint)","0.00","$0.00","$1.99","$1.99 (10/21/2025)","$1.99","$1.99","$1.99","-50.00","1","$1.99"
"Skarmory 2025 Scarlet & Violet: Destined Rivals #141/182 Reverse Holo Raw TCG (Near Mint)","0.00","$0.00","$1.35","$1.35 (10/20/2025)","$1.57","$1.20","$2.25","700.00","8","$12.56"
"Kangaskhan 2025 Scarlet & Violet: Destined Rivals #151/182 Base Raw TCG (Near Mint)","0.00","$0.00","$1.79","$1.79 (10/17/2025)","$1.79","$1.79","$1.79","0.00","1","$1.79"
"Kangaskhan 2025 Scarlet & Violet: Destined Rivals #151/182 Reverse Holo Raw TCG (Near Mint)","0.00","$0.00","$1.59","$1.59 (10/19/2025)","$1.59","$1.59","$1.59","-71.43","2","$3.18"
"Mankey 2025 Scarlet & Violet: Destined Rivals #090/182 Base Raw TCG (Near Mint)","0.00","$0.00","$1.49","$1.49 (09/25/2025)","$1.49","$1.49","$1.49","-50.00","1","$1.49"
"Rapidash 2025 Scarlet & Violet: Destined Rivals #030/182 Base Raw TCG (Near Mint)","0.00","$0.00","$2.53","$2.53 (09/26/2025)","$2.53","$2.53","$2.53","0.00","1","$2.53"
"Primeape 2025 Scarlet & Violet: Destined Rivals #091/182 Base Raw TCG (Near Mint)","0.00","$0.00","$1.49","$1.49 (10/11/2025)","$1.49","$1.49","$1.49","0.00","1","$1.49"
"Misty's Magikarp 2025 Scarlet & Violet: Destined Rivals #048/182 Base Raw TCG (Near Mint)","0.00","$0.00","$1.81","$1.81 (10/20/2025)","$1.73","$1.42","$1.81","66.67","5","$8.66"
"Misty's Starmie 2025 Scarlet & Violet: Destined Rivals #047/182 Base Raw TCG (Near Mint)","0.00","$0.00","$1.78","$1.78 (10/04/2025)","$1.78","$1.78","$1.78","0.00","1","$1.78"
"Manectric 2025 Scarlet & Violet: Destined Rivals #076/182 Base Raw TCG (Near Mint)","0.00","$0.00","$1.77","$1.77 (10/13/2025)","$1.77","$1.77","$1.77","0.00","1","$1.77"
"Zamazenta 2025 Scarlet & Violet: Destined Rivals #146/182 Holo Raw TCG (Near Mint)","0.00","$0.00","$1.49","$1.49 (10/19/2025)","$1.36","$0.99","$1.49","0.00","4","$5.46"
"Barraskewda 2025 Scarlet & Violet: Destined Rivals #063/182 Base Raw TCG (Near Mint)","0.00","$0.00","$1.70","$1.70 (09/28/2025)","$1.70","$1.70","$1.70","-50.00","1","$1.70"
"Electrike 2025 Scarlet & Violet: Destined Rivals #075/182 Reverse Holo Raw TCG (Near Mint)","0.00","$0.00","$1.49","$1.49 (10/10/2025)","$1.49","$1.49","$1.49","-50.00","1","$1.49"
"Nosepass 2025 Scarlet & Violet: Destined Rivals #097/182 Reverse Holo Raw TCG (Near Mint)","0.00","$0.00","$1.35","$1.35 (10/22/2025)","$1.68","$1.35","$2.25","600.00","7","$11.78"
"Gorebyss 2025 Scarlet & Violet: Destined Rivals #056/182 Holo Raw TCG (Near Mint)","0.00","$0.00","$1.49","$1.49 (10/19/2025)","$1.49","$1.49","$1.49","-60.00","2","$2.98"
"Clamperl 2025 Scarlet & Violet: Destined Rivals #054/182 Reverse Holo Raw TCG (Near Mint)","0.00","$0.00","$1.35","$1.35 (09/28/2025)","$1.35","$1.35","$1.35","-85.71","1","$1.35"
"Team Rocket's Meowth 2025 Scarlet & Violet: Destined Rivals #149/182 Base Raw TCG (Near Mint)","0.00","$0.00","$0.99","$0.99 (10/18/2025)","$0.99","$0.99","$0.99","0.00","2","$1.98"
"Abomasnow 2025 Scarlet & Violet: Destined Rivals #060/182 Reverse Holo Raw TCG (Near Mint)","0.00","$0.00","$1.35","$1.35 (10/24/2025)","$1.62","$1.35","$2.62","0.00","7","$11.36"
"Energy Recycler 2025 Scarlet & Violet: Destined Rivals #164/182 Base Raw TCG (Near Mint)","0.00","$0.00","$0.99","$0.99 (10/18/2025)","$0.99","$0.99","$0.99","-33.33","2","$1.98"
"Hippowdon 2025 Scarlet & Violet: Destined Rivals #106/182 Reverse Holo Raw TCG (Near Mint)","0.00","$0.00","$1.33","$1.33 (10/24/2025)","$1.54","$0.99","$2.21","-44.44","5","$7.71"
"Cetoddle 2025 Scarlet & Violet: Destined Rivals #064/182 Reverse Holo Raw TCG (Near Mint)","0.00","$0.00","$1.35","$1.35 (10/11/2025)","$1.35","$1.35","$1.35","-66.67","1","$1.35"
"Buizel 2025 Scarlet & Violet: Destined Rivals #057/182 Base Raw TCG (Near Mint)","0.00","$0.00","$1.49","$1.49 (09/25/2025)","$1.49","$1.49","$1.49","0.00","1","$1.49"
"Floatzel 2025 Scarlet & Violet: Destined Rivals #058/182 Base Raw TCG (Near Mint)","0.00","$0.00","$1.42","$1.42 (09/29/2025)","$1.42","$1.42","$1.42","0.00","1","$1.42"
"Arven's Maschiff 2025 Scarlet & Violet: Destined Rivals #138/182 Reverse Holo Raw TCG (Near Mint)","0.00","$0.00","$1.77","$1.77 (10/04/2025)","$1.77","$1.77","$1.77","-50.00","1","$1.77"
"Ethan's Pinsir 2025 Scarlet & Violet: Destined Rivals #001/182 Base Raw TCG (Near Mint)","0.00","$0.00","$1.79","$1.79 (10/14/2025)","$1.79","$1.79","$1.79","-50.00","1","$1.79"
"Ethan's Magcargo 2025 Scarlet & Violet: Destined Rivals #036/182 Holo Raw TCG (Near Mint)","0.00","$0.00","$2.35","$2.35 (10/18/2025)","$1.46","$0.99","$2.35","14.29","8","$11.65"
"Hearthflame Mask Ogerpon 2025 Scarlet & Violet: Destined Rivals #044/182 Base Raw TCG (Near Mint)","0.00","$0.00","$1.49","$1.49 (10/13/2025)","$1.49","$1.49","$1.49","-50.00","1","$1.49"
"Wellspring Mask Ogerpon 2025 Scarlet & Violet: Destined Rivals #067/182 Base Raw TCG (Near Mint)","0.00","$0.00","$1.79","$1.79 (10/04/2025)","$1.79","$1.79","$1.79","0.00","1","$1.79"
"Team Rocket's Ariana 2025 Scarlet & Violet: Destined Rivals #171/182 Base Raw TCG (Near Mint)","0.00","$0.00","$1.89","$1.89 (10/04/2025)","$1.89","$1.89","$1.89","-83.33","1","$1.89"
"Team Rocket's Proton 2025 Scarlet & Violet: Destined Rivals #177/182 Base Raw TCG (Near Mint)","0.00","$0.00","$1.15","$1.15 (10/15/2025)","$1.10","$0.99","$1.15","200.00","3","$3.29"
"Team Rocket's Petrel 2025 Scarlet & Violet: Destined Rivals #176/182 Base Raw TCG (Near Mint)","0.00","$0.00","$1.11","$1.11 (10/03/2025)","$1.11","$1.11","$1.11","-75.00","1","$1.11"
"Team Rocket's Murkrow 2025 Scarlet & Violet: Destined Rivals #127/182 Base Raw TCG (Near Mint)","0.00","$0.00","$1.25","$1.25 (10/10/2025)","$1.25","$1.25","$1.25","0.00","1","$1.25"
"Team Rocket's Houndoom 2025 Scarlet & Violet: Destined Rivals #038/182 Base Raw TCG (Near Mint)","0.00","$0.00","$1.75","$1.75 (10/20/2025)","$2.21","$1.75","$3.56","33.33","4","$8.84"
"Team Rocket's Nidorino 2025 Scarlet & Violet: Destined Rivals #118/182 Base Raw TCG (Near Mint)","0.00","$0.00","$1.49","$1.49 (10/17/2025)","$1.49","$1.49","$1.49","0.00","1","$1.49"
"Team Rocket's Porygon2 2025 Scarlet & Violet: Destined Rivals #154/182 Reverse Holo Raw TCG (Near Mint)","0.00","$0.00","$2.09","$2.09 (10/16/2025)","$2.09","$2.09","$2.09","-88.89","1","$2.09"
"Team Rocket's Great Ball 2025 Scarlet & Violet: Destined Rivals #175/182 Base Raw TCG (Near Mint)","0.00","$0.00","$0.99","$0.99 (10/10/2025)","$0.99","$0.99","$0.99","0.00","1","$0.99"
"Team Rocket's Mareep 2025 Scarlet & Violet: Destined Rivals #072/182 Base Raw TCG (Near Mint)","0.00","$0.00","$2.50","$2.50 (10/22/2025)","$2.50","$2.50","$2.50","-66.67","1","$2.50"
"Team Rocket's Flaaffy 2025 Scarlet & Violet: Destined Rivals #073/182 Reverse Holo Raw TCG (Near Mint)","0.00","$0.00","$1.45","$1.45 (10/22/2025)","$1.51","$1.42","$1.78","-16.67","5","$7.55"
"Team Rocket's Ampharos 2025 Scarlet & Violet: Destined Rivals #074/182 Base Raw TCG (Near Mint)","0.00","$0.00","$1.75","$1.75 (09/26/2025)","$1.75","$1.75","$1.75","-66.67","1","$1.75"
"Team Rocket's Drowzee 2025 Scarlet & Violet: Destined Rivals #079/182 Base Raw TCG (Near Mint)","0.00","$0.00","$1.49","$1.49 (10/13/2025)","$1.49","$1.49","$1.49","0.00","1","$1.49"
"Team Rocket's Dottler 2025 Scarlet & Violet: Destined Rivals #088/182 Base Raw TCG (Near Mint)","0.00","$0.00","$1.49","$1.49 (09/25/2025)","$1.49","$1.49","$1.49","0.00","1","$1.49"
"Team Rocket's Arbok 2025 Scarlet & Violet: Destined Rivals #113/182 Base Raw TCG (Near Mint)","0.00","$0.00","$1.77","$1.77 (10/16/2025)","$1.77","$1.77","$1.77","0.00","1","$1.77"
"Fomantis 2025 Scarlet & Violet: Destined Rivals #013/182 Base Raw TCG (Near Mint)","0.00","$0.00","$1.49","$1.49 (10/13/2025)","$1.49","$1.49","$1.49","-50.00","1","$1.49"
"Fomantis 2025 Scarlet & Violet: Destined Rivals #013/182 Reverse Holo Raw TCG (Near Mint)","0.00","$0.00","$1.35","$1.35 (10/11/2025)","$1.46","$1.35","$1.89","150.00","5","$7.29"
"Team Rocket's Houndour 2025 Scarlet & Violet: Destined Rivals #037/182 Base Raw TCG (Near Mint)","0.00","$0.00","$1.49","$1.49 (10/13/2025)","$1.49","$1.49","$1.49","0.00","1","$1.49"
"Team Rocket's Houndour 2025 Scarlet & Violet: Destined Rivals #037/182 Reverse Holo Raw TCG (Near Mint)","0.00","$0.00","$1.59","$1.59 (10/19/2025)","$1.61","$1.35","$1.89","133.33","7","$11.24"
"Emcee's Hype 2025 Scarlet & Violet: Destined Rivals #163/182 Base Raw TCG (Near Mint)","0.00","$0.00","$0.99","$0.99 (10/18/2025)","$0.99","$0.99","$0.99","0.00","1","$0.99"
"Spikemuth Gym 2025 Scarlet & Violet: Destined Rivals #169/182 Base Raw TCG (Near Mint)","0.00","$0.00","$1.89","$1.89 (10/01/2025)","$1.89","$1.89","$1.89","-75.00","1","$1.89"
"Team Rocket's Transceiver 2025 Scarlet & Violet: Destined Rivals #178/182 Reverse Holo Raw TCG (Near Mint)","0.00","$0.00","$2.37","$2.37 (10/24/2025)","$1.90","$1.35","$2.49","28.57","9","$17.10"
"Team Rocket's Venture Bomb 2025 Scarlet & Violet: Destined Rivals #179/182 Base Raw TCG (Near Mint)","0.00","$0.00","$1.75","$1.75 (10/20/2025)","$1.50","$1.00","$1.75","200.00","3","$4.50"
"TM Machine 2025 Scarlet & Violet: Destined Rivals #181/182 Base Raw TCG (Near Mint)","0.00","$0.00","$1.19","$1.19 (10/05/2025)","$1.19","$1.19","$1.19","-75.00","1","$1.19"
"Steven's Beldum 2025 Scarlet & Violet: Destined Rivals #143/182 Base Raw TCG (Near Mint)","0.00","$0.00","$1.12","$1.12 (09/30/2025)","$1.12","$1.12","$1.12","0.00","1","$1.12"
"Marnie's Purrloin 2025 Scarlet & Violet: Destined Rivals #130/182 Base Raw TCG (Near Mint)","0.00","$0.00","$1.35","$1.35 (10/19/2025)","$1.35","$1.35","$1.35","0.00","1","$1.35"
"Marnie's Scraggy 2025 Scarlet & Violet: Destined Rivals #132/182 Base Raw TCG (Near Mint)","0.00","$0.00","$1.49","$1.49 (09/29/2025)","$1.49","$1.49","$1.49","0.00","1","$1.49"
"Marnie's Scrafty 2025 Scarlet & Violet: Destined Rivals #133/182 Base Raw TCG (Near Mint)","0.00","$0.00","$1.35","$1.35 (10/19/2025)","$1.35","$1.35","$1.35","-50.00","1","$1.35"
"Marnie's Morgrem 2025 Scarlet & Violet: Destined Rivals #135/182 Base Raw TCG (Near Mint)","0.00","$0.00","$1.49","$1.49 (10/20/2025)","$1.49","$1.49","$1.49","100.00","2","$2.98"
"Steven's Baltoy 2025 Scarlet & Violet: Destined Rivals #083/182 Base Raw TCG (Near Mint)","0.00","$0.00","$1.49","$1.49 (10/13/2025)","$1.49","$1.49","$1.49","0.00","1","$1.49"
"Arcanine 2025 Japanese Scarlet & Violet: Glory of Team Rocket #014/098 Base Raw TCG (Near Mint)","0.00","$0.00","$1.80","$1.80 (10/08/2025)","$1.80","$1.80","$1.80","0.00","1","$1.80"
"Growlithe 2025 Japanese Scarlet & Violet: Glory of Team Rocket #013/098 Base Raw TCG (Near Mint)","0.00","$0.00","$2.69","$2.69 (10/03/2025)","$2.69","$2.69","$2.69","0.00","1","$2.69"
"Kangaskhan 2025 Japanese Scarlet & Violet: Glory of Team Rocket #080/098 Base Raw TCG (Near Mint)","0.00","$0.00","$0.99","$0.99 (10/19/2025)","$0.99","$0.99","$0.99","0.00","1","$0.99"
"Mankey 2025 Japanese Scarlet & Violet: Glory of Team Rocket #045/098 Base Raw TCG (Near Mint)","0.00","$0.00","$1.80","$1.80 (10/08/2025)","$1.80","$1.80","$1.80","0.00","1","$1.80"
"Primeape 2025 Japanese Scarlet & Violet: Glory of Team Rocket #046/098 Base Raw TCG (Near Mint)","0.00","$0.00","$1.49","$1.49 (09/26/2025)","$1.49","$1.49","$1.49","0.00","1","$1.49"
"Zamazenta 2025 Japanese Scarlet & Violet: Glory of Team Rocket #075/098 Holo Raw TCG (Near Mint)","0.00","$0.00","$1.49","$1.49 (09/25/2025)","$1.49","$1.49","$1.49","0.00","1","$1.49"
"Arrokuda 2025 Japanese Scarlet & Violet: Glory of Team Rocket #029/098 Base Raw TCG (Near Mint)","0.00","$0.00","$1.78","$1.78 (10/04/2025)","$1.78","$1.78","$1.78","0.00","1","$1.78"
"Barraskewda 2025 Japanese Scarlet & Violet: Glory of Team Rocket #030/098 Base Raw TCG (Near Mint)","0.00","$0.00","$1.78","$1.78 (10/04/2025)","$1.78","$1.78","$1.78","0.00","1","$1.78"
"Torchic 2025 Japanese Scarlet & Violet: Glory of Team Rocket #018/098 Base Raw TCG (Near Mint)","0.00","$0.00","$1.80","$1.80 (10/08/2025)","$1.80","$1.80","$1.80","0.00","1","$1.80"
"Breloom 2025 Japanese Scarlet & Violet: Glory of Team Rocket #003/098 Base Raw TCG (Near Mint)","0.00","$0.00","$0.99","$0.99 (10/11/2025)","$0.99","$0.99","$0.99","0.00","1","$0.99"
"Team Rocket's Meowth 2025 Japanese Scarlet & Violet: Glory of Team Rocket #078/098 Base Raw TCG (Near Mint)","0.00","$0.00","$1.34","$1.34 (10/19/2025)","$1.34","$1.34","$1.34","0.00","1","$1.34"
"Team Rocket's Mewtwo ex 2025 Japanese Scarlet & Violet: Glory of Team Rocket #039/098 Double Rare Raw TCG (Near Mint)","0.00","$0.00","$2.25","$2.25 (10/23/2025)","$2.59","$1.96","$4.70","150.00","10","$25.90"
"Team Rocket's Moltres ex 2025 Japanese Scarlet & Violet: Glory of Team Rocket #124/098 Special Art Rare Raw TCG (Near Mint)","0.00","$0.00","$96.93","$96.93 (10/21/2025)","$98.00","$85.00","$105.60","-58.82","7","$685.99"
"Team Rocket's Wobbuffet 2025 Japanese Scarlet & Violet: Glory of Team Rocket #040/098 Holo Raw TCG (Near Mint)","0.00","$0.00","$2.96","$2.96 (10/04/2025)","$2.96","$2.96","$2.96","0.00","1","$2.96"
"Team Rocket's Sneasel 2025 Japanese Scarlet & Violet: Glory of Team Rocket #072/098 Holo Raw TCG (Near Mint)","0.00","$0.00","$2.95","$2.95 (10/21/2025)","$2.95","$2.95","$2.95","0.00","1","$2.95"
"Team Rocket's Ampharos 2025 Japanese Scarlet & Violet: Glory of Team Rocket #036/098 Base Raw TCG (Near Mint)","0.00","$0.00","$2.99","$2.99 (09/30/2025)","$2.99","$2.99","$2.99","0.00","1","$2.99"
"Team Rocket's Mimikyu 2025 Japanese Scarlet & Violet: Glory of Team Rocket #042/098 Base Raw TCG (Near Mint)","0.00","$0.00","$1.78","$1.78 (10/04/2025)","$1.78","$1.78","$1.78","-75.00","1","$1.78"
"Team Rocket's Tyranitar 2025 Japanese Scarlet & Violet: Glory of Team Rocket #050/098 Holo Raw TCG (Near Mint)","0.00","$0.00","$3.17","$3.17 (10/16/2025)","$3.17","$3.17","$3.17","100.00","2","$6.34"
"Team Rocket's Articuno 2025 Japanese Scarlet & Violet: Glory of Team Rocket #022/098 Holo Raw TCG (Near Mint)","0.00","$0.00","$2.52","$2.52 (10/19/2025)","$2.52","$2.52","$2.52","0.00","2","$5.04"
"Ivysaur 2025 Japanese Mega Brave #02/63 Base Raw TCG (Near Mint)","0.00","$0.00","$0.99","$0.99 (10/05/2025)","$0.99","$0.99","$0.99","-57.14","3","$2.97"
"Onix 2025 Japanese Mega Brave #22/63 Base Raw TCG (Near Mint)","0.00","$0.00","$1.49","$1.49 (10/08/2025)","$1.49","$1.49","$1.49","0.00","1","$1.49"
"Sandshrew 2025 Japanese Mega Brave #20/63 Base Raw TCG (Near Mint)","0.00","$0.00","$0.99","$0.99 (10/05/2025)","$1.51","$0.99","$3.99","-68.42","6","$9.03"
"Vulpix 2025 Japanese Mega Brave #10/63 Base Raw TCG (Near Mint)","0.00","$0.00","$0.99","$0.99 (10/10/2025)","$1.11","$0.99","$1.49","-20.00","4","$4.46"
"Lunatone 2025 Japanese Mega Brave #26/63 Holo Raw TCG (Near Mint)","0.00","$0.00","$1.27","$1.27 (10/04/2025)","$1.27","$1.27","$1.27","-50.00","2","$2.54"
"Spearow 2025 Japanese Mega Brave #52/63 Base Raw TCG (Near Mint)","0.00","$0.00","$0.99","$0.99 (10/05/2025)","$0.99","$0.99","$0.99","0.00","1","$0.99"
"Exeggutor 2025 Japanese Mega Brave #05/63 Base Raw TCG (Near Mint)","0.00","$0.00","$0.99","$0.99 (10/05/2025)","$0.99","$0.99","$0.99","-50.00","1","$0.99"
"Fearow 2025 Japanese Mega Brave #53/63 Base Raw TCG (Near Mint)","0.00","$0.00","$0.99","$0.99 (10/08/2025)","$0.99","$0.99","$0.99","0.00","1","$0.99"
"Sandslash 2025 Japanese Mega Brave #21/63 Base Raw TCG (Near Mint)","0.00","$0.00","$0.99","$0.99 (10/05/2025)","$0.99","$0.99","$0.99","-75.00","1","$0.99"
"Riolu 2025 Japanese Mega Brave #28/63 Base Raw TCG (Near Mint)","0.00","$0.00","$0.99","$0.99 (10/05/2025)","$0.99","$0.99","$0.99","-50.00","1","$0.99"
"Shiftry 2025 Japanese Mega Brave #09/63 Base Raw TCG (Near Mint)","0.00","$0.00","$0.99","$0.99 (10/05/2025)","$0.99","$0.99","$0.99","0.00","2","$1.98"
"Crawdaunt 2025 Japanese Mega Brave #37/63 Base Raw TCG (Near Mint)","0.00","$0.00","$1.00","$1.00 (10/12/2025)","$1.00","$1.00","$1.00","0.00","1","$1.00"
"Cinderace 2025 Japanese Mega Brave #17/63 Holo Raw TCG (Near Mint)","0.00","$0.00","$1.66","$1.66 (10/15/2025)","$1.66","$1.66","$1.66","0.00","1","$1.66"
"Spiritomb 2025 Japanese Mega Brave #39/63 Base Raw TCG (Near Mint)","0.00","$0.00","$0.99","$0.99 (10/05/2025)","$0.99","$0.99","$0.99","0.00","1","$0.99"
"Croagunk 2025 Japanese Mega Brave #30/63 Base Raw TCG (Near Mint)","0.00","$0.00","$0.99","$0.99 (10/05/2025)","$0.99","$0.99","$0.99","0.00","1","$0.99"
"Raboot 2025 Japanese Mega Brave #16/63 Base Raw TCG (Near Mint)","0.00","$0.00","$0.99","$0.99 (10/05/2025)","$0.99","$0.99","$0.99","0.00","1","$0.99"
"Grafaiai 2025 Japanese Mega Brave #44/63 Base Raw TCG (Near Mint)","0.00","$0.00","$0.99","$0.99 (10/05/2025)","$0.99","$0.99","$0.99","0.00","1","$0.99"
"Tinkatuff 2025 Japanese Mega Brave #49/63 Base Raw TCG (Near Mint)","0.00","$0.00","$0.99","$0.99 (10/05/2025)","$0.99","$0.99","$0.99","-33.33","2","$1.98"
"Tinkaton 2025 Japanese Mega Brave #50/63 Base Raw TCG (Near Mint)","0.00","$0.00","$0.99","$0.99 (10/05/2025)","$0.99","$0.99","$0.99","-33.33","2","$1.98"
"Numel 2025 Japanese Mega Brave #12/63 Base Raw TCG (Near Mint)","0.00","$0.00","$0.99","$0.99 (10/05/2025)","$0.99","$0.99","$0.99","0.00","1","$0.99"
"Shroodle 2025 Japanese Mega Brave #43/63 Base Raw TCG (Near Mint)","0.00","$0.00","$0.99","$0.99 (10/05/2025)","$0.99","$0.99","$0.99","0.00","1","$0.99"
"Gholdengo 2025 Japanese Mega Brave #51/63 Base Raw TCG (Near Mint)","0.00","$0.00","$0.99","$0.99 (10/05/2025)","$0.99","$0.99","$0.99","0.00","2","$1.98"
"Premium Power Pro 2025 Japanese Mega Brave #58/63 Base Raw TCG (Near Mint)","0.00","$0.00","$1.25","$1.25 (10/05/2025)","$1.25","$1.25","$1.25","0.00","1","$1.25"
"Raikou 2025 Japanese Mega Symphonia #30/63 Holo Raw TCG (Near Mint)","0.00","$0.00","$1.49","$1.49 (10/18/2025)","$1.32","$1.06","$1.49","-50.00","4","$5.28"
"Chikorita 2025 Japanese Mega Symphonia #03/63 Base Raw TCG (Near Mint)","0.00","$0.00","$0.99","$0.99 (10/23/2025)","$1.18","$0.99","$1.93","0.00","5","$5.89"
"Mantine 2025 Japanese Mega Symphonia #15/63 Base Raw TCG (Near Mint)","0.00","$0.00","$1.29","$1.29 (10/21/2025)","$1.29","$1.29","$1.29","0.00","1","$1.29"
"Shuckle 2025 Japanese Mega Symphonia #06/63 Base Raw TCG (Near Mint)","0.00","$0.00","$0.99","$0.99 (10/08/2025)","$0.99","$0.99","$0.99","0.00","1","$0.99"
"Grumpig 2025 Japanese Mega Symphonia #45/63 Base Raw TCG (Near Mint)","0.00","$0.00","$1.99","$1.99 (10/20/2025)","$1.99","$1.99","$1.99","0.00","1","$1.99"
"Sobble 2025 Japanese Mega Symphonia #21/63 Base Raw TCG (Near Mint)","0.00","$0.00","$1.31","$1.31 (10/03/2025)","$1.31","$1.31","$1.31","0.00","1","$1.31"
"Pachirisu 2025 Japanese Mega Symphonia #33/63 Base Raw TCG (Near Mint)","0.00","$0.00","$1.30","$1.30 (10/19/2025)","$1.30","$1.30","$1.30","-75.00","1","$1.30"
"Greavard 2025 Japanese Mega Symphonia #47/63 Base Raw TCG (Near Mint)","0.00","$0.00","$0.99","$0.99 (10/05/2025)","$0.99","$0.99","$0.99","100.00","2","$1.98"
"Sizzlipede 2025 Japanese Mega Symphonia #12/63 Base Raw TCG (Near Mint)","0.00","$0.00","$1.81","$1.81 (10/03/2025)","$1.81","$1.81","$1.81","0.00","1","$1.81"
"Latios 2025 Japanese Mega Symphonia #50/63 Base Raw TCG (Near Mint)","0.00","$0.00","$1.00","$1.00 (10/05/2025)","$1.00","$1.00","$1.00","-80.00","1","$1.00"
"Houndstone 2025 Japanese Mega Symphonia #48/63 Base Raw TCG (Near Mint)","0.00","$0.00","$1.25","$1.25 (10/05/2025)","$1.25","$1.25","$1.25","0.00","1","$1.25"
"Buneary 2025 Japanese Mega Symphonia #53/63 Base Raw TCG (Near Mint)","0.00","$0.00","$0.99","$0.99 (10/05/2025)","$0.99","$0.99","$0.99","-66.67","1","$0.99"
"Lopunny 2025 Japanese Mega Symphonia #54/63 Base Raw TCG (Near Mint)","0.00","$0.00","$1.00","$1.00 (10/12/2025)","$1.00","$1.00","$1.00","0.00","1","$1.00"
"Stufful 2025 Japanese Mega Symphonia #55/63 Base Raw TCG (Near Mint)","0.00","$0.00","$0.99","$0.99 (10/08/2025)","$0.99","$0.99","$0.99","0.00","1","$0.99"
"Litleo 2025 Japanese Mega Symphonia #10/63 Base Raw TCG (Near Mint)","0.00","$0.00","$1.81","$1.81 (10/03/2025)","$1.81","$1.81","$1.81","0.00","1","$1.81"
"Helioptile 2025 Japanese Mega Symphonia #34/63 Base Raw TCG (Near Mint)","0.00","$0.00","$0.99","$0.99 (09/26/2025)","$0.99","$0.99","$0.99","0.00","1","$0.99"
"Dhelmise 2025 Japanese Mega Symphonia #09/63 Base Raw TCG (Near Mint)","0.00","$0.00","$1.30","$1.30 (10/19/2025)","$1.30","$1.30","$1.30","0.00","1","$1.30"
"Mega Signal 2025 Japanese Mega Symphonia #58/63 Base Raw TCG (Near Mint)","0.00","$0.00","$0.99","$0.99 (10/05/2025)","$0.99","$0.99","$0.99","0.00","1","$0.99"
"Wally's Compassion 2025 Japanese Mega Symphonia #85/63 Super Rare (Full Art) Raw TCG (Near Mint)","0.00","$0.00","$4.74","$4.74 (10/23/2025)","$4.25","$3.00","$7.13","-51.35","18","$76.44"
"Misty's Gyarados 2025 Japanese Scarlet & Violet: Heat Wave Arena #026/063 Holo Raw TCG (Near Mint)","0.00","$0.00","$1.82","$1.82 (10/21/2025)","$1.82","$1.82","$1.82","0.00","1","$1.82"
"Misty's Psyduck 2025 Japanese Scarlet & Violet: Heat Wave Arena #022/063 Base Raw TCG (Near Mint)","0.00","$0.00","$1.79","$1.79 (10/17/2025)","$1.69","$1.49","$1.79","200.00","3","$5.07"
"Shaymin 2025 Japanese Scarlet & Violet: Heat Wave Arena #006/063 Base Raw TCG (Near Mint)","0.00","$0.00","$2.70","$2.70 (10/03/2025)","$2.70","$2.70","$2.70","0.00","1","$2.70"
"Zeraora 2025 Japanese Scarlet & Violet: Heat Wave Arena #040/063 Holo Raw TCG (Near Mint)","0.00","$0.00","$1.49","$1.49 (09/26/2025)","$1.49","$1.49","$1.49","0.00","1","$1.49"
"Misty's Lapras 2025 Japanese Scarlet & Violet: Heat Wave Arena #027/063 Base Raw TCG (Near Mint)","0.00","$0.00","$1.80","$1.80 (10/20/2025)","$1.80","$1.80","$1.80","0.00","1","$1.80"
"Arven's Sandwich 2025 Japanese Scarlet & Violet: Heat Wave Arena #057/063 Base Raw TCG (Near Mint)","0.00","$0.00","$1.74","$1.74 (10/17/2025)","$1.74","$1.74","$1.74","0.00","1","$1.74"
"Teal Mask Ogerpon 2025 Japanese Scarlet & Violet: Heat Wave Arena #012/063 Base Raw TCG (Near Mint)","0.00","$0.00","$1.80","$1.80 (10/08/2025)","$1.80","$1.80","$1.80","0.00","1","$1.80"
"Ethan's Cyndaquil 2025 Japanese Scarlet & Violet: Heat Wave Arena #015/063 Base Raw TCG (Near Mint)","0.00","$0.00","$1.00","$1.00 (10/06/2025)","$1.00","$1.00","$1.00","0.00","1","$1.00"
"Ethan's Quilava 2025 Japanese Scarlet & Violet: Heat Wave Arena #016/063 Base Raw TCG (Near Mint)","0.00","$0.00","$1.00","$1.00 (10/06/2025)","$1.00","$1.00","$1.00","-50.00","1","$1.00"
"Ethan's Magcargo 2025 Japanese Scarlet & Violet: Heat Wave Arena #019/063 Holo Raw TCG (Near Mint)","0.00","$0.00","$1.80","$1.80 (10/08/2025)","$1.80","$1.80","$1.80","0.00","1","$1.80"
"Hearthflame Mask Ogerpon 2025 Japanese Scarlet & Violet: Heat Wave Arena #021/063 Base Raw TCG (Near Mint)","0.00","$0.00","$1.49","$1.49 (09/26/2025)","$1.49","$1.49","$1.49","0.00","1","$1.49"
"Charmeleon 2025 Japanese Mega: Inferno X #12/80 Base Raw TCG (Near Mint)","0.00","$0.00","$1.99","$1.99 (10/07/2025)","$1.99","$1.99","$1.99","0.00","1","$1.99"
"Seel 2025 Japanese Mega: Inferno X #21/80 Base Raw TCG (Near Mint)","0.00","$0.00","$1.50","$1.50 (09/26/2025)","$1.50","$1.50","$1.50","0.00","1","$1.50"
"Gligar 2025 Japanese Mega: Inferno X #43/80 Base Raw TCG (Near Mint)","0.00","$0.00","$1.50","$1.50 (09/28/2025)","$1.50","$1.50","$1.50","0.00","2","$3.00"
"Toxel 2025 Japanese Mega: Inferno X #56/80 Base Raw TCG (Near Mint)","0.00","$0.00","$0.99","$0.99 (10/01/2025)","$1.26","$0.99","$1.80","0.00","3","$3.78"
"Paldean Tauros 2025 Japanese Mega: Inferno X #42/80 Base Raw TCG (Near Mint)","0.00","$0.00","$1.28","$1.28 (09/25/2025)","$1.28","$1.28","$1.28","0.00","1","$1.28"
"Mamoswine 2025 Japanese Mega: Inferno X #25/80 Base Raw TCG (Near Mint)","0.00","$0.00","$1.50","$1.50 (09/27/2025)","$1.50","$1.50","$1.50","0.00","1","$1.50"
"Lotad 2025 Japanese Mega: Inferno X #05/80 Base Raw TCG (Near Mint)","0.00","$0.00","$0.99","$0.99 (09/26/2025)","$0.99","$0.99","$0.99","0.00","1","$0.99"
"Lombre 2025 Japanese Mega: Inferno X #06/80 Base Raw TCG (Near Mint)","0.00","$0.00","$0.99","$0.99 (09/26/2025)","$0.99","$0.99","$0.99","0.00","1","$0.99"
"Prinplup 2025 Japanese Mega: Inferno X #28/80 Base Raw TCG (Near Mint)","0.00","$0.00","$0.99","$0.99 (10/03/2025)","$1.16","$0.99","$1.50","0.00","3","$3.48"
"Togedemaru 2025 Japanese Mega: Inferno X #61/80 Base Raw TCG (Near Mint)","0.00","$0.00","$1.50","$1.50 (10/08/2025)","$1.50","$1.50","$1.50","0.00","3","$4.50"
"Dawn 2025 Japanese Mega: Inferno X #77/80 Base Raw TCG (Near Mint)","0.00","$0.00","$4.53","$4.53 (10/20/2025)","$4.53","$4.53","$4.53","0.00","1","$4.53"
"Grimsley's Move 2025 Japanese Mega: Inferno X #76/80 Base Raw TCG (Near Mint)","0.00","$0.00","$3.99","$3.99 (09/26/2025)","$3.99","$3.99","$3.99","0.00","1","$3.99"
"Slowking 2025 Scarlet & Violet: Prismatic Evolutions #019/131 Base Raw TCG (Near Mint)","0.00","$0.00","$1.49","$1.49 (10/20/2025)","$1.49","$1.49","$1.49","0.00","1","$1.49"
"Suicune 2025 Scarlet & Violet: Prismatic Evolutions #024/131 Master Ball Reverse Holo Raw TCG (Near Mint)","0.00","$0.00","$13.00","$13.00 (10/16/2025)","$12.99","$1.00","$16.99","-20.00","8","$103.96"
"Flareon 2025 Scarlet & Violet: Prismatic Evolutions #013/131 Holo Raw TCG (Near Mint)","0.00","$0.00","$1.99","$1.99 (10/24/2025)","$2.48","$0.99","$10.00","110.00","21","$52.14"
"Dusclops 2025 Scarlet & Violet: Prismatic Evolutions #036/131 Base Raw TCG (Near Mint)","0.00","$0.00","$1.78","$1.78 (10/20/2025)","$1.78","$1.78","$1.78","0.00","1","$1.78"
"Dusclops 2025 Scarlet & Violet: Prismatic Evolutions #036/131 Reverse Holo Raw TCG (Near Mint)","0.00","$0.00","$1.59","$1.59 (10/02/2025)","$1.59","$1.59","$1.59","-50.00","1","$1.59"
"Pinsir 2025 Scarlet & Violet: Prismatic Evolutions #003/131 Reverse Holo Raw TCG (Near Mint)","0.00","$0.00","$1.59","$1.59 (09/29/2025)","$1.59","$1.59","$1.59","-50.00","1","$1.59"
"Dusknoir 2025 Scarlet & Violet: Prismatic Evolutions #037/131 Holo Raw TCG (Near Mint)","0.00","$0.00","$1.49","$1.49 (10/01/2025)","$1.49","$1.49","$1.49","-66.67","1","$1.49"
"Exeggcute 2025 Scarlet & Violet: Prismatic Evolutions #001/131 Reverse Holo Raw TCG (Near Mint)","0.00","$0.00","$2.01","$2.01 (10/20/2025)","$2.01","$2.01","$2.01","0.00","1","$2.01"
"Exeggutor 2025 Scarlet & Violet: Prismatic Evolutions #002/131 Base Raw TCG (Near Mint)","0.00","$0.00","$0.99","$0.99 (09/30/2025)","$0.99","$0.99","$0.99","0.00","1","$0.99"
"Exeggutor 2025 Scarlet & Violet: Prismatic Evolutions #002/131 Reverse Holo Raw TCG (Near Mint)","0.00","$0.00","$1.00","$1.00 (10/01/2025)","$1.00","$1.00","$1.00","0.00","1","$1.00"
"Miltank 2025 Scarlet & Violet: Prismatic Evolutions #081/131 Reverse Holo Raw TCG (Near Mint)","0.00","$0.00","$1.30","$1.30 (10/12/2025)","$1.30","$1.30","$1.30","0.00","1","$1.30"
"Hoothoot 2025 Scarlet & Violet: Prismatic Evolutions #077/131 Reverse Holo Raw TCG (Near Mint)","0.00","$0.00","$1.43","$1.43 (10/21/2025)","$1.43","$1.43","$1.43","-50.00","1","$1.43"
"Duskull 2025 Scarlet & Violet: Prismatic Evolutions #035/131 Base Raw TCG (Near Mint)","0.00","$0.00","$1.70","$1.70 (10/10/2025)","$1.70","$1.70","$1.70","0.00","1","$1.70"
"Professor's Research 2025 Scarlet & Violet: Prismatic Evolutions #122/131 Base (Professor Oak) Raw TCG (Near Mint)","0.00","$0.00","$0.99","$0.99 (09/28/2025)","$0.99","$0.99","$0.99","0.00","1","$0.99"
"Professor's Research 2025 Scarlet & Violet: Prismatic Evolutions #125/131 Reverse Holo (Professor Sycamore) Raw TCG (Near Mint)","0.00","$0.00","$1.98","$1.98 (10/18/2025)","$1.98","$1.98","$1.98","0.00","1","$1.98"
"Groudon 2025 Scarlet & Violet: Prismatic Evolutions #049/131 Reverse Holo Raw TCG (Near Mint)","0.00","$0.00","$1.49","$1.49 (10/16/2025)","$1.49","$1.49","$1.49","-50.00","2","$2.98"
"Duraludon 2025 Scarlet & Violet: Prismatic Evolutions #069/131 Base Raw TCG (Near Mint)","0.00","$0.00","$0.99","$0.99 (09/30/2025)","$0.99","$0.99","$0.99","0.00","1","$0.99"
"Bronzong 2025 Scarlet & Violet: Prismatic Evolutions #067/131 Reverse Holo Raw TCG (Near Mint)","0.00","$0.00","$1.25","$1.25 (10/17/2025)","$1.25","$1.25","$1.25","0.00","1","$1.25"
"Pupitar 2025 Scarlet & Violet: Prismatic Evolutions #048/131 Reverse Holo Raw TCG (Near Mint)","0.00","$0.00","$0.99","$0.99 (10/05/2025)","$0.99","$0.99","$0.99","0.00","1","$0.99"
"Larvitar 2025 Scarlet & Violet: Prismatic Evolutions #047/131 Base Raw TCG (Near Mint)","0.00","$0.00","$0.72","$0.72 (09/26/2025)","$0.72","$0.72","$0.72","0.00","1","$0.72"
"Larvitar 2025 Scarlet & Violet: Prismatic Evolutions #047/131 Reverse Holo Raw TCG (Near Mint)","0.00","$0.00","$1.49","$1.49 (10/09/2025)","$1.49","$1.49","$1.49","0.00","1","$1.49"
"Regigigas 2025 Scarlet & Violet: Prismatic Evolutions #086/131 Base Raw TCG (Near Mint)","0.00","$0.00","$1.33","$1.33 (10/17/2025)","$1.33","$1.33","$1.33","0.00","1","$1.33"
"Applin 2025 Scarlet & Violet: Prismatic Evolutions #009/131 Reverse Holo Raw TCG (Near Mint)","0.00","$0.00","$1.49","$1.49 (10/10/2025)","$1.49","$1.49","$1.49","-66.67","1","$1.49"
"Houndour 2025 Scarlet & Violet: Prismatic Evolutions #062/131 Reverse Holo Raw TCG (Near Mint)","0.00","$0.00","$1.98","$1.98 (10/09/2025)","$1.98","$1.98","$1.98","0.00","1","$1.98"
"Professor Sada's Vitality 2025 Scarlet & Violet: Prismatic Evolutions #120/131 Base Raw TCG (Near Mint)","0.00","$0.00","$0.99","$0.99 (10/14/2025)","$0.99","$0.99","$0.99","0.00","1","$0.99"
"Professor Sada's Vitality 2025 Scarlet & Violet: Prismatic Evolutions #120/131 Reverse Holo Raw TCG (Near Mint)","0.00","$0.00","$1.59","$1.59 (09/29/2025)","$1.59","$1.59","$1.59","-50.00","1","$1.59"
"Professor Turo's Scenario 2025 Scarlet & Violet: Prismatic Evolutions #121/131 Reverse Holo Raw TCG (Near Mint)","0.00","$0.00","$1.59","$1.59 (10/20/2025)","$1.59","$1.59","$1.59","-50.00","1","$1.59"
"Noibat 2025 Scarlet & Violet: Prismatic Evolutions #090/131 Base Raw TCG (Near Mint)","0.00","$0.00","$1.99","$1.99 (10/21/2025)","$1.99","$1.99","$1.99","0.00","1","$1.99"
"Bronzor 2025 Scarlet & Violet: Prismatic Evolutions #066/131 Reverse Holo Raw TCG (Near Mint)","0.00","$0.00","$1.59","$1.59 (10/02/2025)","$1.59","$1.59","$1.59","0.00","1","$1.59"
"Bronzor 2025 Scarlet & Violet: Prismatic Evolutions #066/131 Poke Ball Reverse Holo Raw TCG (Near Mint)","0.00","$0.00","$1.49","$1.49 (10/07/2025)","$1.49","$1.49","$1.49","-75.00","1","$1.49"
"Whimsicott 2025 Scarlet & Violet: Prismatic Evolutions #008/131 Reverse Holo Raw TCG (Near Mint)","0.00","$0.00","$1.99","$1.99 (10/11/2025)","$1.99","$1.99","$1.99","0.00","1","$1.99"
"Dipplin 2025 Scarlet & Violet: Prismatic Evolutions #010/131 Base Raw TCG (Near Mint)","0.00","$0.00","$1.99","$1.99 (10/20/2025)","$1.99","$1.99","$1.99","0.00","1","$1.99"
"Dipplin 2025 Scarlet & Violet: Prismatic Evolutions #010/131 Reverse Holo Raw TCG (Near Mint)","0.00","$0.00","$1.49","$1.49 (10/13/2025)","$1.49","$1.49","$1.49","0.00","1","$1.49"
"Fezandipiti 2025 Scarlet & Violet: Prismatic Evolutions #045/131 Reverse Holo Raw TCG (Near Mint)","0.00","$0.00","$1.89","$1.89 (10/02/2025)","$1.89","$1.89","$1.89","-66.67","1","$1.89"
"Okidogi 2025 Scarlet & Violet: Prismatic Evolutions #057/131 Reverse Holo Raw TCG (Near Mint)","0.00","$0.00","$1.39","$1.39 (10/16/2025)","$1.39","$1.39","$1.39","0.00","1","$1.39"
"Kieran 2025 Scarlet & Violet: Prismatic Evolutions #113/131 Poke Ball Reverse Holo Raw TCG (Near Mint)","0.00","$0.00","$1.45","$1.45 (10/24/2025)","$1.48","$1.03","$1.99","100.00","6","$8.86"
"Carmine 2025 Scarlet & Violet: Prismatic Evolutions #103/131 Base Raw TCG (Near Mint)","0.00","$0.00","$1.90","$1.90 (10/16/2025)","$1.90","$1.90","$1.90","0.00","2","$3.80"
"Carmine 2025 Scarlet & Violet: Prismatic Evolutions #103/131 Reverse Holo Raw TCG (Near Mint)","0.00","$0.00","$2.01","$2.01 (10/20/2025)","$2.00","$1.99","$2.01","300.00","4","$8.02"
"Hippopotas 2025 Scarlet & Violet: Prismatic Evolutions #052/131 Base Raw TCG (Near Mint)","0.00","$0.00","$0.99","$0.99 (09/27/2025)","$0.99","$0.99","$0.99","0.00","1","$0.99"
"Hippopotas 2025 Scarlet & Violet: Prismatic Evolutions #052/131 Reverse Holo Raw TCG (Near Mint)","0.00","$0.00","$1.49","$1.49 (09/27/2025)","$1.49","$1.49","$1.49","0.00","1","$1.49"
"Bloodmoon Ursaluna 2025 Scarlet & Violet: Prismatic Evolutions #054/131 Reverse Holo Raw TCG (Near Mint)","0.00","$0.00","$1.18","$1.18 (10/10/2025)","$1.18","$1.18","$1.18","0.00","1","$1.18"
"Cottonee 2025 Scarlet & Violet: Prismatic Evolutions #007/131 Reverse Holo Raw TCG (Near Mint)","0.00","$0.00","$1.49","$1.49 (10/07/2025)","$1.49","$1.49","$1.49","0.00","1","$1.49"
"Aromatisse 2025 Scarlet & Violet: Prismatic Evolutions #039/131 Reverse Holo Raw TCG (Near Mint)","0.00","$0.00","$2.54","$2.54 (10/07/2025)","$2.54","$2.54","$2.54","-50.00","2","$5.08"
"Area Zero Underdepths 2025 Scarlet & Violet: Prismatic Evolutions #094/131 Reverse Holo Raw TCG (Near Mint)","0.00","$0.00","$1.49","$1.49 (10/07/2025)","$1.49","$1.49","$1.49","-66.67","1","$1.49"
"Archaludon 2025 Scarlet & Violet: Prismatic Evolutions #070/131 Holo Raw TCG (Near Mint)","0.00","$0.00","$0.99","$0.99 (09/30/2025)","$0.99","$0.99","$0.99","-50.00","1","$0.99"
"Archaludon 2025 Scarlet & Violet: Prismatic Evolutions #070/131 Reverse Holo Raw TCG (Near Mint)","0.00","$0.00","$2.59","$2.59 (10/23/2025)","$2.59","$2.59","$2.59","0.00","1","$2.59"
"Glass Trumpet 2025 Scarlet & Violet: Prismatic Evolutions #110/131 Poke Ball Reverse Holo Raw TCG (Near Mint)","0.00","$0.00","$1.49","$1.49 (10/21/2025)","$1.52","$1.00","$2.47","250.00","7","$10.62"
"Amarys 2025 Scarlet & Violet: Prismatic Evolutions #093/131 Reverse Holo Raw TCG (Near Mint)","0.00","$0.00","$1.66","$1.66 (10/06/2025)","$1.66","$1.66","$1.66","0.00","1","$1.66"
"Techno Radar 2025 Scarlet & Violet: Prismatic Evolutions #130/131 Reverse Holo Raw TCG (Near Mint)","0.00","$0.00","$2.01","$2.01 (10/20/2025)","$1.82","$1.04","$2.01","0.00","5","$9.08"
"Haban Berry 2025 Scarlet & Violet: Prismatic Evolutions #111/131 Reverse Holo Raw TCG (Near Mint)","0.00","$0.00","$2.01","$2.01 (10/13/2025)","$2.01","$2.01","$2.01","-50.00","1","$2.01"
"Ogre's Mask 2025 Scarlet & Violet: Prismatic Evolutions #118/131 Reverse Holo Raw TCG (Near Mint)","0.00","$0.00","$1.24","$1.24 (10/08/2025)","$1.24","$1.24","$1.24","0.00","1","$1.24"
"Ogre's Mask 2025 Scarlet & Violet: Prismatic Evolutions #118/131 Poke Ball Reverse Holo Raw TCG (Near Mint)","0.00","$0.00","$1.69","$1.69 (10/23/2025)","$1.68","$1.29","$1.99","0.00","8","$13.46"
"Roaring Moon 2025 Scarlet & Violet: Prismatic Evolutions #065/131 Reverse Holo Raw TCG (Near Mint)","0.00","$0.00","$0.99","$0.99 (10/20/2025)","$0.99","$0.99","$0.99","-50.00","1","$0.99"
"Scream Tail 2025 Scarlet & Violet: Prismatic Evolutions #042/131 Base Raw TCG (Near Mint)","0.00","$0.00","$0.99","$0.99 (10/02/2025)","$0.99","$0.99","$0.99","0.00","1","$0.99"
"Great Tusk 2025 Scarlet & Violet: Prismatic Evolutions #055/131 Reverse Holo Raw TCG (Near Mint)","0.00","$0.00","$1.49","$1.49 (10/22/2025)","$1.74","$1.24","$2.49","400.00","5","$8.70"
"Black Belt's Training 2025 Scarlet & Violet: Prismatic Evolutions #098/131 Base Raw TCG (Near Mint)","0.00","$0.00","$1.35","$1.35 (10/07/2025)","$1.35","$1.35","$1.35","0.00","1","$1.35"
"Black Belt's Training 2025 Scarlet & Violet: Prismatic Evolutions #096/131 Poke Ball Reverse Holo Raw TCG (Near Mint)","0.00","$0.00","$1.30","$1.30 (10/20/2025)","$1.30","$1.30","$1.30","-50.00","1","$1.30"
"Larry's Skill 2025 Scarlet & Violet: Prismatic Evolutions #115/131 Reverse Holo Raw TCG (Near Mint)","0.00","$0.00","$1.98","$1.98 (10/02/2025)","$1.98","$1.98","$1.98","0.00","1","$1.98"
"Roto-Stick 2025 Scarlet & Violet: Prismatic Evolutions #127/131 Base Raw TCG (Near Mint)","0.00","$0.00","$1.09","$1.09 (09/25/2025)","$1.09","$1.09","$1.09","0.00","1","$1.09"
"Magnemite 2025 Mega Evolution #045/132 Base Raw TCG (Near Mint)","0.00","$0.00","$1.49","$1.49 (10/23/2025)","$1.49","$1.49","$1.49","0.00","2","$2.98"
"Rare Candy 2025 Mega Evolution #125/132 Base Raw TCG (Near Mint)","0.00","$0.00","$1.30","$1.30 (10/24/2025)","$1.11","$0.85","$1.30","0.00","4","$4.44"
"Sandslash 2025 Mega Evolution #069/132 Base Raw TCG (Near Mint)","0.00","$0.00","$0.99","$0.99 (10/09/2025)","$0.99","$0.99","$0.99","0.00","1","$0.99"
"Magnezone 2025 Mega Evolution #047/132 Base Raw TCG (Near Mint)","0.00","$0.00","$2.61","$2.61 (09/26/2025)","$2.61","$2.61","$2.61","0.00","1","$2.61"
"Frosmoth 2025 Mega Evolution #043/132 Base Raw TCG (Near Mint)","0.00","$0.00","$1.49","$1.49 (10/04/2025)","$1.49","$1.49","$1.49","0.00","1","$1.49"
"Centiskorch 2025 Mega Evolution #030/132 Base Raw TCG (Near Mint)","0.00","$0.00","$1.50","$1.50 (09/30/2025)","$1.50","$1.50","$1.50","0.00","1","$1.50"
"Eiscue 2025 Mega Evolution #044/132 Base Raw TCG (Near Mint)","0.00","$0.00","$0.99","$0.99 (10/08/2025)","$0.99","$0.99","$0.99","0.00","1","$0.99"
"Greavard 2025 Mega Evolution #065/132 Base Raw TCG (Near Mint)","0.00","$0.00","$1.49","$1.49 (10/04/2025)","$1.49","$1.49","$1.49","0.00","1","$1.49"
"Grafaiai 2025 Mega Evolution #092/132 Base Raw TCG (Near Mint)","0.00","$0.00","$2.62","$2.62 (09/28/2025)","$2.62","$2.62","$2.62","0.00","1","$2.62"
"Grafaiai 2025 Mega Evolution #092/132 Reverse Holo Raw TCG (Near Mint)","0.00","$0.00","$1.79","$1.79 (09/28/2025)","$1.79","$1.79","$1.79","0.00","2","$3.58"
"Pyroar 2025 Mega Evolution #024/132 Base Raw TCG (Near Mint)","0.00","$0.00","$0.99","$0.99 (10/17/2025)","$0.99","$0.99","$0.99","0.00","1","$0.99"
"Tinkatink 2025 Mega Evolution #096/132 Base Raw TCG (Near Mint)","0.00","$0.00","$1.50","$1.50 (10/11/2025)","$1.50","$1.50","$1.50","0.00","1","$1.50"
"Houndstone 2025 Mega Evolution #066/132 Base Raw TCG (Near Mint)","0.00","$0.00","$0.99","$0.99 (10/05/2025)","$0.99","$0.99","$0.99","0.00","1","$0.99"
"Gimmighoul 2025 Mega Evolution #067/132 Base Raw TCG (Near Mint)","0.00","$0.00","$0.99","$0.99 (10/17/2025)","$0.99","$0.99","$0.99","0.00","1","$0.99"
"Nuzleaf 2025 Mega Evolution #014/132 Base Raw TCG (Near Mint)","0.00","$0.00","$1.49","$1.49 (10/19/2025)","$1.49","$1.49","$1.49","0.00","1","$1.49"
"Electrike 2025 Mega Evolution #049/132 Base Raw TCG (Near Mint)","0.00","$0.00","$1.69","$1.69 (10/01/2025)","$1.69","$1.69","$1.69","-66.67","1","$1.69"
"Corphish 2025 Mega Evolution #033/132 Base Raw TCG (Near Mint)","0.00","$0.00","$0.99","$0.99 (10/23/2025)","$0.99","$0.99","$0.99","0.00","1","$0.99"
"Ninjask 2025 Mega Evolution #017/132 Reverse Holo Raw TCG (Near Mint)","0.00","$0.00","$1.99","$1.99 (10/24/2025)","$1.62","$0.99","$2.19","0.00","11","$17.79"
"Tangrowth 2025 Mega Evolution #007/132 Reverse Holo Raw TCG (Near Mint)","0.00","$0.00","$1.48","$1.48 (10/21/2025)","$1.39","$0.99","$1.98","0.00","10","$13.86"
"Toxicroak 2025 Mega Evolution #079/132 Base Raw TCG (Near Mint)","0.00","$0.00","$1.49","$1.49 (10/08/2025)","$1.49","$1.49","$1.49","0.00","1","$1.49"
"Yungoos 2025 Mega Evolution #109/132 Reverse Holo Raw TCG (Near Mint)","0.00","$0.00","$2.99","$2.99 (10/02/2025)","$2.70","$1.79","$2.99","0.00","6","$16.22"
"Gholdengo 2025 Mega Evolution #099/132 Base Raw TCG (Near Mint)","0.00","$0.00","$0.97","$0.97 (09/27/2025)","$0.97","$0.97","$0.97","0.00","1","$0.97"
"Gholdengo 2025 Mega Evolution #099/132 Reverse Holo Raw TCG (Near Mint)","0.00","$0.00","$0.99","$0.99 (10/11/2025)","$1.66","$0.99","$2.49","0.00","6","$9.94"
"Mega Signal 2025 Mega Evolution #121/132 Base Raw TCG (Near Mint)","0.00","$0.00","$1.16","$1.16 (10/24/2025)","$1.26","$1.16","$1.45","166.67","8","$10.12"
"Genesect ex 2025 Japanese Scarlet & Violet: Black Bolt #069/086 Double Rare Raw TCG (Near Mint)","0.00","$0.00","$2.22","$2.22 (10/06/2025)","$1.96","$1.45","$2.22","50.00","3","$5.89"
"Kyurem ex 2025 Japanese Scarlet & Violet: Black Bolt #031/086 Double Rare Raw TCG (Near Mint)","0.00","$0.00","$3.49","$3.49 (10/07/2025)","$3.49","$3.49","$3.49","0.00","1","$3.49"
"Meloetta ex 2025 Japanese Scarlet & Violet: Black Bolt #047/086 Double Rare Raw TCG (Near Mint)","0.00","$0.00","$1.50","$1.50 (10/16/2025)","$1.82","$1.50","$2.14","100.00","4","$7.27"
"Snivy 2025 Japanese Scarlet & Violet: Black Bolt #001/086 Reverse Holo Raw TCG (Near Mint)","0.00","$0.00","$1.79","$1.79 (10/08/2025)","$1.79","$1.79","$1.79","-50.00","1","$1.79"
"Reuniclus 2025 Japanese Scarlet & Violet: Black Bolt #042/086 Reverse Holo Raw TCG (Near Mint)","0.00","$0.00","$1.79","$1.79 (10/08/2025)","$1.79","$1.79","$1.79","-50.00","1","$1.79"
"Reuniclus 2025 Japanese Scarlet & Violet: Black Bolt #042/086 Master Ball Reverse Holo Raw TCG (Near Mint)","0.00","$0.00","$3.00","$3.00 (10/19/2025)","$3.00","$3.00","$3.00","0.00","1","$3.00"
"Cobalion 2025 Japanese Scarlet & Violet: Black Bolt #068/086 Holo Raw TCG (Near Mint)","0.00","$0.00","$0.99","$0.99 (10/03/2025)","$0.99","$0.99","$0.99","0.00","1","$0.99"
"Darmanitan 2025 Japanese Scarlet & Violet: Black Bolt #014/086 Reverse Holo Raw TCG (Near Mint)","0.00","$0.00","$1.79","$1.79 (10/08/2025)","$1.79","$1.79","$1.79","-75.00","1","$1.79"
"Timburr 2025 Japanese Scarlet & Violet: Black Bolt #050/086 Reverse Holo Raw TCG (Near Mint)","0.00","$0.00","$1.79","$1.79 (10/08/2025)","$1.79","$1.79","$1.79","0.00","1","$1.79"
"Haxorus 2025 Japanese Scarlet & Violet: Black Bolt #152/086 Art Rare Raw TCG (Near Mint)","0.00","$0.00","$6.69","$6.69 (10/24/2025)","$7.06","$4.50","$10.50","-59.18","20","$141.23"
"Karrablast 2025 Japanese Scarlet & Violet: Black Bolt #009/086 Reverse Holo Raw TCG (Near Mint)","0.00","$0.00","$1.79","$1.79 (10/08/2025)","$1.79","$1.79","$1.79","0.00","1","$1.79"
"Amoonguss 2025 Japanese Scarlet & Violet: Black Bolt #011/086 Master Ball Reverse Holo Raw TCG (Near Mint)","0.00","$0.00","$24.05","$24.05 (10/09/2025)","$24.05","$24.05","$24.05","-75.00","1","$24.05"
"Larvesta 2025 Japanese Scarlet & Violet: Black Bolt #103/086 Art Rare Raw TCG (Near Mint)","0.00","$0.00","$6.05","$6.05 (10/23/2025)","$6.00","$3.94","$8.36","19.05","25","$150.07"
"Larvesta 2025 Japanese Scarlet & Violet: Black Bolt #018/086 Master Ball Reverse Holo Raw TCG (Near Mint)","0.00","$0.00","$5.99","$5.99 (10/09/2025)","$5.99","$5.99","$5.99","-50.00","1","$5.99"
"Seismitoad 2025 Japanese Scarlet & Violet: Black Bolt #024/086 Reverse Holo Raw TCG (Near Mint)","0.00","$0.00","$1.79","$1.79 (09/26/2025)","$1.79","$1.79","$1.79","0.00","1","$1.79"
"Carracosta 2025 Japanese Scarlet & Violet: Black Bolt #026/086 Holo Raw TCG (Near Mint)","0.00","$0.00","$0.99","$0.99 (10/03/2025)","$0.99","$0.99","$0.99","0.00","1","$0.99"
"Carracosta 2025 Japanese Scarlet & Violet: Black Bolt #026/086 Master Ball Reverse Holo Raw TCG (Near Mint)","0.00","$0.00","$3.99","$3.99 (10/24/2025)","$3.99","$3.99","$3.99","0.00","1","$3.99"
"Cryogonal 2025 Japanese Scarlet & Violet: Black Bolt #030/086 Reverse Holo Raw TCG (Near Mint)","0.00","$0.00","$1.79","$1.79 (10/08/2025)","$1.79","$1.79","$1.79","0.00","1","$1.79"
"Tynamo 2025 Japanese Scarlet & Violet: Black Bolt #033/086 Reverse Holo Raw TCG (Near Mint)","0.00","$0.00","$2.39","$2.39 (10/08/2025)","$2.39","$2.39","$2.39","0.00","1","$2.39"
"Beheeyem 2025 Japanese Scarlet & Violet: Black Bolt #044/086 Reverse Holo Raw TCG (Near Mint)","0.00","$0.00","$1.79","$1.79 (10/08/2025)","$1.79","$1.79","$1.79","0.00","1","$1.79"
"Conkeldurr 2025 Japanese Scarlet & Violet: Black Bolt #133/086 Art Rare Raw TCG (Near Mint)","0.00","$0.00","$6.74","$6.74 (10/23/2025)","$5.64","$3.50","$6.74","-57.58","14","$78.94"
"Golett 2025 Japanese Scarlet & Violet: Black Bolt #045/086 Base Raw TCG (Near Mint)","0.00","$0.00","$1.79","$1.79 (10/12/2025)","$1.79","$1.79","$1.79","0.00","1","$1.79"
"Golett 2025 Japanese Scarlet & Violet: Black Bolt #045/086 Reverse Holo Raw TCG (Near Mint)","0.00","$0.00","$2.61","$2.61 (09/25/2025)","$2.61","$2.61","$2.61","0.00","1","$2.61"
"Simisage 2025 Japanese Scarlet & Violet: Black Bolt #005/086 Reverse Holo Raw TCG (Near Mint)","0.00","$0.00","$1.79","$1.79 (10/08/2025)","$1.79","$1.79","$1.79","-50.00","1","$1.79"
"Simisage 2025 Japanese Scarlet & Violet: Black Bolt #005/086 Master Ball Reverse Holo Raw TCG (Near Mint)","0.00","$0.00","$4.86","$4.86 (10/24/2025)","$4.86","$4.86","$4.86","-50.00","1","$4.86"
"Petilil 2025 Japanese Scarlet & Violet: Black Bolt #006/086 Reverse Holo Raw TCG (Near Mint)","0.00","$0.00","$1.79","$1.79 (10/08/2025)","$1.79","$1.79","$1.79","-80.00","1","$1.79"
"Simipour 2025 Japanese Scarlet & Violet: Black Bolt #106/086 Art Rare Raw TCG (Near Mint)","0.00","$0.00","$6.70","$6.70 (10/23/2025)","$5.40","$2.79","$8.30","7.14","15","$81.07"
"Duosion 2025 Japanese Scarlet & Violet: Black Bolt #041/086 Reverse Holo Raw TCG (Near Mint)","0.00","$0.00","$1.79","$1.79 (10/08/2025)","$1.79","$1.79","$1.79","0.00","1","$1.79"
"Duosion 2025 Japanese Scarlet & Violet: Black Bolt #041/086 Master Ball Reverse Holo Raw TCG (Near Mint)","0.00","$0.00","$5.99","$5.99 (09/30/2025)","$5.99","$5.99","$5.99","-50.00","1","$5.99"
"Gurdurr 2025 Japanese Scarlet & Violet: Black Bolt #132/086 Art Rare Raw TCG (Near Mint)","0.00","$0.00","$4.71","$4.71 (10/20/2025)","$4.70","$3.99","$5.75","33.33","16","$75.26"
"Krokorok 2025 Japanese Scarlet & Violet: Black Bolt #061/086 Reverse Holo Raw TCG (Near Mint)","0.00","$0.00","$1.99","$1.99 (10/10/2025)","$1.99","$1.99","$1.99","0.00","1","$1.99"
"Excadrill ex 2025 Japanese Scarlet & Violet: Black Bolt #049/086 Double Rare Raw TCG (Near Mint)","0.00","$0.00","$1.62","$1.62 (10/20/2025)","$1.62","$1.62","$1.62","100.00","2","$3.24"
"Fennel 2025 Japanese Scarlet & Violet: Black Bolt #085/086 Reverse Holo Raw TCG (Near Mint)","0.00","$0.00","$1.25","$1.25 (10/05/2025)","$1.25","$1.25","$1.25","0.00","2","$2.50"
"Druddigon 2025 Japanese Scarlet & Violet: White Flare #069/086 Reverse Holo Raw TCG (Near Mint)","0.00","$0.00","$2.00","$2.00 (10/19/2025)","$2.00","$2.00","$2.00","0.00","1","$2.00"
"Liepard 2025 Japanese Scarlet & Violet: White Flare #053/086 Master Ball Reverse Holo Raw TCG (Near Mint)","0.00","$0.00","$3.49","$3.49 (10/10/2025)","$3.49","$3.49","$3.49","0.00","1","$3.49"
"Oshawott 2025 Japanese Scarlet & Violet: White Flare #018/086 Base Raw TCG (Near Mint)","0.00","$0.00","$1.50","$1.50 (10/15/2025)","$1.50","$1.50","$1.50","-50.00","1","$1.50"
"Oshawott 2025 Japanese Scarlet & Violet: White Flare #018/086 Reverse Holo Raw TCG (Near Mint)","0.00","$0.00","$1.62","$1.62 (10/16/2025)","$1.62","$1.62","$1.62","-50.00","1","$1.62"
"Ducklett 2025 Japanese Scarlet & Violet: White Flare #022/086 Reverse Holo Raw TCG (Near Mint)","0.00","$0.00","$2.00","$2.00 (10/19/2025)","$2.00","$2.00","$2.00","0.00","1","$2.00"
"Ducklett 2025 Japanese Scarlet & Violet: White Flare #022/086 Master Ball Reverse Holo Raw TCG (Near Mint)","0.00","$0.00","$9.30","$9.30 (10/09/2025)","$9.30","$9.30","$9.30","-50.00","1","$9.30"
"Swanna 2025 Japanese Scarlet & Violet: White Flare #023/086 Base Raw TCG (Near Mint)","0.00","$0.00","$1.79","$1.79 (10/06/2025)","$1.79","$1.79","$1.79","0.00","1","$1.79"
"Scrafty 2025 Japanese Scarlet & Violet: White Flare #055/086 Reverse Holo Raw TCG (Near Mint)","0.00","$0.00","$1.79","$1.79 (10/08/2025)","$1.79","$1.79","$1.79","0.00","1","$1.79"
"Hydreigon ex 2025 Japanese Scarlet & Violet: White Flare #062/086 Double Rare Raw TCG (Near Mint)","0.00","$0.00","$2.00","$2.00 (10/19/2025)","$2.00","$2.00","$2.00","0.00","1","$2.00"
"Hydreigon ex 2025 Japanese Scarlet & Violet: White Flare #171/086 Special Art Rare Raw TCG (Near Mint)","0.00","$0.00","$36.84","$36.84 (10/24/2025)","$38.27","$23.50","$49.99","-8.33","22","$841.91"
"Stunfisk 2025 Japanese Scarlet & Violet: White Flare #032/086 Reverse Holo Raw TCG (Near Mint)","0.00","$0.00","$2.10","$2.10 (10/19/2025)","$2.10","$2.10","$2.10","0.00","1","$2.10"
"Stunfisk 2025 Japanese Scarlet & Violet: White Flare #032/086 Master Ball Reverse Holo Raw TCG (Near Mint)","0.00","$0.00","$4.25","$4.25 (10/10/2025)","$4.25","$4.25","$4.25","0.00","1","$4.25"
"Purrloin 2025 Japanese Scarlet & Violet: White Flare #052/086 Reverse Holo Raw TCG (Near Mint)","0.00","$0.00","$1.79","$1.79 (10/08/2025)","$1.79","$1.79","$1.79","0.00","1","$1.79"
"Virizion 2025 Japanese Scarlet & Violet: White Flare #010/086 Master Ball Reverse Holo Raw TCG (Near Mint)","0.00","$0.00","$8.00","$8.00 (10/05/2025)","$8.00","$8.00","$8.00","-50.00","1","$8.00"
"Terrakion 2025 Japanese Scarlet & Violet: White Flare #051/086 Master Ball Reverse Holo Raw TCG (Near Mint)","0.00","$0.00","$3.25","$3.25 (10/10/2025)","$3.25","$3.25","$3.25","0.00","1","$3.25"
"Cheren 2025 Japanese Scarlet & Violet: White Flare #084/086 Reverse Holo Raw TCG (Near Mint)","0.00","$0.00","$1.79","$1.79 (10/08/2025)","$1.79","$1.79","$1.79","0.00","1","$1.79"
"Zoroark 2025 Japanese Scarlet & Violet: White Flare #059/086 Reverse Holo Raw TCG (Near Mint)","0.00","$0.00","$1.79","$1.79 (09/26/2025)","$1.79","$1.79","$1.79","0.00","1","$1.79"
"Tornadus 2025 Japanese Scarlet & Violet: White Flare #078/086 Reverse Holo Raw TCG (Near Mint)","0.00","$0.00","$3.74","$3.74 (10/09/2025)","$3.74","$3.74","$3.74","-66.67","1","$3.74"
"Blitzle 2025 Japanese Scarlet & Violet: White Flare #028/086 Reverse Holo Raw TCG (Near Mint)","0.00","$0.00","$1.79","$1.79 (10/08/2025)","$1.79","$1.79","$1.79","0.00","1","$1.79"
"Joltik 2025 Japanese Scarlet & Violet: White Flare #030/086 Master Ball Reverse Holo Raw TCG (Near Mint)","0.00","$0.00","$5.00","$5.00 (10/01/2025)","$5.00","$5.00","$5.00","0.00","1","$5.00"
"Galvantula 2025 Japanese Scarlet & Violet: White Flare #031/086 Reverse Holo Raw TCG (Near Mint)","0.00","$0.00","$1.79","$1.79 (10/08/2025)","$1.79","$1.79","$1.79","0.00","1","$1.79"
"Galvantula 2025 Japanese Scarlet & Violet: White Flare #031/086 Master Ball Reverse Holo Raw TCG (Near Mint)","0.00","$0.00","$3.99","$3.99 (10/10/2025)","$3.99","$3.99","$3.99","0.00","1","$3.99"
"Shelmet 2025 Japanese Scarlet & Violet: White Flare #008/086 Master Ball Reverse Holo Raw TCG (Near Mint)","0.00","$0.00","$4.95","$4.95 (10/10/2025)","$4.95","$4.95","$4.95","-50.00","1","$4.95"
"Accelgor 2025 Japanese Scarlet & Violet: White Flare #009/086 Master Ball Reverse Holo Raw TCG (Near Mint)","0.00","$0.00","$3.95","$3.95 (10/10/2025)","$3.95","$3.95","$3.95","-50.00","1","$3.95"
"Frillish 2025 Japanese Scarlet & Violet: White Flare #124/086 Art Rare Raw TCG (Near Mint)","0.00","$0.00","$8.98","$8.98 (10/23/2025)","$7.84","$2.31","$8.98","-26.67","11","$86.22"
"Yamask 2025 Japanese Scarlet & Violet: White Flare #036/086 Reverse Holo Raw TCG (Near Mint)","0.00","$0.00","$1.79","$1.79 (10/08/2025)","$1.79","$1.79","$1.79","0.00","1","$1.79"
"Cofagrigus 2025 Japanese Scarlet & Violet: White Flare #037/086 Holo Raw TCG (Near Mint)","0.00","$0.00","$0.99","$0.99 (10/19/2025)","$0.99","$0.99","$0.99","0.00","1","$0.99"
"Durant 2025 Japanese Scarlet & Violet: White Flare #068/086 Master Ball Reverse Holo Raw TCG (Near Mint)","0.00","$0.00","$3.58","$3.58 (10/09/2025)","$3.58","$3.58","$3.58","0.00","1","$3.58"
"Swadloon 2025 Japanese Scarlet & Violet: White Flare #002/086 Reverse Holo Raw TCG (Near Mint)","0.00","$0.00","$1.79","$1.79 (10/08/2025)","$1.79","$1.79","$1.79","0.00","1","$1.79"
"Basculin 2025 Japanese Scarlet & Violet: White Flare #021/086 Reverse Holo Raw TCG (Near Mint)","0.00","$0.00","$2.00","$2.00 (10/19/2025)","$2.00","$2.00","$2.00","0.00","1","$2.00"
"Zebstrika 2025 Japanese Scarlet & Violet: White Flare #029/086 Reverse Holo Raw TCG (Near Mint)","0.00","$0.00","$1.79","$1.79 (10/08/2025)","$1.79","$1.79","$1.79","0.00","1","$1.79"
"Scraggy 2025 Japanese Scarlet & Violet: White Flare #054/086 Reverse Holo Raw TCG (Near Mint)","0.00","$0.00","$1.79","$1.79 (10/08/2025)","$1.79","$1.79","$1.79","0.00","1","$1.79"
"Klinklang 2025 Japanese Scarlet & Violet: White Flare #067/086 Holo Raw TCG (Near Mint)","0.00","$0.00","$0.99","$0.99 (10/03/2025)","$0.99","$0.99","$0.99","0.00","1","$0.99"
"Lillipup 2025 Japanese Scarlet & Violet: White Flare #072/086 Base Raw TCG (Near Mint)","0.00","$0.00","$1.79","$1.79 (10/10/2025)","$1.79","$1.79","$1.79","0.00","1","$1.79"
"Lillipup 2025 Japanese Scarlet & Violet: White Flare #072/086 Master Ball Reverse Holo Raw TCG (Near Mint)","0.00","$0.00","$4.69","$4.69 (10/10/2025)","$4.69","$4.69","$4.69","0.00","1","$4.69"
"Cottonee 2025 Japanese Scarlet & Violet: White Flare #004/086 Master Ball Reverse Holo Raw TCG (Near Mint)","0.00","$0.00","$3.99","$3.99 (10/05/2025)","$3.99","$3.99","$3.99","-75.00","1","$3.99"
"Whimsicott ex 2025 Japanese Scarlet & Violet: White Flare #005/086 Double Rare Raw TCG (Near Mint)","0.00","$0.00","$2.00","$2.00 (10/19/2025)","$2.00","$2.00","$2.00","-90.91","1","$2.00"
"Whimsicott ex 2025 Japanese Scarlet & Violet: White Flare #159/086 Super Rare (Full Art) Raw TCG (Near Mint)","0.00","$0.00","$3.96","$3.96 (10/09/2025)","$3.96","$3.94","$3.99","-33.33","2","$7.93"
"Jellicent ex 2025 Japanese Scarlet & Violet: White Flare #042/086 Double Rare Raw TCG (Near Mint)","0.00","$0.00","$1.70","$1.70 (09/25/2025)","$1.70","$1.70","$1.70","-50.00","1","$1.70"
"Bouffalant ex 2025 Japanese Scarlet & Violet: White Flare #075/086 Double Rare Raw TCG (Near Mint)","0.00","$0.00","$1.79","$1.79 (09/27/2025)","$1.79","$1.79","$1.79","0.00","1","$1.79"
"Harlequin 2025 Japanese Scarlet & Violet: White Flare #083/086 Reverse Holo Raw TCG (Near Mint)","0.00","$0.00","$1.79","$1.79 (10/08/2025)","$1.79","$1.79","$1.79","0.00","1","$1.79"
"Hilda 2025 Japanese Scarlet & Violet: White Flare #085/086 Reverse Holo Raw TCG (Near Mint)","0.00","$0.00","$5.40","$5.40 (10/08/2025)","$5.40","$5.40","$5.40","0.00","1","$5.40"
"Hilda 2025 Japanese Scarlet & Violet: White Flare #173/086 Special Art Rare Raw TCG (Near Mint)","0.00","$0.00","$60.00","$60.00 (10/24/2025)","$63.30","$55.00","$83.52","-73.68","5","$316.52"
"Pignite 2025 Japanese Scarlet & Violet: White Flare #012/086 Master Ball Reverse Holo Raw TCG (Near Mint)","0.00","$0.00","$3.79","$3.79 (09/29/2025)","$3.79","$3.79","$3.79","-75.00","1","$3.79"
"Brave Bangle 2025 Japanese Scarlet & Violet: White Flare #082/086 Reverse Holo Raw TCG (Near Mint)","0.00","$0.00","$3.08","$3.08 (10/16/2025)","$3.08","$2.15","$4.00","0.00","2","$6.15"
"Pokegear 3.0 2025 Scarlet & Violet: Black Bolt #084/086 Base Raw TCG (Near Mint)","0.00","$0.00","$1.16","$1.16 (10/11/2025)","$1.25","$1.16","$1.42","0.00","3","$3.74"
"Cinccino 2025 Scarlet & Violet: Black Bolt #076/086 Reverse Holo Raw TCG (Near Mint)","0.00","$0.00","$1.44","$1.44 (10/24/2025)","$1.44","$1.44","$1.44","0.00","3","$4.32"
"Sandile 2025 Scarlet & Violet: Black Bolt #057/086 Base Raw TCG (Near Mint)","0.00","$0.00","$0.99","$0.99 (10/22/2025)","$0.99","$0.99","$0.99","0.00","1","$0.99"
"Air Balloon 2025 Scarlet & Violet: Black Bolt #079/086 Poke Ball Reverse Holo Raw TCG (Near Mint)","0.00","$0.00","$4.00","$4.00 (10/17/2025)","$5.64","$1.99","$9.11","-37.50","5","$28.21"
"Snivy 2025 Scarlet & Violet: Black Bolt #001/086 Poke Ball Reverse Holo Raw TCG (Near Mint)","0.00","$0.00","$2.63","$2.63 (10/09/2025)","$2.63","$2.63","$2.63","0.00","1","$2.63"
"Audino 2025 Scarlet & Violet: Black Bolt #074/086 Reverse Holo Raw TCG (Near Mint)","0.00","$0.00","$1.29","$1.29 (10/05/2025)","$1.29","$1.29","$1.29","0.00","2","$2.58"
"Emolga 2025 Scarlet & Violet: Black Bolt #029/086 Master Ball Reverse Holo Raw TCG (Near Mint)","0.00","$0.00","$5.99","$5.99 (10/15/2025)","$5.99","$5.99","$5.99","-87.50","1","$5.99"
"Golurk 2025 Scarlet & Violet: Black Bolt #043/086 Reverse Holo Raw TCG (Near Mint)","0.00","$0.00","$0.99","$0.99 (10/19/2025)","$0.99","$0.99","$0.99","0.00","1","$0.99"
"Reuniclus 2025 Scarlet & Violet: Black Bolt #039/086 Reverse Holo Raw TCG (Near Mint)","0.00","$0.00","$1.00","$1.00 (10/12/2025)","$1.00","$1.00","$1.00","0.00","1","$1.00"
"Krookodile 2025 Scarlet & Violet: Black Bolt #059/086 Master Ball Reverse Holo Raw TCG (Near Mint)","0.00","$0.00","$5.95","$5.95 (10/10/2025)","$5.95","$5.95","$5.95","-75.00","1","$5.95"
"Victini 2025 Scarlet & Violet: Black Bolt #012/086 Holo Raw TCG (Near Mint)","0.00","$0.00","$2.29","$2.29 (10/16/2025)","$2.29","$2.29","$2.29","-66.67","1","$2.29"
"Victini 2025 Scarlet & Violet: Black Bolt #012/086 Poke Ball Reverse Holo Raw TCG (Near Mint)","0.00","$0.00","$1.83","$1.83 (09/28/2025)","$1.83","$1.83","$1.83","0.00","1","$1.83"
"Cobalion 2025 Scarlet & Violet: Black Bolt #066/086 Holo Raw TCG (Near Mint)","0.00","$0.00","$0.99","$0.99 (10/16/2025)","$0.99","$0.99","$0.99","-75.00","1","$0.99"
"Pawniard 2025 Scarlet & Violet: Black Bolt #064/086 Base Raw TCG (Near Mint)","0.00","$0.00","$0.99","$0.99 (09/30/2025)","$0.99","$0.99","$0.99","0.00","1","$0.99"
"Pawniard 2025 Scarlet & Violet: Black Bolt #064/086 Reverse Holo Raw TCG (Near Mint)","0.00","$0.00","$0.99","$0.99 (10/19/2025)","$0.99","$0.99","$0.99","0.00","1","$0.99"
"Bisharp 2025 Scarlet & Violet: Black Bolt #065/086 Reverse Holo Raw TCG (Near Mint)","0.00","$0.00","$1.00","$1.00 (10/11/2025)","$1.00","$1.00","$1.00","0.00","1","$1.00"
"Eelektross 2025 Scarlet & Violet: Black Bolt #032/086 Reverse Holo Raw TCG (Near Mint)","0.00","$0.00","$1.95","$1.95 (10/02/2025)","$1.95","$1.95","$1.95","-50.00","1","$1.95"
"Eelektross 2025 Scarlet & Violet: Black Bolt #032/086 Poke Ball Reverse Holo Raw TCG (Near Mint)","0.00","$0.00","$4.06","$4.06 (10/18/2025)","$4.06","$4.06","$4.06","-83.33","1","$4.06"
"Haxorus 2025 Scarlet & Violet: Black Bolt #070/086 Holo Raw TCG (Near Mint)","0.00","$0.00","$1.49","$1.49 (10/16/2025)","$1.49","$1.49","$1.49","-88.89","1","$1.49"
"Dwebble 2025 Scarlet & Violet: Black Bolt #051/086 Base Raw TCG (Near Mint)","0.00","$0.00","$1.33","$1.33 (10/07/2025)","$1.33","$1.33","$1.34","0.00","2","$2.67"
"Dwebble 2025 Scarlet & Violet: Black Bolt #051/086 Poke Ball Reverse Holo Raw TCG (Near Mint)","0.00","$0.00","$1.49","$1.49 (09/29/2025)","$1.49","$1.49","$1.49","-66.67","1","$1.49"
"Karrablast 2025 Scarlet & Violet: Black Bolt #009/086 Master Ball Reverse Holo Raw TCG (Near Mint)","0.00","$0.00","$6.42","$6.42 (10/13/2025)","$6.42","$6.42","$6.42","-66.67","1","$6.42"
"Foongus 2025 Scarlet & Violet: Black Bolt #095/086 Illustration Rare Raw TCG (Near Mint)","0.00","$0.00","$10.23","$10.23 (10/10/2025)","$10.23","$10.23","$10.23","-94.12","1","$10.23"
"Amoonguss 2025 Scarlet & Violet: Black Bolt #011/086 Reverse Holo Raw TCG (Near Mint)","0.00","$0.00","$2.63","$2.63 (10/09/2025)","$2.63","$2.63","$2.63","0.00","1","$2.63"
"Amoonguss 2025 Scarlet & Violet: Black Bolt #011/086 Poke Ball Reverse Holo Raw TCG (Near Mint)","0.00","$0.00","$2.63","$2.63 (10/09/2025)","$2.63","$2.63","$2.63","-50.00","1","$2.63"
"Larvesta 2025 Scarlet & Violet: Black Bolt #015/086 Reverse Holo Raw TCG (Near Mint)","0.00","$0.00","$2.65","$2.65 (10/16/2025)","$2.65","$2.65","$2.65","-66.67","1","$2.65"
"Tirtouga 2025 Scarlet & Violet: Black Bolt #022/086 Base Raw TCG (Near Mint)","0.00","$0.00","$0.99","$0.99 (10/05/2025)","$0.99","$0.99","$0.99","0.00","1","$0.99"
"Carracosta 2025 Scarlet & Violet: Black Bolt #023/086 Master Ball Reverse Holo Raw TCG (Near Mint)","0.00","$0.00","$9.99","$9.99 (10/02/2025)","$9.99","$9.99","$9.99","-85.71","1","$9.99"
"Tynamo 2025 Scarlet & Violet: Black Bolt #030/086 Base Raw TCG (Near Mint)","0.00","$0.00","$0.99","$0.99 (09/26/2025)","$0.99","$0.99","$0.99","0.00","1","$0.99"
"Beheeyem 2025 Scarlet & Violet: Black Bolt #041/086 Reverse Holo Raw TCG (Near Mint)","0.00","$0.00","$2.13","$2.13 (10/12/2025)","$2.13","$2.13","$2.13","0.00","1","$2.13"
"Beheeyem 2025 Scarlet & Violet: Black Bolt #041/086 Poke Ball Reverse Holo Raw TCG (Near Mint)","0.00","$0.00","$3.49","$3.49 (10/16/2025)","$3.49","$3.49","$3.49","-66.67","1","$3.49"
"Golett 2025 Scarlet & Violet: Black Bolt #042/086 Reverse Holo Raw TCG (Near Mint)","0.00","$0.00","$1.59","$1.59 (10/16/2025)","$1.59","$1.59","$1.59","0.00","1","$1.59"
"Landorus 2025 Scarlet & Violet: Black Bolt #053/086 Poke Ball Reverse Holo Raw TCG (Near Mint)","0.00","$0.00","$2.55","$2.55 (10/09/2025)","$2.55","$2.55","$2.55","0.00","2","$5.10"
"Pansage 2025 Scarlet & Violet: Black Bolt #089/086 Illustration Rare Raw TCG (Near Mint)","0.00","$0.00","$7.99","$7.99 (10/03/2025)","$7.99","$7.99","$7.99","-87.50","2","$15.98"
"Lilligant 2025 Scarlet & Violet: Black Bolt #007/086 Base Raw TCG (Near Mint)","0.00","$0.00","$0.99","$0.99 (10/05/2025)","$0.99","$0.99","$0.99","-50.00","1","$0.99"
"Lilligant 2025 Scarlet & Violet: Black Bolt #007/086 Master Ball Reverse Holo Raw TCG (Near Mint)","0.00","$0.00","$8.72","$8.72 (10/05/2025)","$8.72","$8.72","$8.72","0.00","1","$8.72"
"Cubchoo 2025 Scarlet & Violet: Black Bolt #025/086 Base Raw TCG (Near Mint)","0.00","$0.00","$0.99","$0.99 (10/05/2025)","$0.99","$0.99","$0.99","0.00","1","$0.99"
"Cubchoo 2025 Scarlet & Violet: Black Bolt #025/086 Reverse Holo Raw TCG (Near Mint)","0.00","$0.00","$1.95","$1.95 (10/10/2025)","$1.95","$1.95","$1.95","0.00","1","$1.95"
"Beartic 2025 Scarlet & Violet: Black Bolt #026/086 Reverse Holo Raw TCG (Near Mint)","0.00","$0.00","$1.75","$1.75 (10/10/2025)","$1.75","$1.75","$1.75","0.00","1","$1.75"
"Tranquill 2025 Scarlet & Violet: Black Bolt #072/086 Reverse Holo Raw TCG (Near Mint)","0.00","$0.00","$0.99","$0.99 (10/18/2025)","$1.26","$0.99","$1.75","100.00","4","$5.02"
"Unfezant 2025 Scarlet & Violet: Black Bolt #073/086 Reverse Holo Raw TCG (Near Mint)","0.00","$0.00","$2.13","$2.13 (10/13/2025)","$2.13","$2.13","$2.13","0.00","1","$2.13"
"Panpour 2025 Scarlet & Violet: Black Bolt #017/086 Base Raw TCG (Near Mint)","0.00","$0.00","$0.99","$0.99 (10/05/2025)","$0.99","$0.99","$0.99","-50.00","1","$0.99"
"Simipour 2025 Scarlet & Violet: Black Bolt #018/086 Base Raw TCG (Near Mint)","0.00","$0.00","$0.99","$0.99 (10/10/2025)","$0.99","$0.99","$0.99","0.00","1","$0.99"
"Simipour 2025 Scarlet & Violet: Black Bolt #018/086 Reverse Holo Raw TCG (Near Mint)","0.00","$0.00","$1.75","$1.75 (10/20/2025)","$1.50","$1.00","$1.75","200.00","3","$4.50"
"Munna 2025 Scarlet & Violet: Black Bolt #035/086 Reverse Holo Raw TCG (Near Mint)","0.00","$0.00","$2.13","$2.13 (10/13/2025)","$2.13","$2.13","$2.13","0.00","1","$2.13"
"Duosion 2025 Scarlet & Violet: Black Bolt #038/086 Reverse Holo Raw TCG (Near Mint)","0.00","$0.00","$1.59","$1.59 (10/10/2025)","$1.59","$1.59","$1.59","0.00","1","$1.59"
"Gurdurr 2025 Scarlet & Violet: Black Bolt #048/086 Base Raw TCG (Near Mint)","0.00","$0.00","$1.00","$1.00 (09/29/2025)","$1.00","$1.00","$1.00","-50.00","1","$1.00"
"Gurdurr 2025 Scarlet & Violet: Black Bolt #048/086 Reverse Holo Raw TCG (Near Mint)","0.00","$0.00","$1.34","$1.34 (10/12/2025)","$1.34","$1.34","$1.34","0.00","1","$1.34"
"Krokorok 2025 Scarlet & Violet: Black Bolt #058/086 Master Ball Reverse Holo Raw TCG (Near Mint)","0.00","$0.00","$5.99","$5.99 (10/09/2025)","$5.99","$5.99","$5.99","-80.00","1","$5.99"
"Klang 2025 Scarlet & Violet: Black Bolt #062/086 Reverse Holo Raw TCG (Near Mint)","0.00","$0.00","$1.99","$1.99 (10/10/2025)","$1.99","$1.99","$1.99","0.00","1","$1.99"
"Klang 2025 Scarlet & Violet: Black Bolt #062/086 Master Ball Reverse Holo Raw TCG (Near Mint)","0.00","$0.00","$2.99","$2.99 (10/12/2025)","$4.13","$2.99","$6.41","50.00","3","$12.39"
"Klinklang 2025 Scarlet & Violet: Black Bolt #063/086 Reverse Holo Raw TCG (Near Mint)","0.00","$0.00","$1.14","$1.14 (10/23/2025)","$1.14","$1.14","$1.14","100.00","2","$2.28"
"Alomomola 2025 Scarlet & Violet: Black Bolt #024/086 Base Raw TCG (Near Mint)","0.00","$0.00","$0.99","$0.99 (10/04/2025)","$0.99","$0.99","$0.99","0.00","1","$0.99"
"Maractus 2025 Scarlet & Violet: Black Bolt #008/086 Reverse Holo Raw TCG (Near Mint)","0.00","$0.00","$2.24","$2.24 (10/15/2025)","$2.24","$2.24","$2.24","0.00","1","$2.24"
"Venipede 2025 Scarlet & Violet: Black Bolt #054/086 Reverse Holo Raw TCG (Near Mint)","0.00","$0.00","$1.00","$1.00 (10/12/2025)","$1.00","$1.00","$1.00","0.00","1","$1.00"
"Venipede 2025 Scarlet & Violet: Black Bolt #132/086 Illustration Rare Raw TCG (Near Mint)","0.00","$0.00","$6.99","$6.99 (10/24/2025)","$6.22","$0.99","$8.43","-25.00","30","$186.56"
"Whirlipede 2025 Scarlet & Violet: Black Bolt #055/086 Base Raw TCG (Near Mint)","0.00","$0.00","$0.99","$0.99 (10/05/2025)","$0.99","$0.99","$0.99","0.00","1","$0.99"
"Whirlipede 2025 Scarlet & Violet: Black Bolt #055/086 Master Ball Reverse Holo Raw TCG (Near Mint)","0.00","$0.00","$5.00","$5.00 (10/23/2025)","$5.24","$4.50","$6.39","0.00","6","$31.44"
"Scolipede 2025 Scarlet & Violet: Black Bolt #056/086 Base Raw TCG (Near Mint)","0.00","$0.00","$0.99","$0.99 (10/05/2025)","$0.99","$0.99","$0.99","0.00","1","$0.99"
"Scolipede 2025 Scarlet & Violet: Black Bolt #056/086 Reverse Holo Raw TCG (Near Mint)","0.00","$0.00","$1.00","$1.00 (10/24/2025)","$1.00","$1.00","$1.00","0.00","1","$1.00"
"Antique Cover Fossil 2025 Scarlet & Violet: Black Bolt #080/086 Poke Ball Reverse Holo Raw TCG (Near Mint)","0.00","$0.00","$2.63","$2.63 (10/09/2025)","$2.63","$2.63","$2.63","-66.67","1","$2.63"
"Serperior ex 2025 Scarlet & Violet: Black Bolt #003/086 Double Rare Raw TCG (Near Mint)","0.00","$0.00","$1.45","$1.45 (10/23/2025)","$1.45","$1.45","$1.45","40.00","7","$10.15"
"Fennel 2025 Scarlet & Violet: Black Bolt #082/086 Reverse Holo Raw TCG (Near Mint)","0.00","$0.00","$1.75","$1.75 (10/08/2025)","$1.75","$1.75","$1.75","-50.00","1","$1.75"
"Garbodor 2025 Scarlet & Violet: White Flare #060/086 Reverse Holo Raw TCG (Near Mint)","0.00","$0.00","$1.99","$1.99 (10/13/2025)","$1.99","$1.99","$1.99","0.00","2","$3.98"
"Druddigon 2025 Scarlet & Violet: White Flare #071/086 Master Ball Reverse Holo Raw TCG (Near Mint)","0.00","$0.00","$13.12","$13.12 (09/27/2025)","$13.12","$13.12","$13.12","-83.33","1","$13.12"
"Oshawott 2025 Scarlet & Violet: White Flare #021/086 Base Raw TCG (Near Mint)","0.00","$0.00","$1.43","$1.43 (09/28/2025)","$1.43","$1.43","$1.43","-66.67","1","$1.43"
"Oshawott 2025 Scarlet & Violet: White Flare #021/086 Reverse Holo Raw TCG (Near Mint)","0.00","$0.00","$1.25","$1.25 (10/23/2025)","$1.25","$1.25","$1.25","-80.00","1","$1.25"
"Swanna 2025 Scarlet & Violet: White Flare #026/086 Reverse Holo Raw TCG (Near Mint)","0.00","$0.00","$1.95","$1.95 (10/14/2025)","$2.07","$1.49","$2.99","400.00","5","$10.33"
"Scrafty 2025 Scarlet & Violet: White Flare #058/086 Poke Ball Reverse Holo Raw TCG (Near Mint)","0.00","$0.00","$1.99","$1.99 (09/30/2025)","$1.99","$1.99","$1.99","-80.00","1","$1.99"
"Gothorita 2025 Scarlet & Violet: White Flare #042/086 Reverse Holo Raw TCG (Near Mint)","0.00","$0.00","$1.98","$1.98 (10/15/2025)","$1.98","$1.98","$1.98","-50.00","1","$1.98"
"Stunfisk 2025 Scarlet & Violet: White Flare #035/086 Poke Ball Reverse Holo Raw TCG (Near Mint)","0.00","$0.00","$0.99","$0.99 (10/10/2025)","$1.21","$0.99","$1.65","0.00","3","$3.63"
"Purrloin 2025 Scarlet & Violet: White Flare #055/086 Master Ball Reverse Holo Raw TCG (Near Mint)","0.00","$0.00","$2.99","$2.99 (10/24/2025)","$3.88","$0.99","$13.05","83.33","11","$42.65"
"Virizion 2025 Scarlet & Violet: White Flare #010/086 Reverse Holo Raw TCG (Near Mint)","0.00","$0.00","$0.99","$0.99 (10/03/2025)","$0.99","$0.99","$0.99","100.00","2","$1.98"
"Virizion 2025 Scarlet & Violet: White Flare #010/086 Poke Ball Reverse Holo Raw TCG (Near Mint)","0.00","$0.00","$2.85","$2.85 (10/04/2025)","$2.85","$2.85","$2.85","-50.00","1","$2.85"
"Emboar 2025 Scarlet & Violet: White Flare #013/086 Holo Raw TCG (Near Mint)","0.00","$0.00","$1.25","$1.25 (10/16/2025)","$1.25","$1.25","$1.25","-60.00","2","$2.50"
"Emboar 2025 Scarlet & Violet: White Flare #013/086 Reverse Holo Raw TCG (Near Mint)","0.00","$0.00","$2.69","$2.69 (10/04/2025)","$2.69","$2.69","$2.69","-66.67","1","$2.69"
"Emboar 2025 Scarlet & Violet: White Flare #013/086 Poke Ball Reverse Holo Raw TCG (Near Mint)","0.00","$0.00","$1.00","$1.00 (10/06/2025)","$1.00","$1.00","$1.00","-75.00","1","$1.00"
"Tornadus 2025 Scarlet & Violet: White Flare #078/086 Reverse Holo Raw TCG (Near Mint)","0.00","$0.00","$2.20","$2.20 (10/05/2025)","$2.20","$2.20","$2.20","0.00","1","$2.20"
"Tornadus 2025 Scarlet & Violet: White Flare #078/086 Poke Ball Reverse Holo Raw TCG (Near Mint)","0.00","$0.00","$1.49","$1.49 (10/17/2025)","$1.59","$1.49","$1.79","0.00","3","$4.77"
"Vanillish 2025 Scarlet & Violet: White Flare #028/086 Reverse Holo Raw TCG (Near Mint)","0.00","$0.00","$1.59","$1.59 (10/12/2025)","$1.59","$1.59","$1.59","0.00","1","$1.59"
"Blitzle 2025 Scarlet & Violet: White Flare #031/086 Base Raw TCG (Near Mint)","0.00","$0.00","$1.36","$1.36 (10/13/2025)","$1.36","$1.31","$1.41","0.00","4","$5.44"
"Blitzle 2025 Scarlet & Violet: White Flare #031/086 Reverse Holo Raw TCG (Near Mint)","0.00","$0.00","$1.00","$1.00 (10/18/2025)","$1.00","$1.00","$1.00","0.00","1","$1.00"
"Joltik 2025 Scarlet & Violet: White Flare #033/086 Base Raw TCG (Near Mint)","0.00","$0.00","$1.99","$1.99 (10/21/2025)","$1.99","$1.99","$1.99","0.00","1","$1.99"
"Joltik 2025 Scarlet & Violet: White Flare #033/086 Reverse Holo Raw TCG (Near Mint)","0.00","$0.00","$1.04","$1.04 (10/09/2025)","$1.04","$1.04","$1.04","-50.00","1","$1.04"
"Deerling 2025 Scarlet & Violet: White Flare #006/086 Reverse Holo Raw TCG (Near Mint)","0.00","$0.00","$0.99","$0.99 (10/09/2025)","$0.99","$0.99","$0.99","-66.67","1","$0.99"
"Sawsbuck 2025 Scarlet & Violet: White Flare #007/086 Master Ball Reverse Holo Raw TCG (Near Mint)","0.00","$0.00","$1.25","$1.25 (10/12/2025)","$1.25","$1.25","$1.25","-75.00","1","$1.25"
"Galvantula 2025 Scarlet & Violet: White Flare #034/086 Reverse Holo Raw TCG (Near Mint)","0.00","$0.00","$1.08","$1.08 (10/03/2025)","$1.08","$1.08","$1.08","-50.00","1","$1.08"
"Zorua 2025 Scarlet & Violet: White Flare #061/086 Base Raw TCG (Near Mint)","0.00","$0.00","$1.49","$1.49 (10/17/2025)","$1.49","$1.49","$1.49","0.00","1","$1.49"
"Heatmor 2025 Scarlet & Violet: White Flare #019/086 Base Raw TCG (Near Mint)","0.00","$0.00","$1.49","$1.49 (10/02/2025)","$1.49","$1.49","$1.49","0.00","1","$1.49"
"Shelmet 2025 Scarlet & Violet: White Flare #008/086 Master Ball Reverse Holo Raw TCG (Near Mint)","0.00","$0.00","$2.99","$2.99 (10/24/2025)","$2.99","$2.99","$2.99","-66.67","1","$2.99"
"Shelmet 2025 Scarlet & Violet: White Flare #008/086 Poke Ball Reverse Holo Raw TCG (Near Mint)","0.00","$0.00","$1.99","$1.99 (10/04/2025)","$1.99","$1.99","$1.99","-66.67","1","$1.99"
"Accelgor 2025 Scarlet & Violet: White Flare #009/086 Master Ball Reverse Holo Raw TCG (Near Mint)","0.00","$0.00","$11.70","$11.70 (10/17/2025)","$11.70","$11.70","$11.70","-80.00","1","$11.70"
"Accelgor 2025 Scarlet & Violet: White Flare #009/086 Poke Ball Reverse Holo Raw TCG (Near Mint)","0.00","$0.00","$1.98","$1.98 (09/28/2025)","$1.98","$1.98","$1.98","-83.33","1","$1.98"
"Vanilluxe 2025 Scarlet & Violet: White Flare #029/086 Reverse Holo Raw TCG (Near Mint)","0.00","$0.00","$1.08","$1.08 (10/09/2025)","$1.08","$1.08","$1.08","0.00","2","$2.16"
"Vanilluxe 2025 Scarlet & Violet: White Flare #029/086 Master Ball Reverse Holo Raw TCG (Near Mint)","0.00","$0.00","$11.50","$11.50 (10/07/2025)","$11.50","$11.50","$11.50","-88.89","1","$11.50"
"Yamask 2025 Scarlet & Violet: White Flare #039/086 Reverse Holo Raw TCG (Near Mint)","0.00","$0.00","$0.99","$0.99 (10/09/2025)","$0.99","$0.99","$0.99","0.00","1","$0.99"
"Trubbish 2025 Scarlet & Violet: White Flare #059/086 Reverse Holo Raw TCG (Near Mint)","0.00","$0.00","$1.99","$1.99 (10/20/2025)","$1.99","$1.99","$1.99","-50.00","1","$1.99"
"Litwick 2025 Scarlet & Violet: White Flare #016/086 Poke Ball Reverse Holo Raw TCG (Near Mint)","0.00","$0.00","$2.47","$2.47 (09/26/2025)","$2.47","$2.47","$2.47","-80.00","1","$2.47"
"Lampent 2025 Scarlet & Violet: White Flare #017/086 Base Raw TCG (Near Mint)","0.00","$0.00","$1.49","$1.49 (10/02/2025)","$1.49","$1.49","$1.49","0.00","1","$1.49"
"Gigalith 2025 Scarlet & Violet: White Flare #048/086 Base Raw TCG (Near Mint)","0.00","$0.00","$1.49","$1.49 (10/02/2025)","$1.49","$1.49","$1.49","0.00","1","$1.49"
"Archen 2025 Scarlet & Violet: White Flare #050/086 Base Raw TCG (Near Mint)","0.00","$0.00","$1.59","$1.59 (10/22/2025)","$1.59","$1.59","$1.59","0.00","1","$1.59"
"Deino 2025 Scarlet & Violet: White Flare #065/086 Base Raw TCG (Near Mint)","0.00","$0.00","$2.62","$2.62 (10/07/2025)","$2.62","$2.62","$2.62","-50.00","1","$2.62"
"Deino 2025 Scarlet & Violet: White Flare #065/086 Reverse Holo Raw TCG (Near Mint)","0.00","$0.00","$1.26","$1.26 (10/01/2025)","$1.26","$1.26","$1.26","0.00","1","$1.26"
"Zweilous 2025 Scarlet & Violet: White Flare #066/086 Reverse Holo Raw TCG (Near Mint)","0.00","$0.00","$1.26","$1.26 (10/01/2025)","$1.26","$1.26","$1.26","-50.00","1","$1.26"
"Durant 2025 Scarlet & Violet: White Flare #070/086 Base Raw TCG (Near Mint)","0.00","$0.00","$1.50","$1.50 (10/15/2025)","$1.50","$1.50","$1.50","-66.67","1","$1.50"
"Pansear 2025 Scarlet & Violet: White Flare #014/086 Poke Ball Reverse Holo Raw TCG (Near Mint)","0.00","$0.00","$1.99","$1.99 (10/04/2025)","$1.99","$1.99","$1.99","-83.33","1","$1.99"
"Swadloon 2025 Scarlet & Violet: White Flare #002/086 Base Raw TCG (Near Mint)","0.00","$0.00","$1.43","$1.43 (09/28/2025)","$1.43","$1.43","$1.43","0.00","1","$1.43"
"Swadloon 2025 Scarlet & Violet: White Flare #002/086 Master Ball Reverse Holo Raw TCG (Near Mint)","0.00","$0.00","$5.68","$5.68 (10/23/2025)","$5.68","$5.68","$5.68","-85.71","1","$5.68"
"Leavanny 2025 Scarlet & Violet: White Flare #003/086 Master Ball Reverse Holo Raw TCG (Near Mint)","0.00","$0.00","$14.22","$14.22 (10/13/2025)","$14.22","$14.22","$14.22","-80.00","1","$14.22"
"Leavanny 2025 Scarlet & Violet: White Flare #003/086 Poke Ball Reverse Holo Raw TCG (Near Mint)","0.00","$0.00","$1.77","$1.77 (10/13/2025)","$1.77","$1.77","$1.77","-80.00","1","$1.77"
"Simisear 2025 Scarlet & Violet: White Flare #015/086 Reverse Holo Raw TCG (Near Mint)","0.00","$0.00","$1.74","$1.74 (10/12/2025)","$1.74","$1.74","$1.74","0.00","1","$1.74"
"Zebstrika 2025 Scarlet & Violet: White Flare #032/086 Reverse Holo Raw TCG (Near Mint)","0.00","$0.00","$1.08","$1.08 (10/03/2025)","$1.08","$1.08","$1.08","-66.67","1","$1.08"
"Woobat 2025 Scarlet & Violet: White Flare #036/086 Reverse Holo Raw TCG (Near Mint)","0.00","$0.00","$1.49","$1.49 (10/19/2025)","$1.49","$1.49","$1.49","-33.33","2","$2.98"
"Swoobat 2025 Scarlet & Violet: White Flare #120/086 Illustration Rare Raw TCG (Near Mint)","0.00","$0.00","$8.00","$8.00 (10/24/2025)","$9.90","$6.00","$17.86","-40.58","41","$405.91"
"Vullaby 2025 Scarlet & Violet: White Flare #063/086 Reverse Holo Raw TCG (Near Mint)","0.00","$0.00","$1.49","$1.49 (10/19/2025)","$1.49","$1.49","$1.49","-50.00","1","$1.49"
"Vullaby 2025 Scarlet & Violet: White Flare #063/086 Master Ball Reverse Holo Raw TCG (Near Mint)","0.00","$0.00","$6.11","$6.11 (10/24/2025)","$6.11","$6.11","$6.11","-50.00","1","$6.11"
"Lillipup 2025 Scarlet & Violet: White Flare #074/086 Reverse Holo Raw TCG (Near Mint)","0.00","$0.00","$1.16","$1.16 (09/30/2025)","$1.16","$1.16","$1.16","-66.67","1","$1.16"
"Gothitelle 2025 Scarlet & Violet: White Flare #043/086 Reverse Holo Raw TCG (Near Mint)","0.00","$0.00","$2.49","$2.49 (09/28/2025)","$2.49","$2.49","$2.49","0.00","1","$2.49"
"Patrat 2025 Scarlet & Violet: White Flare #072/086 Reverse Holo Raw TCG (Near Mint)","0.00","$0.00","$2.99","$2.99 (10/09/2025)","$2.99","$2.99","$2.99","-66.67","1","$2.99"
"Patrat 2025 Scarlet & Violet: White Flare #072/086 Poke Ball Reverse Holo Raw TCG (Near Mint)","0.00","$0.00","$1.49","$1.49 (09/29/2025)","$1.49","$1.49","$1.49","-71.43","2","$2.98"
"Cottonee 2025 Scarlet & Violet: White Flare #004/086 Poke Ball Reverse Holo Raw TCG (Near Mint)","0.00","$0.00","$1.62","$1.62 (10/03/2025)","$1.62","$1.62","$1.62","0.00","1","$1.62"
"Pignite 2025 Scarlet & Violet: White Flare #012/086 Base Raw TCG (Near Mint)","0.00","$0.00","$1.59","$1.59 (10/05/2025)","$1.59","$1.59","$1.59","0.00","1","$1.59"
"Pignite 2025 Scarlet & Violet: White Flare #012/086 Reverse Holo Raw TCG (Near Mint)","0.00","$0.00","$1.59","$1.59 (10/12/2025)","$1.59","$1.59","$1.59","0.00","1","$1.59"
"Koffing 2025 Scarlet & Violet: Journey Together #091/159 Reverse Holo Raw TCG (Near Mint)","0.00","$0.00","$2.36","$2.36 (10/07/2025)","$2.36","$2.36","$2.36","-66.67","1","$2.36"
"Super Potion 2025 Scarlet & Violet: Journey Together #158/159 Base Raw TCG (Near Mint)","0.00","$0.00","$1.09","$1.09 (10/17/2025)","$1.09","$1.09","$1.09","0.00","1","$1.09"
"Super Potion 2025 Scarlet & Violet: Journey Together #158/159 Reverse Holo Raw TCG (Near Mint)","0.00","$0.00","$1.91","$1.91 (10/21/2025)","$1.73","$1.35","$1.91","-16.67","5","$8.67"
"Tyranitar 2025 Scarlet & Violet: Journey Together #095/159 Reverse Holo Raw TCG (Near Mint)","0.00","$0.00","$1.69","$1.69 (10/23/2025)","$2.33","$0.99","$3.26","0.00","12","$27.94"
"Ludicolo 2025 Scarlet & Violet: Journey Together #037/159 Reverse Holo Raw TCG (Near Mint)","0.00","$0.00","$3.31","$3.31 (10/13/2025)","$3.31","$3.31","$3.31","-66.67","3","$9.93"
"Articuno 2025 Scarlet & Violet: Journey Together #032/159 Base Raw TCG (Near Mint)","0.00","$0.00","$1.08","$1.08 (10/18/2025)","$1.08","$1.00","$1.16","0.00","2","$2.16"
"Mr. Mime 2025 Scarlet & Violet: Journey Together #058/159 Base Raw TCG (Near Mint)","0.00","$0.00","$1.35","$1.35 (10/15/2025)","$1.35","$1.35","$1.35","0.00","1","$1.35"
"Weezing 2025 Scarlet & Violet: Journey Together #092/159 Base Raw TCG (Near Mint)","0.00","$0.00","$0.99","$0.99 (10/04/2025)","$0.99","$0.99","$0.99","0.00","1","$0.99"
"Sentret 2025 Scarlet & Violet: Journey Together #118/159 Reverse Holo Raw TCG (Near Mint)","0.00","$0.00","$1.99","$1.99 (10/11/2025)","$1.99","$1.99","$1.99","0.00","1","$1.99"
"Oricorio 2025 Scarlet & Violet: Journey Together #065/159 Base Raw TCG (Near Mint)","0.00","$0.00","$1.81","$1.81 (10/06/2025)","$1.81","$1.81","$1.81","0.00","1","$1.81"
"Professor's Research 2025 Scarlet & Violet: Journey Together #155/159 Base (Sada) Raw TCG (Near Mint)","0.00","$0.00","$0.99","$0.99 (10/21/2025)","$1.06","$0.99","$1.19","0.00","3","$3.17"
"Torkoal 2025 Scarlet & Violet: Journey Together #025/159 Base Raw TCG (Near Mint)","0.00","$0.00","$1.81","$1.81 (10/06/2025)","$1.81","$1.81","$1.81","0.00","1","$1.81"
"Cinccino 2025 Scarlet & Violet: Journey Together #126/159 Base Raw TCG (Near Mint)","0.00","$0.00","$0.70","$0.70 (09/26/2025)","$0.70","$0.70","$0.70","-50.00","1","$0.70"
"Cinccino 2025 Scarlet & Violet: Journey Together #126/159 Reverse Holo Raw TCG (Near Mint)","0.00","$0.00","$2.99","$2.99 (10/14/2025)","$2.99","$2.99","$2.99","-75.00","2","$5.98"
"Larvitar 2025 Scarlet & Violet: Journey Together #080/159 Base Raw TCG (Near Mint)","0.00","$0.00","$1.06","$1.06 (10/02/2025)","$1.06","$1.06","$1.06","0.00","1","$1.06"
"Sprigatito 2025 Scarlet & Violet: Journey Together #016/159 Reverse Holo Raw TCG (Near Mint)","0.00","$0.00","$1.79","$1.79 (10/01/2025)","$1.79","$1.79","$1.79","-83.33","1","$1.79"
"Toedscool 2025 Scarlet & Violet: Journey Together #088/159 Base Raw TCG (Near Mint)","0.00","$0.00","$2.00","$2.00 (10/06/2025)","$2.00","$2.00","$2.00","0.00","1","$2.00"
"Bombirdier 2025 Scarlet & Violet: Journey Together #101/159 Reverse Holo Raw TCG (Near Mint)","0.00","$0.00","$1.08","$1.08 (10/12/2025)","$1.08","$1.08","$1.08","0.00","1","$1.08"
"Druddigon 2025 Scarlet & Violet: Journey Together #115/159 Base Raw TCG (Near Mint)","0.00","$0.00","$1.70","$1.70 (10/06/2025)","$1.70","$1.59","$1.81","100.00","2","$3.40"
"Rockruff 2025 Scarlet & Violet: Journey Together #084/159 Base Raw TCG (Near Mint)","0.00","$0.00","$1.00","$1.00 (10/03/2025)","$1.00","$1.00","$1.00","0.00","1","$1.00"
"Rockruff 2025 Scarlet & Violet: Journey Together #084/159 Reverse Holo Raw TCG (Near Mint)","0.00","$0.00","$2.00","$2.00 (10/12/2025)","$2.00","$2.00","$2.00","-50.00","1","$2.00"
"Milcery 2025 Scarlet & Violet: Journey Together #074/159 Base Raw TCG (Near Mint)","0.00","$0.00","$0.70","$0.70 (09/26/2025)","$0.70","$0.70","$0.70","-50.00","1","$0.70"
"Grimmsnarl 2025 Scarlet & Violet: Journey Together #073/159 Base Raw TCG (Near Mint)","0.00","$0.00","$1.75","$1.75 (10/06/2025)","$1.75","$1.75","$1.75","0.00","2","$3.50"
"Cufant 2025 Scarlet & Violet: Journey Together #109/159 Reverse Holo Raw TCG (Near Mint)","0.00","$0.00","$1.99","$1.99 (10/01/2025)","$1.99","$1.99","$1.99","0.00","1","$1.99"
"Minccino 2025 Scarlet & Violet: Journey Together #125/159 Reverse Holo Raw TCG (Near Mint)","0.00","$0.00","$2.64","$2.64 (10/01/2025)","$2.64","$2.64","$2.64","-87.50","1","$2.64"
"Floragato 2025 Scarlet & Violet: Journey Together #017/159 Base Raw TCG (Near Mint)","0.00","$0.00","$1.74","$1.74 (10/14/2025)","$1.74","$1.74","$1.74","0.00","1","$1.74"
"Audino 2025 Scarlet & Violet: Journey Together #124/159 Base Raw TCG (Near Mint)","0.00","$0.00","$1.81","$1.81 (10/06/2025)","$1.81","$1.81","$1.81","-50.00","1","$1.81"
"Metang 2025 Scarlet & Violet: Journey Together #062/159 Base Raw TCG (Near Mint)","0.00","$0.00","$0.99","$0.99 (10/10/2025)","$0.99","$0.99","$0.99","0.00","1","$0.99"
"Bagon 2025 Scarlet & Violet: Journey Together #112/159 Reverse Holo Raw TCG (Near Mint)","0.00","$0.00","$1.30","$1.30 (10/23/2025)","$1.30","$1.30","$1.30","-66.67","1","$1.30"
"Lotad 2025 Scarlet & Violet: Journey Together #035/159 Reverse Holo Raw TCG (Near Mint)","0.00","$0.00","$0.99","$0.99 (10/18/2025)","$1.44","$0.71","$2.02","133.33","7","$10.08"
"Shuppet 2025 Scarlet & Violet: Journey Together #059/159 Reverse Holo Raw TCG (Near Mint)","0.00","$0.00","$2.63","$2.63 (10/06/2025)","$2.63","$2.63","$2.63","-50.00","1","$2.63"
"Regice 2025 Scarlet & Violet: Journey Together #042/159 Base Raw TCG (Near Mint)","0.00","$0.00","$1.00","$1.00 (10/18/2025)","$1.00","$1.00","$1.00","0.00","1","$1.00"
"Kecleon 2025 Scarlet & Violet: Journey Together #122/159 Base Raw TCG (Near Mint)","0.00","$0.00","$1.35","$1.35 (10/04/2025)","$1.35","$1.35","$1.35","0.00","1","$1.35"
"Kecleon 2025 Scarlet & Violet: Journey Together #122/159 Reverse Holo Raw TCG (Near Mint)","0.00","$0.00","$1.49","$1.49 (10/06/2025)","$1.49","$1.49","$1.49","-85.71","1","$1.49"
"Wailmer 2025 Scarlet & Violet: Journey Together #040/159 Reverse Holo Raw TCG (Near Mint)","0.00","$0.00","$1.78","$1.78 (10/07/2025)","$1.78","$1.78","$1.78","-75.00","1","$1.78"
"Remoraid 2025 Scarlet & Violet: Journey Together #033/159 Reverse Holo Raw TCG (Near Mint)","0.00","$0.00","$1.29","$1.29 (10/16/2025)","$1.29","$1.29","$1.29","-83.33","1","$1.29"
"Drampa 2025 Scarlet & Violet: Journey Together #130/159 Reverse Holo Raw TCG (Near Mint)","0.00","$0.00","$1.00","$1.00 (10/14/2025)","$1.00","$1.00","$1.00","-83.33","1","$1.00"
"Shelmet 2025 Scarlet & Violet: Journey Together #012/159 Reverse Holo Raw TCG (Near Mint)","0.00","$0.00","$1.25","$1.25 (10/23/2025)","$1.25","$1.25","$1.25","-66.67","1","$1.25"
"Larvesta 2025 Scarlet & Violet: Journey Together #028/159 Base Raw TCG (Near Mint)","0.00","$0.00","$1.80","$1.80 (10/13/2025)","$1.80","$1.80","$1.80","0.00","1","$1.80"
"Larvesta 2025 Scarlet & Violet: Journey Together #028/159 Reverse Holo Raw TCG (Near Mint)","0.00","$0.00","$1.59","$1.59 (10/03/2025)","$1.59","$1.59","$1.59","-50.00","1","$1.59"
"Escavalier 2025 Scarlet & Violet: Journey Together #102/159 Reverse Holo Raw TCG (Near Mint)","0.00","$0.00","$1.69","$1.69 (10/06/2025)","$1.69","$1.69","$1.69","-66.67","1","$1.69"
"Nymble 2025 Scarlet & Violet: Journey Together #019/159 Reverse Holo Raw TCG (Near Mint)","0.00","$0.00","$1.30","$1.30 (10/12/2025)","$1.30","$1.30","$1.30","0.00","1","$1.30"
"Lokix 2025 Scarlet & Violet: Journey Together #100/159 Base Raw TCG (Near Mint)","0.00","$0.00","$1.50","$1.50 (10/02/2025)","$1.50","$1.50","$1.50","0.00","1","$1.50"
"Maractus 2025 Scarlet & Violet: Journey Together #008/159 Base Raw TCG (Near Mint)","0.00","$0.00","$1.35","$1.35 (09/30/2025)","$1.35","$1.35","$1.35","-50.00","1","$1.35"
"Pancham 2025 Scarlet & Violet: Journey Together #083/159 Reverse Holo Raw TCG (Near Mint)","0.00","$0.00","$1.25","$1.25 (10/19/2025)","$1.25","$1.25","$1.25","-33.33","2","$2.50"
"Pangoro 2025 Scarlet & Violet: Journey Together #099/159 Reverse Holo Raw TCG (Near Mint)","0.00","$0.00","$1.75","$1.75 (10/22/2025)","$1.75","$1.75","$1.75","-66.67","1","$1.75"
"Komala 2025 Scarlet & Violet: Journey Together #129/159 Base Raw TCG (Near Mint)","0.00","$0.00","$1.35","$1.35 (10/04/2025)","$1.35","$1.35","$1.35","-50.00","1","$1.35"
"Alolan Graveler 2025 Scarlet & Violet: Journey Together #045/159 Base Raw TCG (Near Mint)","0.00","$0.00","$0.99","$0.99 (09/27/2025)","$0.99","$0.99","$0.99","0.00","1","$0.99"
"Alolan Golem 2025 Scarlet & Violet: Journey Together #046/159 Base Raw TCG (Near Mint)","0.00","$0.00","$1.77","$1.77 (10/16/2025)","$1.77","$1.77","$1.77","0.00","1","$1.77"
"Dhelmise 2025 Scarlet & Violet: Journey Together #070/159 Reverse Holo Raw TCG (Near Mint)","0.00","$0.00","$2.01","$2.01 (10/06/2025)","$2.01","$2.01","$2.01","-66.67","1","$2.01"
"Alolan Marowak 2025 Scarlet & Violet: Journey Together #057/159 Base Raw TCG (Near Mint)","0.00","$0.00","$0.99","$0.99 (09/27/2025)","$0.99","$0.99","$0.99","0.00","1","$0.99"
"Black Belt's Training 2025 Scarlet & Violet: Journey Together #145/159 Base Raw TCG (Near Mint)","0.00","$0.00","$0.99","$0.99 (10/14/2025)","$0.99","$0.99","$0.99","0.00","1","$0.99"
"N's Darumaka 2025 Scarlet & Violet: Journey Together #026/159 Reverse Holo Raw TCG (Near Mint)","0.00","$0.00","$1.38","$1.38 (10/22/2025)","$1.38","$1.38","$1.38","0.00","2","$2.76"
"N's Darmanitan 2025 Scarlet & Violet: Journey Together #027/159 Base Raw TCG (Near Mint)","0.00","$0.00","$1.49","$1.49 (09/29/2025)","$1.49","$1.49","$1.49","0.00","3","$4.47"
"Iono's Electrode 2025 Scarlet & Violet: Journey Together #048/159 Base Raw TCG (Near Mint)","0.00","$0.00","$1.38","$1.38 (10/22/2025)","$1.38","$1.38","$1.38","-50.00","1","$1.38"
"N's Joltik 2025 Scarlet & Violet: Journey Together #049/159 Base Raw TCG (Near Mint)","0.00","$0.00","$2.21","$2.21 (10/21/2025)","$2.21","$1.74","$2.67","0.00","2","$4.41"
"Iono's Tadbulb 2025 Scarlet & Violet: Journey Together #052/159 Base Raw TCG (Near Mint)","0.00","$0.00","$1.81","$1.81 (10/06/2025)","$1.81","$1.81","$1.81","-50.00","1","$1.81"
"Iono's Wattrel 2025 Scarlet & Violet: Journey Together #054/159 Base Raw TCG (Near Mint)","0.00","$0.00","$1.35","$1.35 (10/04/2025)","$1.35","$1.35","$1.35","0.00","1","$1.35"
"Hop's Silicobra 2025 Scarlet & Violet: Journey Together #086/159 Base Raw TCG (Near Mint)","0.00","$0.00","$1.49","$1.49 (10/06/2025)","$1.49","$1.49","$1.49","0.00","1","$1.49"
"N's Klang 2025 Scarlet & Violet: Journey Together #104/159 Base Raw TCG (Near Mint)","0.00","$0.00","$1.49","$1.49 (09/25/2025)","$1.49","$1.49","$1.49","0.00","1","$1.49"
"Hop's Corviknight 2025 Scarlet & Violet: Journey Together #108/159 Base Raw TCG (Near Mint)","0.00","$0.00","$1.42","$1.42 (10/04/2025)","$1.42","$1.42","$1.42","0.00","1","$1.42"
"Hop's Rookidee 2025 Scarlet & Violet: Journey Together #133/159 Base Raw TCG (Near Mint)","0.00","$0.00","$1.80","$1.80 (10/23/2025)","$1.80","$1.80","$1.80","0.00","1","$1.80"
"Hop's Rookidee 2025 Scarlet & Violet: Journey Together #133/159 Reverse Holo Raw TCG (Near Mint)","0.00","$0.00","$1.25","$1.25 (09/28/2025)","$1.25","$1.25","$1.25","0.00","1","$1.25"
"Hop's Corvisquire 2025 Scarlet & Violet: Journey Together #134/159 Base Raw TCG (Near Mint)","0.00","$0.00","$1.41","$1.41 (10/16/2025)","$1.41","$1.41","$1.41","0.00","1","$1.41"
"Hop's Wooloo 2025 Scarlet & Violet: Journey Together #135/159 Base Raw TCG (Near Mint)","0.00","$0.00","$0.99","$0.99 (10/14/2025)","$0.99","$0.99","$0.99","0.00","1","$0.99"
"Hop's Wooloo 2025 Scarlet & Violet: Journey Together #135/159 Reverse Holo Raw TCG (Near Mint)","0.00","$0.00","$1.07","$1.07 (10/20/2025)","$1.07","$1.07","$1.07","-66.67","1","$1.07"
"Lillie's Pearl 2025 Scarlet & Violet: Journey Together #151/159 Reverse Holo Raw TCG (Near Mint)","0.00","$0.00","$1.18","$1.18 (10/12/2025)","$1.18","$1.18","$1.18","-87.50","1","$1.18"
"N's Castle 2025 Scarlet & Violet: Journey Together #152/159 Reverse Holo Raw TCG (Near Mint)","0.00","$0.00","$1.72","$1.72 (10/04/2025)","$1.72","$1.72","$1.72","-66.67","1","$1.72"
"Ruffian 2025 Scarlet & Violet: Journey Together #157/159 Base Raw TCG (Near Mint)","0.00","$0.00","$1.43","$1.43 (10/14/2025)","$1.43","$1.43","$1.43","0.00","1","$1.43"
"Spiky Energy 2025 Scarlet & Violet: Journey Together #159/159 Base Raw TCG (Near Mint)","0.00","$0.00","$0.99","$0.99 (09/25/2025)","$0.99","$0.99","$0.99","-50.00","1","$0.99"
"Billy and O'Nare 2025 Scarlet & Violet: Journey Together #142/159 Base Raw TCG (Near Mint)","0.00","$0.00","$1.59","$1.59 (10/13/2025)","$1.59","$1.59","$1.59","0.00","1","$1.59"
"Ludicolo 2025 Japanese Scarlet & Violet: Battle Partners #023/100 Base Raw TCG (Near Mint)","0.00","$0.00","$1.50","$1.50 (09/28/2025)","$1.50","$1.50","$1.50","0.00","1","$1.50"
"Mr. Mime 2025 Japanese Scarlet & Violet: Battle Partners #034/100 Base Raw TCG (Near Mint)","0.00","$0.00","$1.80","$1.80 (10/08/2025)","$1.80","$1.80","$1.80","0.00","1","$1.80"
"Furret 2025 Japanese Scarlet & Violet: Battle Partners #077/100 Base Raw TCG (Near Mint)","0.00","$0.00","$1.77","$1.77 (10/05/2025)","$1.77","$1.77","$1.77","0.00","1","$1.77"
"Wailord 2025 Japanese Scarlet & Violet: Battle Partners #025/100 Holo Raw TCG (Near Mint)","0.00","$0.00","$0.99","$0.99 (09/26/2025)","$0.99","$0.99","$0.99","0.00","2","$1.98"
"Dunsparce 2025 Japanese Scarlet & Violet: Battle Partners #078/100 Base Raw TCG (Near Mint)","0.00","$0.00","$1.00","$1.00 (10/16/2025)","$1.00","$1.00","$1.00","0.00","1","$1.00"
"Volcanion ex 2025 Japanese Scarlet & Violet: Battle Partners #124/100 Special Art Rare Raw TCG (Near Mint)","0.00","$0.00","$12.00","$12.00 (10/22/2025)","$12.62","$12.00","$13.50","-20.00","8","$100.97"
"Noibat 2025 Japanese Scarlet & Violet: Battle Partners #080/100 Base Raw TCG (Near Mint)","0.00","$0.00","$1.27","$1.27 (10/21/2025)","$1.27","$1.27","$1.27","0.00","1","$1.27"
"Magearna 2025 Japanese Scarlet & Violet: Battle Partners #067/100 Holo Raw TCG (Near Mint)","0.00","$0.00","$1.60","$1.60 (10/17/2025)","$1.60","$1.60","$1.60","0.00","1","$1.60"
"N's Joltik 2025 Japanese Scarlet & Violet: Battle Partners #028/100 Base Raw TCG (Near Mint)","0.00","$0.00","$1.30","$1.30 (09/27/2025)","$1.30","$1.30","$1.30","0.00","1","$1.30"
"Hop's Zacian ex 2025 Japanese Scarlet & Violet: Battle Partners #069/100 Double Rare Raw TCG (Near Mint)","0.00","$0.00","$1.25","$1.25 (10/24/2025)","$1.25","$1.25","$1.25","0.00","1","$1.25"
"Iris's Fighting Spirit 2025 Japanese Scarlet & Violet: Battle Partners #094/100 Base Raw TCG (Near Mint)","0.00","$0.00","$0.99","$0.99 (10/19/2025)","$0.99","$0.99","$0.99","0.00","1","$0.99"
"Brock's Scouting 2025 Japanese Scarlet & Violet: Battle Partners #123/100 Super Rare (Full Art) Raw TCG (Near Mint)","0.00","$0.00","$3.23","$3.23 (09/26/2025)","$3.23","$3.23","$3.23","-85.71","1","$3.23"
"Dudunsparce ex 2025 Japanese Scarlet & Violet: Battle Partners #079/100 Double Rare Raw TCG (Near Mint)","0.00","$0.00","$1.95","$1.95 (10/24/2025)","$1.95","$1.95","$1.95","0.00","1","$1.95"
"Stunfisk 2025 Japanese Scarlet & Violet: White Flare #115/086 Art Rare Raw TCG (Near Mint)","-0.11","-$0.00","$4.48","$4.48 (10/16/2025)","$4.48","$3.00","$5.14","37.50","11","$49.26"
"Shaymin 2025 Scarlet & Violet: Prismatic Evolutions #087/131 Master Ball Reverse Holo Raw TCG (Near Mint)","-0.17","-$0.01","$6.00","$5.99 (10/23/2025)","$7.24","$5.99","$9.98","-20.00","8","$57.92"
"Team Rocket's Murkrow 2025 Japanese Scarlet & Violet: Glory of Team Rocket #106/098 Art Rare Raw TCG (Near Mint)","-0.17","-$0.01","$5.82","$5.81 (10/24/2025)","$5.23","$0.99","$8.00","-25.40","47","$245.86"
"Sawk 2025 Scarlet & Violet: White Flare #049/086 Master Ball Reverse Holo Raw TCG (Near Mint)","-0.20","-$0.01","$5.00","$4.99 (10/23/2025)","$4.69","$2.99","$5.00","0.00","7","$32.86"
"Noibat 2025 Scarlet & Violet: Prismatic Evolutions #090/131 Master Ball Reverse Holo Raw TCG (Near Mint)","-0.20","-$0.00","$2.50","$2.50 (10/20/2025)","$4.10","$0.99","$9.81","-18.75","13","$53.33"
"Maractus 2025 Japanese Scarlet & Violet: Black Bolt #093/086 Art Rare Raw TCG (Near Mint)","-0.20","-$0.01","$4.99","$4.98 (10/24/2025)","$4.64","$2.50","$6.98","-50.00","16","$74.18"
"Cynthia's Roserade 2025 Scarlet & Violet: Destined Rivals #184/182 Illustration Rare Raw TCG (Near Mint)","-0.22","-$0.04","$17.49","$17.46 (10/23/2025)","$18.27","$8.50","$29.95","-53.72","87","$1589.79"
"Victini 2025 Scarlet & Violet: White Flare #172/086 Black White Rare (Secret) Raw TCG (Near Mint)","-0.23","-$1.00","$430.99","$429.99 (10/20/2025)","$445.62","$373.42","$528.88","-82.89","13","$5793.07"
"Scream Tail 2025 Scarlet & Violet: Prismatic Evolutions #042/131 Master Ball Reverse Holo Raw TCG (Near Mint)","-0.30","-$0.03","$8.22","$8.20 (10/24/2025)","$8.38","$6.49","$13.09","40.00","7","$58.67"
"Great Tusk 2025 Scarlet & Violet: Prismatic Evolutions #055/131 Master Ball Reverse Holo Raw TCG (Near Mint)","-0.42","-$0.03","$7.17","$7.14 (10/24/2025)","$7.56","$5.25","$10.68","0.00","13","$98.33"
"Tynamo 2025 Japanese Scarlet & Violet: Black Bolt #117/086 Art Rare Raw TCG (Near Mint)","-0.46","-$0.04","$9.79","$9.75 (10/20/2025)","$9.01","$6.00","$11.44","30.43","30","$270.35"
"Torkoal 2025 Scarlet & Violet: Journey Together #025/159 Reverse Holo Raw TCG (Near Mint)","-0.50","-$0.01","$2.02","$2.01 (10/06/2025)","$2.01","$2.01","$2.02","-50.00","2","$4.03"
"Buddy-Buddy Poffin 2025 Japanese Mega Symphonia #81/63 Super Rare (Full Art) Raw TCG (Near Mint)","-0.50","-$0.01","$2.00","$1.99 (10/23/2025)","$2.09","$0.99","$3.86","-45.00","11","$23.02"
"Drizzile 2025 Mega Evolution #040/132 Reverse Holo Raw TCG (Near Mint)","-0.50","-$0.01","$1.99","$1.98 (10/21/2025)","$1.62","$0.99","$1.99","1000.00","11","$17.83"
"Iron Boulder 2025 Scarlet & Violet: Prismatic Evolutions #046/131 Reverse Holo Raw TCG (Near Mint)","-0.50","-$0.01","$1.99","$1.98 (10/14/2025)","$1.98","$1.98","$1.99","0.00","2","$3.97"
"Zorua 2025 Scarlet & Violet: White Flare #061/086 Master Ball Reverse Holo Raw TCG (Near Mint)","-0.51","-$0.05","$9.78","$9.73 (10/23/2025)","$4.49","$0.99","$9.78","-26.67","11","$49.37"
"Octillery 2025 Scarlet & Violet: Journey Together #034/159 Base Raw TCG (Near Mint)","-0.55","-$0.01","$1.82","$1.81 (10/06/2025)","$1.81","$1.81","$1.82","100.00","2","$3.63"
"Suicune 2025 Japanese Mega: Inferno X #26/80 Holo Raw TCG (Near Mint)","-0.56","-$0.01","$1.80","$1.79 (10/23/2025)","$1.94","$1.69","$2.63","0.00","10","$19.45"
"Cubchoo 2025 Scarlet & Violet: Black Bolt #025/086 Master Ball Reverse Holo Raw TCG (Near Mint)","-0.56","-$0.02","$3.59","$3.57 (10/20/2025)","$4.65","$2.50","$12.80","-20.00","8","$37.21"
"Houndstone 2025 Mega Evolution #145/132 Illustration Rare Raw TCG (Near Mint)","-0.56","-$0.04","$7.44","$7.39 (10/24/2025)","$6.81","$1.25","$13.99","1433.33","138","$940.41"
"Tympole 2025 Japanese Scarlet & Violet: Black Bolt #107/086 Art Rare Raw TCG (Near Mint)","-0.60","-$0.05","$8.36","$8.31 (10/24/2025)","$5.91","$4.00","$8.36","0.00","17","$100.52"
"Kyogre 2025 Japanese Mega Symphonia #16/63 Holo Raw TCG (Near Mint)","-0.66","-$0.01","$1.51","$1.50 (10/22/2025)","$1.50","$1.50","$1.51","-60.00","2","$3.01"
"Yamask 2025 Scarlet & Violet: White Flare #039/086 Poke Ball Reverse Holo Raw TCG (Near Mint)","-0.67","-$0.01","$1.50","$1.49 (10/20/2025)","$1.99","$1.45","$3.49","20.00","6","$11.91"
"Yveltal 2025 Mega Evolution #088/132 Reverse Holo Raw TCG (Near Mint)","-0.67","-$0.02","$2.99","$2.97 (10/20/2025)","$2.32","$1.00","$4.00","0.00","16","$37.06"
"Team Rocket's Nidoran 2025 Scarlet & Violet: Destined Rivals #117/182 Reverse Holo Raw TCG (Near Mint)","-0.77","-$0.02","$2.61","$2.59 (10/24/2025)","$2.63","$1.27","$3.03","-30.77","9","$23.65"
"Mega Kangaskhan ex 2025 Mega Evolution #182/132 Special Illustration Rare Raw TCG (Near Mint)","-0.83","-$1.00","$120.75","$119.75 (10/24/2025)","$116.31","$75.00","$168.00","464.00","141","$16399.19"
"Furret 2025 Japanese Scarlet & Violet: Battle Partners #110/100 Art Rare Raw TCG (Near Mint)","-0.83","-$0.04","$4.29","$4.26 (10/24/2025)","$5.07","$1.50","$61.97","61.40","92","$466.89"
"Pyroar 2025 Scarlet & Violet: Prismatic Evolutions #016/131 Poke Ball Reverse Holo Raw TCG (Near Mint)","-0.84","-$0.03","$3.59","$3.56 (10/24/2025)","$2.65","$1.48","$3.59","500.00","6","$15.91"
"Stoutland 2025 Japanese Scarlet & Violet: White Flare #155/086 Art Rare Raw TCG (Near Mint)","-0.94","-$0.06","$6.39","$6.33 (10/23/2025)","$5.65","$4.99","$6.39","-67.65","11","$62.20"
"Throh 2025 Scarlet & Violet: Black Bolt #128/086 Illustration Rare Raw TCG (Near Mint)","-1.00","-$0.06","$6.00","$5.94 (10/22/2025)","$5.91","$2.00","$11.06","-6.06","31","$183.17"
"Zoroark 2025 Scarlet & Violet: White Flare #062/086 Holo Raw TCG (Near Mint)","-1.01","-$0.02","$1.99","$1.97 (10/20/2025)","$1.86","$0.87","$4.00","0.00","11","$20.47"
"Steven's Metang 2025 Scarlet & Violet: Destined Rivals #144/182 Base Raw TCG (Near Mint)","-1.12","-$0.02","$1.79","$1.77 (10/20/2025)","$1.78","$1.77","$1.79","-33.33","2","$3.56"
"Musharna 2025 Japanese Scarlet & Violet: Black Bolt #122/086 Art Rare Raw TCG (Near Mint)","-1.20","-$0.06","$4.99","$4.93 (10/21/2025)","$5.17","$3.50","$8.20","-17.65","14","$72.39"
"Roggenrola 2025 Japanese Scarlet & Violet: White Flare #125/086 Art Rare Raw TCG (Near Mint)","-1.24","-$0.07","$5.24","$5.17 (10/23/2025)","$5.45","$5.00","$6.45","0.00","12","$65.36"
"Snorlax ex 2025 Scarlet & Violet: Prismatic Evolutions #076/131 Double Rare Raw TCG (Near Mint)","-1.32","-$0.04","$3.04","$3.00 (10/24/2025)","$2.98","$0.99","$8.04","18.52","96","$285.95"
"Mega Venusaur ex 2025 Mega Evolution #177/132 Special Illustration Rare Raw TCG (Near Mint)","-1.53","-$3.20","$209.20","$206.00 (10/24/2025)","$223.17","$120.91","$335.00","555.00","262","$58469.93"
"Basculin 2025 Japanese Scarlet & Violet: White Flare #105/086 Art Rare Raw TCG (Near Mint)","-1.58","-$0.08","$5.07","$4.99 (10/21/2025)","$5.86","$3.25","$6.71","180.00","14","$81.98"
"Mienfoo 2025 Scarlet & Violet: White Flare #052/086 Poke Ball Reverse Holo Raw TCG (Near Mint)","-1.74","-$0.03","$1.72","$1.69 (10/02/2025)","$1.71","$1.69","$1.72","-33.33","2","$3.41"
"Rotom 2025 Japanese Scarlet & Violet: Heat Wave Arena #074/063 Art Rare Raw TCG (Near Mint)","-1.81","-$0.07","$3.86","$3.79 (10/24/2025)","$3.65","$0.99","$5.53","88.00","47","$171.33"
"Dondozo ex 2025 Japanese Scarlet & Violet: Heat Wave Arena #032/063 Double Rare Raw TCG (Near Mint)","-1.82","-$0.03","$1.65","$1.62 (10/17/2025)","$1.62","$1.60","$1.65","0.00","3","$4.87"
"Volcarona 2025 Scarlet & Violet: Black Bolt #100/086 Illustration Rare Raw TCG (Near Mint)","-1.88","-$0.47","$24.97","$24.50 (10/24/2025)","$28.56","$20.00","$39.99","-38.89","22","$628.37"
"Serperior ex 2025 Japanese Scarlet & Violet: Black Bolt #159/086 Super Rare (Full Art) Raw TCG (Near Mint)","-1.97","-$0.09","$4.58","$4.49 (10/16/2025)","$4.02","$3.00","$4.58","-72.73","3","$12.07"
"Energy Retrieval 2025 Scarlet & Violet: White Flare #082/086 Reverse Holo Raw TCG (Near Mint)","-1.98","-$0.02","$1.01","$0.99 (10/19/2025)","$1.33","$0.99","$1.99","-40.00","3","$3.99"
"Team Rocket's Persian ex 2025 Scarlet & Violet: Destined Rivals #219/182 Ultra Rare (Full Art) Raw TCG (Near Mint)","-2.02","-$0.17","$8.16","$7.99 (10/24/2025)","$7.95","$0.99","$14.63","-36.67","57","$453.43"
"Frosmoth 2025 Mega Evolution #043/132 Reverse Holo Raw TCG (Near Mint)","-2.04","-$0.03","$1.47","$1.44 (10/15/2025)","$1.44","$0.99","$1.95","0.00","8","$11.53"
"Gimmighoul 2025 Mega Evolution #067/132 Reverse Holo Raw TCG (Near Mint)","-2.12","-$0.04","$1.89","$1.85 (10/21/2025)","$1.58","$0.99","$1.89","0.00","3","$4.73"
"Team Rocket's Ariana 2025 Japanese Scarlet & Violet: Glory of Team Rocket #128/098 Special Art Rare Raw TCG (Near Mint)","-2.17","-$0.52","$23.99","$23.47 (10/24/2025)","$22.71","$6.50","$26.48","-38.89","11","$249.82"
"Keldeo ex 2025 Scarlet & Violet: White Flare #030/086 Double Rare Raw TCG (Near Mint)","-2.23","-$0.04","$1.79","$1.75 (10/25/2025)","$1.65","$0.99","$2.93","-21.62","29","$47.93"
"Volcarona 2025 Scarlet & Violet: Black Bolt #016/086 Poke Ball Reverse Holo Raw TCG (Near Mint)","-2.23","-$0.04","$1.79","$1.75 (10/19/2025)","$2.48","$1.50","$7.11","100.00","8","$19.83"
"Serperior ex 2025 Scarlet & Violet: Black Bolt #156/086 Ultra Rare (Full Art) Raw TCG (Near Mint)","-2.24","-$0.08","$3.50","$3.42 (10/24/2025)","$2.95","$1.07","$6.70","12.73","62","$182.61"
"N's Zoroark ex 2025 Scarlet & Violet: Journey Together #189/159 Hyper Rare (Secret) Raw TCG (Near Mint)","-2.26","-$0.47","$20.79","$20.32 (10/24/2025)","$17.15","$9.00","$28.52","-47.06","45","$771.74"
"Sewaddle 2025 Scarlet & Violet: White Flare #087/086 Illustration Rare Raw TCG (Near Mint)","-2.27","-$0.26","$11.25","$10.99 (10/24/2025)","$9.53","$0.99","$13.50","-23.08","30","$286.03"
"Alcremie ex 2025 Scarlet & Violet: Journey Together #075/159 Double Rare Raw TCG (Near Mint)","-2.30","-$0.06","$2.71","$2.65 (10/24/2025)","$2.17","$0.99","$4.41","2.78","37","$80.21"
"Shroodle 2025 Japanese Mega Brave #72/63 Art Rare Raw TCG (Near Mint)","-2.30","-$0.09","$4.13","$4.03 (10/24/2025)","$3.48","$1.00","$6.50","6.06","70","$243.93"
"Vaporeon 2025 Scarlet & Violet: Prismatic Evolutions #022/131 Poke Ball Reverse Holo Raw TCG (Near Mint)","-2.37","-$0.09","$3.79","$3.70 (10/23/2025)","$3.05","$0.99","$5.92","11.54","29","$88.34"
"Vaporeon ex 2025 Scarlet & Violet: Prismatic Evolutions #149/131 Special Illustration Rare Raw TCG (Near Mint)","-2.42","-$5.33","$219.99","$214.66 (10/24/2025)","$206.60","$166.00","$300.00","23.08","32","$6611.22"
"Wally's Compassion 2025 Mega Evolution #132/132 Reverse Holo Raw TCG (Near Mint)","-2.45","-$0.05","$2.04","$1.99 (10/23/2025)","$1.89","$0.99","$2.99","433.33","16","$30.17"
"Lillie's Clefairy ex 2025 Scarlet & Violet: Journey Together #173/159 Ultra Rare (Full Art) Raw TCG (Near Mint)","-2.45","-$0.18","$7.34","$7.16 (10/24/2025)","$8.33","$2.25","$19.41","-45.03","94","$782.72"
"Espeon ex 2025 Scarlet & Violet: Prismatic Evolutions #155/131 Special Illustration Rare Raw TCG (Near Mint)","-2.47","-$5.07","$205.47","$200.40 (10/24/2025)","$223.91","$159.04","$325.55","41.03","55","$12314.78"
"Mega Lopunny ex 2025 Japanese Mega: Inferno X #114/80 Special Art Rare Raw TCG (Near Mint)","-2.54","-$0.68","$26.65","$25.97 (10/24/2025)","$26.49","$14.92","$41.98","0.00","50","$1324.49"
"Cynthia's Power Weight 2025 Scarlet & Violet: Destined Rivals #162/182 Reverse Holo Raw TCG (Near Mint)","-2.68","-$0.04","$1.49","$1.45 (10/24/2025)","$1.78","$1.25","$2.65","50.00","9","$16.06"
"Throh 2025 Japanese Scarlet & Violet: Black Bolt #134/086 Art Rare Raw TCG (Near Mint)","-2.70","-$0.14","$5.07","$4.93 (10/24/2025)","$5.01","$3.58","$6.03","133.33","14","$70.09"
"Team Rocket's Spidops 2025 Scarlet & Violet: Destined Rivals #020/182 Reverse Holo Raw TCG (Near Mint)","-2.72","-$0.04","$1.47","$1.43 (10/22/2025)","$1.79","$1.25","$2.64","-27.27","8","$14.34"
"Dudunsparce 2025 Scarlet & Violet: Prismatic Evolutions #080/131 Reverse Holo Raw TCG (Near Mint)","-2.74","-$0.04","$1.46","$1.42 (10/19/2025)","$1.46","$0.99","$1.79","200.00","6","$8.79"
"Redeemable Ticket 2025 Scarlet & Violet: Journey Together #156/159 Base Raw TCG (Near Mint)","-2.78","-$0.04","$1.44","$1.40 (10/18/2025)","$1.59","$1.26","$2.03","50.00","6","$9.57"
"Iron Hands ex 2025 Scarlet & Violet: Prismatic Evolutions #154/131 Special Illustration Rare Raw TCG (Near Mint)","-2.90","-$1.06","$36.56","$35.50 (10/24/2025)","$38.75","$18.09","$57.39","63.64","18","$697.48"
"Drakloak 2025 Scarlet & Violet: Prismatic Evolutions #072/131 Reverse Holo Raw TCG (Near Mint)","-3.00","-$0.08","$2.67","$2.59 (10/23/2025)","$2.14","$1.29","$2.67","400.00","5","$10.70"
"Mega Lucario ex 2025 Japanese Mega Brave #92/63 Mega Ultra Rare (Secret) Raw TCG (Near Mint)","-3.05","-$12.89","$422.74","$409.85 (10/23/2025)","$399.56","$351.00","$424.65","-53.85","6","$2397.37"
"Larvitar 2025 Scarlet & Violet: Journey Together #080/159 Reverse Holo Raw TCG (Near Mint)","-3.10","-$0.04","$1.29","$1.25 (10/23/2025)","$1.49","$1.05","$2.02","200.00","6","$8.91"
"Shedinja 2025 Japanese Mega Symphonia #72/63 Art Rare Raw TCG (Near Mint)","-3.14","-$0.12","$3.70","$3.58 (10/24/2025)","$4.11","$1.91","$21.50","-14.15","91","$373.58"
"Team Rocket's Grimer 2025 Scarlet & Violet: Destined Rivals #123/182 Reverse Holo Raw TCG (Near Mint)","-3.14","-$0.05","$1.59","$1.54 (10/19/2025)","$1.50","$1.35","$1.59","66.67","5","$7.51"
"Hydrapple ex 2025 Scarlet & Violet: Prismatic Evolutions #011/131 Double Rare Raw TCG (Near Mint)","-3.21","-$0.06","$1.87","$1.81 (10/22/2025)","$1.91","$0.99","$3.34","13.16","43","$82.02"
"Mega Lucario ex 2025 Mega Evolution #188/132 Mega Hyper Rare (Secret) Raw TCG (Near Mint)","-3.28","-$22.50","$685.00","$662.50 (10/24/2025)","$675.38","$450.00","$1526.69","490.91","130","$87799.36"
"Cinccino 2025 Scarlet & Violet: Black Bolt #076/086 Poke Ball Reverse Holo Raw TCG (Near Mint)","-3.33","-$0.05","$1.50","$1.45 (10/18/2025)","$1.98","$1.45","$2.99","-50.00","3","$5.94"
"Vanilluxe 2025 Scarlet & Violet: White Flare #029/086 Poke Ball Reverse Holo Raw TCG (Near Mint)","-3.33","-$0.05","$1.50","$1.45 (10/19/2025)","$2.41","$1.45","$4.06","0.00","5","$12.06"
"Lt. Surge's Bargain 2025 Mega Evolution #120/132 Base Raw TCG (Near Mint)","-3.33","-$0.05","$1.50","$1.45 (10/23/2025)","$1.56","$1.26","$2.64","0.00","10","$15.57"
"Gigalith 2025 Scarlet & Violet: White Flare #048/086 Master Ball Reverse Holo Raw TCG (Near Mint)","-3.33","-$0.31","$9.30","$8.99 (10/14/2025)","$9.14","$8.99","$9.30","-75.00","2","$18.29"
"Mienfoo 2025 Scarlet & Violet: White Flare #052/086 Master Ball Reverse Holo Raw TCG (Near Mint)","-3.60","-$0.18","$5.00","$4.82 (10/24/2025)","$5.19","$2.54","$9.83","-22.22","7","$36.31"
"Judge 2025 Scarlet & Violet: Destined Rivals #167/182 Base Raw TCG (Near Mint)","-3.87","-$0.06","$1.55","$1.49 (10/17/2025)","$1.52","$1.49","$1.55","100.00","2","$3.04"
"Riolu 2025 Scarlet & Violet: Prismatic Evolutions #050/131 Reverse Holo Raw TCG (Near Mint)","-3.88","-$0.05","$1.29","$1.24 (10/19/2025)","$1.85","$1.08","$2.69","0.00","7","$12.95"
"Vanillish 2025 Japanese Scarlet & Violet: White Flare #109/086 Art Rare Raw TCG (Near Mint)","-3.91","-$0.25","$6.39","$6.14 (10/23/2025)","$5.31","$2.49","$8.06","5.26","20","$106.15"
"Jolteon ex 2025 Scarlet & Violet: Prismatic Evolutions #153/131 Special Illustration Rare Raw TCG (Near Mint)","-3.96","-$6.60","$166.50","$159.90 (10/24/2025)","$184.13","$148.00","$319.99","-44.12","19","$3498.40"
"Lillie's Determination 2025 Mega Evolution #119/132 Base Raw TCG (Near Mint)","-4.08","-$0.18","$4.33","$4.15 (10/24/2025)","$2.76","$0.99","$20.00","869.23","126","$347.84"
"Cetitan ex 2025 Scarlet & Violet: Destined Rivals #210/182 Ultra Rare (Full Art) Raw TCG (Near Mint)","-4.17","-$0.13","$3.12","$2.99 (10/24/2025)","$3.78","$1.49","$10.78","-45.71","38","$143.69"
"Noibat 2025 Japanese Scarlet & Violet: Battle Partners #111/100 Art Rare Raw TCG (Near Mint)","-4.17","-$0.18","$4.21","$4.03 (10/24/2025)","$3.87","$1.04","$9.50","49.12","85","$328.56"
"Dragapult ex 2025 Scarlet & Violet: Prismatic Evolutions #165/131 Special Illustration Rare Raw TCG (Near Mint)","-4.21","-$3.55","$84.47","$80.92 (10/24/2025)","$86.23","$70.00","$102.85","0.00","16","$1379.69"
"Litleo 2025 Scarlet & Violet: Prismatic Evolutions #015/131 Poke Ball Reverse Holo Raw TCG (Near Mint)","-4.29","-$0.06","$1.40","$1.34 (10/23/2025)","$1.91","$1.20","$2.99","25.00","10","$19.08"
"Lillie's Clefairy ex 2025 Japanese Scarlet & Violet: Battle Partners #126/100 Special Art Rare Raw TCG (Near Mint)","-4.33","-$5.90","$136.40","$130.50 (10/22/2025)","$137.34","$130.50","$142.45","-60.00","4","$549.35"
"Lilligant 2025 Scarlet & Violet: Journey Together #007/159 Reverse Holo Raw TCG (Near Mint)","-4.46","-$0.09","$2.02","$1.93 (10/11/2025)","$1.76","$1.25","$2.02","0.00","5","$8.80"
"Dusknoir 2025 Scarlet & Violet: Prismatic Evolutions #037/131 Master Ball Reverse Holo Raw TCG (Near Mint)","-4.46","-$0.49","$10.99","$10.50 (10/23/2025)","$9.59","$6.00","$12.95","-5.88","16","$153.47"
"Cynthia's Roselia 2025 Scarlet & Violet: Destined Rivals #007/182 Base Raw TCG (Near Mint)","-4.57","-$0.08","$1.75","$1.67 (10/20/2025)","$1.54","$1.21","$1.75","0.00","3","$4.63"
"Conkeldurr 2025 Scarlet & Violet: Black Bolt #049/086 Master Ball Reverse Holo Raw TCG (Near Mint)","-4.57","-$0.16","$3.50","$3.34 (10/22/2025)","$3.42","$3.34","$3.50","-71.43","2","$6.84"
"Pignite 2025 Japanese Scarlet & Violet: White Flare #097/086 Art Rare Raw TCG (Near Mint)","-4.58","-$0.24","$5.24","$5.00 (10/15/2025)","$5.54","$5.00","$7.99","-81.82","6","$33.23"
"Iono's Kilowattrel 2025 Scarlet & Violet: Journey Together #055/159 Holo Raw TCG (Near Mint)","-4.70","-$0.07","$1.49","$1.42 (10/21/2025)","$1.71","$1.30","$2.99","-12.50","7","$11.97"
"Team Rocket's Moltres ex 2025 Scarlet & Violet: Destined Rivals #229/182 Special Illustration Rare Raw TCG (Near Mint)","-4.75","-$7.84","$165.00","$157.16 (10/24/2025)","$158.39","$135.00","$200.00","-62.92","33","$5226.72"
"Herdier 2025 Scarlet & Violet: White Flare #155/086 Illustration Rare Raw TCG (Near Mint)","-4.83","-$0.48","$9.91","$9.44 (10/24/2025)","$10.48","$0.99","$17.91","-35.59","38","$398.20"
"Team Rocket's Raticate 2025 Scarlet & Violet: Destined Rivals #202/182 Illustration Rare Raw TCG (Near Mint)","-4.83","-$0.61","$12.60","$12.00 (10/24/2025)","$10.04","$1.50","$18.61","-34.88","84","$843.17"
"Mamoswine ex 2025 Scarlet & Violet: Journey Together #174/159 Ultra Rare (Full Art) Raw TCG (Near Mint)","-4.92","-$0.16","$3.19","$3.03 (10/24/2025)","$2.47","$0.99","$7.97","0.00","73","$180.26"
"Beheeyem 2025 Scarlet & Violet: Black Bolt #121/086 Illustration Rare Raw TCG (Near Mint)","-5.01","-$0.25","$4.99","$4.74 (10/24/2025)","$5.92","$2.25","$9.72","-38.78","30","$177.64"
"Levincia 2025 Scarlet & Violet: Destined Rivals #244/182 Hyper Rare (Secret) Raw TCG (Near Mint)","-5.03","-$1.01","$20.00","$18.99 (10/24/2025)","$19.26","$9.99","$33.66","-28.30","38","$731.73"
"Pineco 2025 Scarlet & Violet: Destined Rivals #004/182 Reverse Holo Raw TCG (Near Mint)","-5.03","-$0.10","$1.99","$1.89 (10/12/2025)","$1.94","$1.89","$1.99","-60.00","2","$3.88"
"Deino 2025 Japanese Scarlet & Violet: White Flare #142/086 Art Rare Raw TCG (Near Mint)","-5.12","-$0.27","$5.27","$5.00 (10/22/2025)","$5.34","$3.75","$6.51","-54.55","15","$80.08"
"Ferrothorn 2025 Japanese Scarlet & Violet: White Flare #145/086 Art Rare Raw TCG (Near Mint)","-5.13","-$0.23","$4.48","$4.25 (10/24/2025)","$5.04","$3.25","$6.76","-31.58","13","$65.57"
"Clauncher 2025 Japanese Mega Symphonia #19/63 Base Raw TCG (Near Mint)","-5.26","-$0.05","$1.04","$0.99 (10/10/2025)","$1.03","$0.99","$1.10","50.00","3","$3.08"
"Emolga 2025 Japanese Scarlet & Violet: Black Bolt #032/086 Reverse Holo Raw TCG (Near Mint)","-5.29","-$0.10","$1.89","$1.79 (10/08/2025)","$1.84","$1.79","$1.89","100.00","2","$3.68"
"Vanilluxe 2025 Scarlet & Violet: White Flare #113/086 Illustration Rare Raw TCG (Near Mint)","-5.30","-$0.84","$15.84","$15.00 (10/24/2025)","$20.19","$10.00","$37.98","-18.37","40","$807.57"
"Cramorant 2025 Scarlet & Violet: Journey Together #137/159 Reverse Holo Raw TCG (Near Mint)","-5.30","-$0.14","$2.64","$2.50 (10/05/2025)","$2.55","$2.50","$2.64","-40.00","3","$7.64"
"Magmortar 2025 Scarlet & Violet: Journey Together #021/159 Holo Raw TCG (Near Mint)","-5.33","-$0.08","$1.50","$1.42 (10/24/2025)","$1.08","$0.71","$1.50","40.00","7","$7.58"
"Bloodmoon Ursaluna 2025 Scarlet & Violet: Prismatic Evolutions #054/131 Holo Raw TCG (Near Mint)","-5.37","-$0.08","$1.49","$1.41 (10/16/2025)","$1.47","$0.99","$1.99","100.00","4","$5.88"
"Shelmet 2025 Japanese Scarlet & Violet: White Flare #093/086 Art Rare Raw TCG (Near Mint)","-5.37","-$0.31","$5.71","$5.40 (10/21/2025)","$4.91","$3.75","$6.00","-66.67","7","$34.40"
"Hilda 2025 Scarlet & Violet: White Flare #171/086 Special Illustration Rare Raw TCG (Near Mint)","-5.48","-$3.22","$58.71","$55.50 (10/24/2025)","$59.96","$40.26","$80.00","-26.03","54","$3238.00"
"Regice 2025 Scarlet & Violet: Journey Together #042/159 Reverse Holo Raw TCG (Near Mint)","-5.50","-$0.11","$2.00","$1.89 (10/17/2025)","$1.97","$1.89","$2.08","-20.00","4","$7.87"
"Litleo 2025 Mega Evolution #023/132 Reverse Holo Raw TCG (Near Mint)","-5.53","-$0.11","$1.99","$1.88 (10/22/2025)","$1.43","$0.99","$1.99","0.00","14","$20.00"
"Swoobat 2025 Scarlet & Violet: White Flare #037/086 Master Ball Reverse Holo Raw TCG (Near Mint)","-5.56","-$0.50","$8.99","$8.49 (10/24/2025)","$6.19","$2.50","$8.99","133.33","7","$43.34"
"Dewott 2025 Japanese Scarlet & Violet: White Flare #019/086 Reverse Holo Raw TCG (Near Mint)","-5.59","-$0.10","$1.79","$1.69 (10/11/2025)","$1.74","$1.69","$1.79","0.00","2","$3.48"
"Glaceon ex 2025 Scarlet & Violet: Prismatic Evolutions #026/131 Double Rare Raw TCG (Near Mint)","-5.62","-$0.26","$4.56","$4.30 (10/24/2025)","$3.50","$0.99","$20.00","38.75","111","$388.37"
"Dreepy 2025 Scarlet & Violet: Prismatic Evolutions #071/131 Poke Ball Reverse Holo Raw TCG (Near Mint)","-5.68","-$0.15","$2.64","$2.49 (10/07/2025)","$2.92","$1.50","$6.63","-30.77","9","$26.26"
"Golett 2025 Scarlet & Violet: Black Bolt #122/086 Illustration Rare Raw TCG (Near Mint)","-5.69","-$0.33","$5.83","$5.50 (10/24/2025)","$6.61","$4.69","$9.89","-21.05","30","$198.27"
"Sawsbuck 2025 Scarlet & Violet: White Flare #092/086 Illustration Rare Raw TCG (Near Mint)","-5.88","-$1.00","$17.00","$16.00 (10/07/2025)","$15.71","$11.00","$17.56","-82.14","5","$78.55"
"Team Rocket's Giovanni 2025 Scarlet & Violet: Destined Rivals #174/182 Reverse Holo Raw TCG (Near Mint)","-6.04","-$0.16","$2.65","$2.49 (10/24/2025)","$2.49","$1.99","$2.66","-58.33","5","$12.45"
"Glass Trumpet 2025 Scarlet & Violet: Prismatic Evolutions #110/131 Reverse Holo Raw TCG (Near Mint)","-6.04","-$0.09","$1.49","$1.40 (10/10/2025)","$1.38","$1.24","$1.49","33.33","4","$5.53"
"Kyurem ex 2025 Scarlet & Violet: Black Bolt #165/086 Special Illustration Rare Raw TCG (Near Mint)","-6.13","-$4.45","$72.57","$68.12 (10/22/2025)","$75.57","$60.01","$130.00","-50.98","25","$1889.27"
"Team Rocket's Mewtwo ex 2025 Scarlet & Violet: Destined Rivals #081/182 Double Rare Raw TCG (Near Mint)","-6.22","-$0.19","$3.05","$2.86 (10/24/2025)","$3.23","$0.99","$8.04","-10.88","131","$423.29"
"Janine's Secret Art 2025 Scarlet & Violet: Prismatic Evolutions #112/131 Poke Ball Reverse Holo Raw TCG (Near Mint)","-6.29","-$0.10","$1.59","$1.49 (10/22/2025)","$1.54","$1.49","$1.59","-50.00","2","$3.08"
"Noibat 2025 Scarlet & Violet: Journey Together #127/159 Reverse Holo Raw TCG (Near Mint)","-6.29","-$0.10","$1.59","$1.49 (10/19/2025)","$1.63","$1.32","$2.69","-25.00","6","$9.79"
"Magnezone 2025 Mega Evolution #047/132 Reverse Holo Raw TCG (Near Mint)","-6.40","-$0.09","$1.48","$1.39 (10/13/2025)","$1.60","$0.99","$1.99","0.00","6","$9.58"
"Noibat 2025 Scarlet & Violet: Prismatic Evolutions #090/131 Poke Ball Reverse Holo Raw TCG (Near Mint)","-6.43","-$0.09","$1.40","$1.31 (10/24/2025)","$1.74","$1.31","$2.95","14.29","8","$13.93"
"Zorua 2025 Scarlet & Violet: White Flare #061/086 Poke Ball Reverse Holo Raw TCG (Near Mint)","-6.49","-$0.12","$1.85","$1.73 (10/19/2025)","$1.77","$1.00","$2.70","133.33","7","$12.40"
"Zekrom ex 2025 Japanese Scarlet & Violet: Black Bolt #169/086 Special Art Rare Raw TCG (Near Mint)","-6.52","-$8.15","$125.00","$116.85 (10/23/2025)","$134.61","$116.85","$164.99","-36.84","12","$1615.33"
"Yamask 2025 Japanese Scarlet & Violet: White Flare #119/086 Art Rare Raw TCG (Near Mint)","-6.54","-$0.35","$5.35","$5.00 (10/23/2025)","$4.90","$2.72","$6.05","-31.82","15","$73.45"
"Archen 2025 Scarlet & Violet: White Flare #050/086 Master Ball Reverse Holo Raw TCG (Near Mint)","-6.77","-$0.39","$5.69","$5.30 (10/24/2025)","$8.30","$2.00","$13.13","-44.44","5","$41.50"
"Team Rocket's Ampharos 2025 Scarlet & Violet: Destined Rivals #074/182 Reverse Holo Raw TCG (Near Mint)","-6.78","-$0.12","$1.77","$1.65 (10/22/2025)","$1.73","$1.59","$2.00","-42.86","8","$13.81"
"Team Rocket's Nidoking ex 2025 Japanese Scarlet & Violet: Glory of Team Rocket #126/098 Special Art Rare Raw TCG (Near Mint)","-6.87","-$3.81","$55.42","$51.61 (10/23/2025)","$63.51","$49.28","$82.76","-62.07","11","$698.57"
"Team Rocket's Raticate 2025 Japanese Scarlet & Violet: Glory of Team Rocket #108/098 Art Rare Raw TCG (Near Mint)","-6.93","-$0.45","$6.49","$6.04 (10/24/2025)","$4.65","$1.17","$6.52","-8.00","46","$214.04"
"Iono's Bellibolt ex 2025 Scarlet & Violet: Journey Together #183/159 Special Illustration Rare Raw TCG (Near Mint)","-6.95","-$3.53","$50.75","$47.22 (10/23/2025)","$46.53","$20.00","$57.99","-51.75","55","$2558.90"
"Shaymin 2025 Scarlet & Violet: Destined Rivals #010/182 Base Raw TCG (Near Mint)","-6.99","-$0.10","$1.43","$1.33 (10/23/2025)","$1.39","$1.10","$1.79","57.14","11","$15.31"
"Virizion 2025 Scarlet & Violet: Journey Together #015/159 Reverse Holo Raw TCG (Near Mint)","-7.04","-$0.14","$1.99","$1.85 (10/20/2025)","$2.20","$1.18","$3.96","57.14","11","$24.19"
"Reuniclus 2025 Japanese Scarlet & Violet: Black Bolt #125/086 Art Rare Raw TCG (Near Mint)","-7.14","-$0.44","$6.12","$5.68 (10/23/2025)","$5.24","$2.75","$6.99","13.64","25","$131.07"
"Seismitoad 2025 Scarlet & Violet: Black Bolt #105/086 Illustration Rare Raw TCG (Near Mint)","-7.15","-$13.98","$195.50","$181.52 (10/24/2025)","$190.52","$80.52","$270.00","-53.75","37","$7049.25"
"Ethan's Ho-Oh ex 2025 Scarlet & Violet: Destined Rivals #209/182 Ultra Rare (Full Art) Raw TCG (Near Mint)","-7.22","-$0.70","$9.70","$9.00 (10/24/2025)","$10.12","$4.75","$17.57","-37.50","70","$708.20"
"Tirtouga 2025 Scarlet & Violet: Black Bolt #022/086 Master Ball Reverse Holo Raw TCG (Near Mint)","-7.22","-$1.01","$13.99","$12.98 (10/23/2025)","$10.95","$3.99","$13.99","-50.00","5","$54.76"
"N's Klang 2025 Scarlet & Violet: Journey Together #104/159 Reverse Holo Raw TCG (Near Mint)","-7.25","-$0.14","$1.93","$1.79 (10/11/2025)","$1.86","$1.79","$1.93","0.00","2","$3.72"
"Munkidori 2025 Scarlet & Violet: Prismatic Evolutions #044/131 Reverse Holo Raw TCG (Near Mint)","-7.36","-$0.17","$2.31","$2.14 (10/22/2025)","$2.09","$1.89","$2.31","28.57","9","$18.78"
"Dunsparce 2025 Scarlet & Violet: Journey Together #120/159 Base Raw TCG (Near Mint)","-7.38","-$0.11","$1.49","$1.38 (10/18/2025)","$1.46","$1.38","$1.49","25.00","5","$7.30"
"Haxorus 2025 Scarlet & Violet: Black Bolt #070/086 Poke Ball Reverse Holo Raw TCG (Near Mint)","-7.41","-$0.14","$1.89","$1.75 (10/19/2025)","$2.37","$1.54","$3.37","0.00","5","$11.85"
"Pupitar 2025 Scarlet & Violet: Journey Together #081/159 Reverse Holo Raw TCG (Near Mint)","-7.41","-$0.10","$1.35","$1.25 (10/23/2025)","$1.30","$1.25","$1.35","0.00","2","$2.60"
"Arven's Skwovet 2025 Scarlet & Violet: Destined Rivals #158/182 Reverse Holo Raw TCG (Near Mint)","-7.41","-$0.10","$1.35","$1.25 (10/22/2025)","$1.68","$1.25","$2.24","33.33","4","$6.72"
"Magmar 2025 Scarlet & Violet: Journey Together #020/159 Reverse Holo Raw TCG (Near Mint)","-7.41","-$0.10","$1.35","$1.25 (10/23/2025)","$1.53","$1.25","$2.28","33.33","4","$6.13"
"Applin 2025 Scarlet & Violet: Destined Rivals #016/182 Reverse Holo Raw TCG (Near Mint)","-7.41","-$0.10","$1.35","$1.25 (10/24/2025)","$1.56","$1.07","$2.25","150.00","10","$15.63"
"Team Rocket's Sneasel 2025 Scarlet & Violet: Destined Rivals #128/182 Reverse Holo Raw TCG (Near Mint)","-7.43","-$0.13","$1.75","$1.62 (10/23/2025)","$1.97","$1.25","$2.60","112.50","17","$33.50"
"Misty's Psyduck 2025 Scarlet & Violet: Destined Rivals #193/182 Illustration Rare Raw TCG (Near Mint)","-7.45","-$5.23","$70.23","$65.00 (10/23/2025)","$69.29","$46.57","$92.00","-53.39","103","$7137.35"
"Team Rocket's Giovanni 2025 Scarlet & Violet: Destined Rivals #174/182 Base Raw TCG (Near Mint)","-7.47","-$5.25","$70.25","$65.00 (10/11/2025)","$67.63","$65.00","$70.25","-60.00","2","$135.25"
"Palpitoad 2025 Scarlet & Violet: Black Bolt #020/086 Poke Ball Reverse Holo Raw TCG (Near Mint)","-7.53","-$0.29","$3.85","$3.56 (10/12/2025)","$2.67","$1.66","$3.85","66.67","5","$13.33"
"Umbreon 2025 Scarlet & Violet: Prismatic Evolutions #059/131 Master Ball Reverse Holo Raw TCG (Near Mint)","-7.54","-$6.19","$82.00","$75.81 (10/24/2025)","$77.14","$65.00","$95.00","-42.31","15","$1157.07"
"Repel 2025 Mega Evolution #126/132 Reverse Holo Raw TCG (Near Mint)","-7.59","-$0.11","$1.45","$1.34 (10/21/2025)","$1.40","$0.99","$1.98","0.00","5","$7.01"
"Deino 2025 Scarlet & Violet: White Flare #146/086 Illustration Rare Raw TCG (Near Mint)","-7.64","-$0.99","$12.99","$12.00 (10/24/2025)","$11.92","$5.50","$24.90","-29.85","47","$560.08"
"Drilbur 2025 Scarlet & Violet: Black Bolt #124/086 Illustration Rare Raw TCG (Near Mint)","-7.64","-$0.42","$5.50","$5.08 (10/24/2025)","$5.97","$3.00","$12.00","-52.94","24","$143.25"
"Team Rocket's Weezing 2025 Scarlet & Violet: Destined Rivals #126/182 Reverse Holo Raw TCG (Near Mint)","-7.67","-$0.11","$1.50","$1.39 (10/17/2025)","$1.83","$1.37","$2.21","16.67","7","$12.78"
"Raifort 2025 Scarlet & Violet: Prismatic Evolutions #142/131 Ultra Rare (Full Art) Raw TCG (Near Mint)","-7.68","-$0.17","$2.28","$2.10 (10/24/2025)","$2.28","$0.99","$7.40","35.00","54","$122.98"
"Mega Charizard X ex 2025 Japanese Mega: Inferno X #116/80 Mega Ultra Rare (Secret) Raw TCG (Near Mint)","-7.69","-$75.00","$975.00","$900.00 (10/24/2025)","$792.43","$645.21","$1099.99","5100.00","52","$41206.26"
"Toedscruel 2025 Scarlet & Violet: Journey Together #089/159 Reverse Holo Raw TCG (Near Mint)","-7.82","-$0.14","$1.79","$1.65 (10/18/2025)","$1.98","$1.65","$2.23","-37.50","5","$9.89"
"Gothitelle 2025 Japanese Scarlet & Violet: White Flare #123/086 Art Rare Raw TCG (Near Mint)","-7.87","-$0.55","$6.99","$6.44 (10/24/2025)","$6.34","$3.25","$11.25","-17.86","23","$145.71"
"Gigalith 2025 Scarlet & Violet: White Flare #129/086 Illustration Rare Raw TCG (Near Mint)","-7.87","-$1.24","$15.75","$14.51 (10/24/2025)","$14.30","$3.25","$20.20","-34.09","29","$414.73"
"Hippopotas 2025 Scarlet & Violet: Destined Rivals #105/182 Reverse Holo Raw TCG (Near Mint)","-8.15","-$0.11","$1.35","$1.24 (10/21/2025)","$1.50","$1.07","$2.25","75.00","7","$10.49"
"Taillow 2025 Scarlet & Violet: Destined Rivals #156/182 Reverse Holo Raw TCG (Near Mint)","-8.18","-$0.13","$1.59","$1.46 (10/21/2025)","$1.47","$0.99","$1.99","100.00","8","$11.75"
"Cinccino 2025 Scarlet & Violet: Black Bolt #076/086 Master Ball Reverse Holo Raw TCG (Near Mint)","-8.18","-$0.49","$5.99","$5.50 (10/03/2025)","$8.14","$5.50","$12.94","-25.00","3","$24.43"
"Teal Mask Ogerpon 2025 Scarlet & Violet: Destined Rivals #026/182 Reverse Holo Raw TCG (Near Mint)","-8.21","-$0.19","$2.31","$2.13 (10/22/2025)","$2.21","$1.75","$2.54","28.57","9","$19.89"
"Archeops 2025 Scarlet & Violet: White Flare #051/086 Holo Raw TCG (Near Mint)","-8.21","-$0.11","$1.34","$1.23 (10/20/2025)","$1.29","$1.19","$1.49","-55.56","4","$5.15"
"Panpour 2025 Japanese Scarlet & Violet: Black Bolt #105/086 Art Rare Raw TCG (Near Mint)","-8.21","-$0.50","$6.09","$5.59 (10/24/2025)","$5.29","$2.25","$8.34","0.00","24","$126.86"
"Cornerstone Mask Ogerpon ex 2025 Scarlet & Violet: Prismatic Evolutions #160/131 Special Illustration Rare Raw TCG (Near Mint)","-8.24","-$1.44","$17.44","$16.00 (10/23/2025)","$17.46","$11.00","$25.00","-9.09","20","$349.26"
"Watchog 2025 Scarlet & Violet: White Flare #073/086 Reverse Holo Raw TCG (Near Mint)","-8.33","-$0.09","$1.08","$0.99 (10/19/2025)","$1.04","$0.99","$1.08","-50.00","2","$2.07"
"Gigalith 2025 Scarlet & Violet: White Flare #048/086 Reverse Holo Raw TCG (Near Mint)","-8.33","-$0.09","$1.08","$0.99 (10/18/2025)","$1.04","$0.99","$1.08","100.00","2","$2.07"
"Eevee 2025 Scarlet & Violet: Prismatic Evolutions #074/131 Master Ball Reverse Holo Raw TCG (Near Mint)","-8.34","-$1.00","$11.99","$10.99 (10/24/2025)","$12.55","$8.97","$19.90","-25.00","12","$150.66"
"Leavanny 2025 Japanese Scarlet & Violet: White Flare #089/086 Art Rare Raw TCG (Near Mint)","-8.38","-$0.41","$4.89","$4.48 (10/23/2025)","$5.12","$2.00","$10.94","-62.86","13","$66.58"
"N's Joltik 2025 Scarlet & Violet: Journey Together #049/159 Reverse Holo Raw TCG (Near Mint)","-8.39","-$0.13","$1.59","$1.46 (10/16/2025)","$1.63","$1.24","$2.21","50.00","6","$9.76"
"Sigilyph 2025 Scarlet & Violet: White Flare #038/086 Reverse Holo Raw TCG (Near Mint)","-8.39","-$0.13","$1.49","$1.36 (10/12/2025)","$1.65","$0.99","$3.04","0.00","5","$8.25"
"N's Plan 2025 Scarlet & Violet: Black Bolt #083/086 Base Raw TCG (Near Mint)","-8.43","-$0.11","$1.25","$1.14 (10/23/2025)","$1.22","$1.14","$1.25","-42.86","4","$4.88"
"Iono's Bellibolt ex 2025 Scarlet & Violet: Journey Together #172/159 Ultra Rare (Full Art) Raw TCG (Near Mint)","-8.46","-$0.38","$4.46","$4.08 (10/24/2025)","$4.96","$2.16","$13.27","-37.00","63","$312.41"
"Misty's Psyduck 2025 Japanese Scarlet & Violet: Heat Wave Arena #071/063 Art Rare Raw TCG (Near Mint)","-8.61","-$1.74","$20.24","$18.50 (10/24/2025)","$19.92","$13.99","$26.99","-35.62","47","$936.46"
"Salamence ex 2025 Scarlet & Violet: Journey Together #114/159 Double Rare Raw TCG (Near Mint)","-8.68","-$0.19","$2.19","$2.00 (10/23/2025)","$2.45","$1.00","$4.31","-26.00","37","$90.53"
"Miltank 2025 Scarlet & Violet: Prismatic Evolutions #081/131 Poke Ball Reverse Holo Raw TCG (Near Mint)","-8.68","-$0.19","$2.19","$2.00 (10/23/2025)","$2.52","$2.00","$3.15","0.00","5","$12.58"
"Keldeo ex 2025 Japanese Scarlet & Violet: White Flare #169/086 Special Art Rare Raw TCG (Near Mint)","-8.70","-$2.00","$23.00","$21.00 (10/13/2025)","$22.32","$21.00","$23.00","-77.78","4","$89.28"
"Techno Radar 2025 Scarlet & Violet: Prismatic Evolutions #130/131 Poke Ball Reverse Holo Raw TCG (Near Mint)","-8.81","-$0.14","$1.59","$1.45 (10/23/2025)","$1.56","$1.45","$1.69","25.00","5","$7.81"
"Croagunk 2025 Mega Evolution #078/132 Reverse Holo Raw TCG (Near Mint)","-8.85","-$0.14","$1.52","$1.39 (10/12/2025)","$1.67","$1.06","$1.99","0.00","8","$13.33"
"Zoroark 2025 Scarlet & Violet: White Flare #143/086 Illustration Rare Raw TCG (Near Mint)","-8.86","-$4.21","$47.48","$43.27 (10/22/2025)","$40.24","$31.00","$54.95","-27.27","40","$1609.65"
"Oinkologne 2025 Scarlet & Violet: Journey Together #140/159 Reverse Holo Raw TCG (Near Mint)","-8.88","-$0.23","$2.59","$2.36 (10/23/2025)","$2.22","$0.99","$3.00","50.00","12","$26.59"
"Mega Heracross ex 2025 Japanese Mega: Inferno X #93/80 Super Rare (Full Art) Raw TCG (Near Mint)","-8.99","-$0.75","$8.39","$7.64 (10/24/2025)","$7.10","$2.32","$16.98","0.00","57","$404.90"
"Genesect ex 2025 Scarlet & Violet: Black Bolt #169/086 Special Illustration Rare Raw TCG (Near Mint)","-9.17","-$5.50","$60.00","$54.50 (10/24/2025)","$57.36","$37.00","$81.99","-50.00","17","$975.19"
"Cynthia's Garchomp ex 2025 Scarlet & Violet: Destined Rivals #241/182 Hyper Rare (Secret) Raw TCG (Near Mint)","-9.23","-$4.34","$47.05","$42.70 (10/20/2025)","$43.06","$30.00","$60.63","-60.94","25","$1076.54"
"Ethan's Quilava 2025 Scarlet & Violet: Destined Rivals #033/182 Reverse Holo Raw TCG (Near Mint)","-9.26","-$0.13","$1.35","$1.23 (10/19/2025)","$1.61","$1.00","$2.62","0.00","12","$19.27"
"Iono's Kilowattrel 2025 Japanese Scarlet & Violet: Battle Partners #032/100 Holo Raw TCG (Near Mint)","-9.38","-$0.12","$1.28","$1.16 (10/17/2025)","$1.22","$1.16","$1.28","0.00","2","$2.44"
"Marnie's Impidimp 2025 Scarlet & Violet: Destined Rivals #134/182 Base Raw TCG (Near Mint)","-9.40","-$0.14","$1.49","$1.35 (10/19/2025)","$1.58","$1.35","$1.79","0.00","5","$7.90"
"Houndstone 2025 Japanese Mega Symphonia #73/63 Art Rare Raw TCG (Near Mint)","-9.45","-$0.31","$3.30","$2.98 (10/24/2025)","$3.29","$0.99","$6.50","-5.19","73","$240.22"
"Watchog 2025 Japanese Scarlet & Violet: White Flare #152/086 Art Rare Raw TCG (Near Mint)","-9.50","-$0.42","$4.42","$4.00 (10/22/2025)","$4.10","$3.58","$5.16","23.08","16","$65.55"
"Aromatisse 2025 Scarlet & Violet: Prismatic Evolutions #039/131 Master Ball Reverse Holo Raw TCG (Near Mint)","-9.52","-$0.63","$6.62","$5.99 (10/24/2025)","$7.53","$1.99","$14.83","40.00","7","$52.71"
"Team Rocket's Petrel 2025 Scarlet & Violet: Destined Rivals #226/182 Ultra Rare (Full Art) Raw TCG (Near Mint)","-9.66","-$0.62","$6.37","$5.75 (10/24/2025)","$6.09","$0.99","$10.63","-43.33","51","$310.69"
"Mega Sharpedo ex 2025 Japanese Mega: Inferno X #113/80 Special Art Rare Raw TCG (Near Mint)","-9.67","-$2.65","$27.43","$24.78 (10/23/2025)","$26.94","$16.38","$41.98","0.00","68","$1831.81"
"Sewaddle 2025 Japanese Scarlet & Violet: White Flare #087/086 Art Rare Raw TCG (Near Mint)","-9.82","-$0.49","$4.99","$4.50 (10/19/2025)","$5.51","$3.25","$10.94","-55.26","17","$93.70"
"Boldore 2025 Scarlet & Violet: White Flare #047/086 Master Ball Reverse Holo Raw TCG (Near Mint)","-9.87","-$0.39","$3.95","$3.56 (10/24/2025)","$3.54","$2.25","$3.99","0.00","5","$17.72"
"Flutter Mane 2025 Scarlet & Violet: Prismatic Evolutions #043/131 Master Ball Reverse Holo Raw TCG (Near Mint)","-9.96","-$0.99","$9.99","$9.00 (10/21/2025)","$9.56","$8.00","$10.99","-36.36","7","$66.94"
"Iron Boulder 2025 Scarlet & Violet: Prismatic Evolutions #046/131 Poke Ball Reverse Holo Raw TCG (Near Mint)","-10.00","-$0.15","$1.50","$1.35 (10/24/2025)","$1.37","$1.06","$1.69","100.00","6","$8.21"
"Volcanion ex 2025 Japanese Scarlet & Violet: Battle Partners #017/100 Double Rare Raw TCG (Near Mint)","-10.00","-$0.18","$1.80","$1.62 (10/17/2025)","$1.71","$1.62","$1.80","-33.33","2","$3.42"
"Volcarona 2025 Japanese Scarlet & Violet: Black Bolt #104/086 Art Rare Raw TCG (Near Mint)","-10.01","-$1.00","$9.99","$8.99 (10/24/2025)","$8.19","$3.00","$9.99","-53.33","14","$114.63"
"Gumshoos 2025 Mega Evolution #153/132 Illustration Rare Raw TCG (Near Mint)","-10.20","-$1.25","$12.21","$10.97 (10/24/2025)","$19.34","$5.99","$50.00","1485.29","539","$10422.82"
"Bronzong 2025 Scarlet & Violet: Prismatic Evolutions #067/131 Poke Ball Reverse Holo Raw TCG (Near Mint)","-10.34","-$0.15","$1.45","$1.30 (10/20/2025)","$1.37","$1.30","$1.45","0.00","3","$4.11"
"Stufful 2025 Japanese Mega Symphonia #75/63 Art Rare Raw TCG (Near Mint)","-10.37","-$0.40","$3.83","$3.43 (10/24/2025)","$4.34","$2.49","$27.60","11.96","103","$446.62"
"Golett 2025 Japanese Scarlet & Violet: Black Bolt #128/086 Art Rare Raw TCG (Near Mint)","-10.54","-$0.63","$5.98","$5.35 (10/23/2025)","$5.08","$3.42","$5.98","11.11","10","$50.76"
"Acerola's Mischief 2025 Mega Evolution #113/132 Reverse Holo Raw TCG (Near Mint)","-10.55","-$0.21","$1.99","$1.78 (10/15/2025)","$1.79","$1.25","$1.99","133.33","7","$12.55"
"Liepard 2025 Japanese Scarlet & Violet: White Flare #135/086 Art Rare Raw TCG (Near Mint)","-10.56","-$0.64","$6.03","$5.39 (10/24/2025)","$5.73","$4.00","$9.38","0.00","25","$143.18"
"Prime Catcher 2025 Scarlet & Violet: Prismatic Evolutions #119/131 Holo (ACE SPEC) Raw TCG (Near Mint)","-10.57","-$0.39","$3.69","$3.30 (10/23/2025)","$2.65","$1.37","$3.99","-21.21","26","$68.90"
"Zamazenta 2025 Scarlet & Violet: Destined Rivals #201/182 Illustration Rare Raw TCG (Near Mint)","-10.62","-$0.82","$7.69","$6.87 (10/24/2025)","$7.58","$2.00","$13.78","10.56","157","$1190.13"
"Mega Absol ex 2025 Mega Evolution #086/132 Double Rare Raw TCG (Near Mint)","-10.62","-$0.32","$3.06","$2.74 (10/24/2025)","$2.38","$0.99","$13.41","349.18","274","$651.29"
"Team Rocket's Koffing 2025 Scarlet & Violet: Destined Rivals #125/182 Reverse Holo Raw TCG (Near Mint)","-10.69","-$0.17","$1.59","$1.42 (10/22/2025)","$1.36","$1.25","$1.59","33.33","8","$10.85"
"Mankey 2025 Scarlet & Violet: Destined Rivals #090/182 Reverse Holo Raw TCG (Near Mint)","-10.69","-$0.17","$1.59","$1.42 (10/18/2025)","$1.47","$1.15","$1.89","50.00","6","$8.82"
"Ethan's Sudowoodo 2025 Scarlet & Violet: Destined Rivals #093/182 Reverse Holo Raw TCG (Near Mint)","-10.71","-$0.15","$1.40","$1.25 (10/24/2025)","$1.36","$0.99","$1.88","60.00","8","$10.91"
"Archen 2025 Scarlet & Violet: White Flare #050/086 Reverse Holo Raw TCG (Near Mint)","-10.77","-$0.21","$1.95","$1.74 (10/08/2025)","$1.84","$1.74","$1.95","-50.00","2","$3.69"
"Stufful 2025 Mega Evolution #111/132 Base Raw TCG (Near Mint)","-10.78","-$0.18","$1.67","$1.49 (10/02/2025)","$1.58","$1.49","$1.67","100.00","2","$3.16"
"Noivern 2025 Scarlet & Violet: Journey Together #128/159 Holo Raw TCG (Near Mint)","-10.78","-$0.18","$1.67","$1.49 (10/19/2025)","$1.55","$1.35","$1.69","33.33","4","$6.20"
"Heliolisk 2025 Mega Evolution #053/132 Reverse Holo Raw TCG (Near Mint)","-10.80","-$0.22","$1.99","$1.77 (10/18/2025)","$1.58","$1.09","$2.15","0.00","9","$14.22"
"Whirlipede 2025 Scarlet & Violet: Black Bolt #133/086 Illustration Rare Raw TCG (Near Mint)","-10.88","-$0.67","$6.16","$5.49 (10/24/2025)","$5.78","$1.50","$10.67","-31.03","20","$115.59"
"N's Purrloin 2025 Scarlet & Violet: Journey Together #096/159 Reverse Holo Raw TCG (Near Mint)","-11.00","-$0.22","$2.00","$1.78 (10/16/2025)","$1.89","$1.78","$2.00","-33.33","2","$3.78"
"Ethan's Adventure 2025 Scarlet & Violet: Destined Rivals #165/182 Reverse Holo Raw TCG (Near Mint)","-11.03","-$0.16","$1.45","$1.29 (10/24/2025)","$1.58","$1.29","$1.89","133.33","7","$11.04"
"Area Zero Underdepths 2025 Scarlet & Violet: Prismatic Evolutions #094/131 Poke Ball Reverse Holo Raw TCG (Near Mint)","-11.05","-$0.21","$1.90","$1.69 (10/12/2025)","$1.79","$1.69","$1.90","0.00","2","$3.59"
"Marnie's Scrafty 2025 Scarlet & Violet: Destined Rivals #133/182 Reverse Holo Raw TCG (Near Mint)","-11.11","-$0.25","$2.25","$2.00 (10/21/2025)","$2.04","$1.89","$2.25","-42.86","4","$8.14"
"Hilda 2025 Scarlet & Violet: White Flare #084/086 Poke Ball Reverse Holo Raw TCG (Near Mint)","-11.14","-$0.50","$4.49","$3.99 (10/23/2025)","$4.49","$0.99","$8.60","10.53","21","$94.20"
"Purrloin 2025 Scarlet & Violet: White Flare #055/086 Reverse Holo Raw TCG (Near Mint)","-11.20","-$0.14","$1.25","$1.11 (10/24/2025)","$1.12","$0.99","$1.25","0.00","3","$3.35"
"Meganium 2025 Japanese Mega Symphonia #05/63 Holo Raw TCG (Near Mint)","-11.21","-$0.13","$1.11","$0.99 (10/11/2025)","$1.12","$0.99","$1.25","-33.33","6","$6.70"
"Yamper 2025 Japanese Mega: Inferno X #86/80 Art Rare Raw TCG (Near Mint)","-11.29","-$0.62","$5.49","$4.87 (10/24/2025)","$5.11","$1.29","$14.99","8500.00","86","$439.50"
"Escavalier 2025 Japanese Scarlet & Violet: Black Bolt #146/086 Art Rare Raw TCG (Near Mint)","-11.38","-$0.61","$5.36","$4.75 (10/22/2025)","$5.14","$3.50","$5.99","46.15","19","$97.73"
"Mow Rotom 2025 Scarlet & Violet: Destined Rivals #009/182 Reverse Holo Raw TCG (Near Mint)","-11.43","-$0.16","$1.40","$1.24 (10/22/2025)","$1.64","$1.24","$2.25","100.00","16","$26.17"
"Arboliva ex 2025 Japanese Scarlet & Violet: Glory of Team Rocket #012/098 Double Rare Raw TCG (Near Mint)","-11.43","-$0.20","$1.75","$1.55 (10/23/2025)","$1.86","$1.50","$2.27","500.00","6","$11.13"
"Swadloon 2025 Japanese Scarlet & Violet: White Flare #088/086 Art Rare Raw TCG (Near Mint)","-11.50","-$0.69","$6.00","$5.31 (10/23/2025)","$5.69","$4.26","$7.99","-55.00","18","$102.37"
"Forretress 2025 Scarlet & Violet: Destined Rivals #140/182 Reverse Holo Raw TCG (Near Mint)","-11.56","-$0.26","$2.25","$1.99 (10/21/2025)","$1.94","$1.65","$2.25","0.00","10","$19.42"
"Professor's Research 2025 Scarlet & Violet: Journey Together #155/159 Reverse Holo Raw TCG (Near Mint)","-11.56","-$0.26","$2.25","$1.99 (10/18/2025)","$2.46","$1.79","$4.25","75.00","7","$17.25"
"Mismagius ex 2025 Japanese Mega: Inferno X #97/80 Super Rare (Full Art) Raw TCG (Near Mint)","-11.57","-$0.62","$5.36","$4.74 (10/24/2025)","$5.80","$3.58","$8.49","0.00","26","$150.90"
"Shroodle 2025 Mega Evolution #091/132 Reverse Holo Raw TCG (Near Mint)","-11.62","-$0.23","$1.98","$1.75 (10/20/2025)","$1.43","$0.99","$1.98","0.00","9","$12.91"
"Rapidash 2025 Scarlet & Violet: Destined Rivals #189/182 Illustration Rare Raw TCG (Near Mint)","-11.83","-$1.14","$9.64","$8.50 (10/24/2025)","$10.28","$3.75","$19.27","-41.95","101","$1038.44"
"Xerneas 2025 Japanese Mega Symphonia #46/63 Holo Raw TCG (Near Mint)","-11.83","-$0.20","$1.69","$1.49 (10/24/2025)","$1.59","$1.49","$1.69","0.00","2","$3.18"
"Billy and O'Nare 2025 Scarlet & Violet: Journey Together #142/159 Reverse Holo Raw TCG (Near Mint)","-11.83","-$0.20","$1.69","$1.49 (10/16/2025)","$1.59","$1.49","$1.69","-33.33","2","$3.18"
"Team Rocket's Moltres ex 2025 Scarlet & Violet: Destined Rivals #031/182 Double Rare Raw TCG (Near Mint)","-11.92","-$0.41","$3.44","$3.03 (10/24/2025)","$2.38","$0.99","$5.31","9.46","81","$192.61"
"Slowking 2025 Scarlet & Violet: Prismatic Evolutions #019/131 Master Ball Reverse Holo Raw TCG (Near Mint)","-11.95","-$1.00","$8.37","$7.37 (10/23/2025)","$5.06","$0.99","$9.07","7.69","14","$70.90"
"Ethan's Magcargo 2025 Scarlet & Violet: Destined Rivals #036/182 Reverse Holo Raw TCG (Near Mint)","-11.96","-$0.25","$2.09","$1.84 (10/22/2025)","$1.78","$1.49","$2.09","-66.67","4","$7.11"
"Cobalion 2025 Scarlet & Violet: Black Bolt #066/086 Master Ball Reverse Holo Raw TCG (Near Mint)","-12.03","-$0.54","$4.49","$3.95 (10/12/2025)","$4.22","$3.95","$4.49","-33.33","2","$8.44"
"Antique Plume Fossil 2025 Scarlet & Violet: White Flare #079/086 Poke Ball Reverse Holo Raw TCG (Near Mint)","-12.06","-$0.24","$1.99","$1.75 (10/18/2025)","$1.88","$1.30","$2.49","33.33","4","$7.53"
"Cofagrigus 2025 Japanese Scarlet & Violet: White Flare #037/086 Master Ball Reverse Holo Raw TCG (Near Mint)","-12.06","-$0.48","$3.98","$3.50 (10/21/2025)","$3.74","$3.50","$3.98","0.00","2","$7.48"
"Shedinja 2025 Mega Evolution #061/132 Reverse Holo Raw TCG (Near Mint)","-12.06","-$0.24","$1.99","$1.75 (10/15/2025)","$1.65","$0.99","$1.99","0.00","8","$13.16"
"Zebstrika 2025 Scarlet & Violet: White Flare #032/086 Base Raw TCG (Near Mint)","-12.08","-$0.18","$1.49","$1.31 (10/13/2025)","$1.40","$1.31","$1.49","100.00","4","$5.60"
"Leafeon ex 2025 Scarlet & Violet: Prismatic Evolutions #006/131 Double Rare Raw TCG (Near Mint)","-12.10","-$0.65","$5.37","$4.72 (10/24/2025)","$4.53","$1.00","$10.14","-1.19","83","$376.18"
"Zacian 2025 Japanese Mega: Inferno X #87/80 Art Rare Raw TCG (Near Mint)","-12.13","-$0.68","$5.59","$4.91 (10/24/2025)","$5.16","$2.50","$14.50","0.00","97","$500.34"
"Festival Grounds 2025 Scarlet & Violet: Prismatic Evolutions #108/131 Poke Ball Reverse Holo Raw TCG (Near Mint)","-12.13","-$0.21","$1.69","$1.48 (10/11/2025)","$1.84","$1.48","$2.69","33.33","4","$7.35"
"Metapod 2025 Scarlet & Violet: Journey Together #002/159 Base Raw TCG (Near Mint)","-12.15","-$0.22","$1.81","$1.59 (10/18/2025)","$1.70","$1.59","$1.81","300.00","4","$6.80"
"Glaceon ex 2025 Scarlet & Violet: Prismatic Evolutions #150/131 Special Illustration Rare Raw TCG (Near Mint)","-12.22","-$22.00","$180.00","$158.00 (10/23/2025)","$188.78","$150.52","$254.27","7.41","29","$5474.74"
"Bulbasaur 2025 Mega Evolution #001/132 Base Raw TCG (Near Mint)","-12.28","-$0.21","$1.71","$1.50 (10/21/2025)","$1.51","$0.99","$2.63","950.00","21","$31.65"
"Hydrapple 2025 Scarlet & Violet: Destined Rivals #018/182 Reverse Holo Raw TCG (Near Mint)","-12.29","-$0.22","$1.79","$1.57 (10/20/2025)","$1.77","$1.25","$2.69","-30.00","7","$12.37"
"Ignition Energy 2025 Scarlet & Violet: White Flare #086/086 Base Raw TCG (Near Mint)","-12.44","-$0.24","$1.93","$1.69 (10/17/2025)","$1.85","$1.69","$2.02","-75.00","3","$5.55"
"Mega Venusaur ex 2025 Japanese Mega Brave #87/63 Special Art Rare Raw TCG (Near Mint)","-12.49","-$8.03","$64.32","$56.29 (10/24/2025)","$62.40","$48.00","$83.22","-19.15","76","$4742.32"
"Zweilous 2025 Scarlet & Violet: White Flare #066/086 Master Ball Reverse Holo Raw TCG (Near Mint)","-12.62","-$0.82","$6.50","$5.68 (10/21/2025)","$5.73","$5.00","$6.50","-62.50","3","$17.18"
"Dragapult ex 2025 Scarlet & Violet: Prismatic Evolutions #073/131 Double Rare Raw TCG (Near Mint)","-12.62","-$0.41","$3.25","$2.84 (10/24/2025)","$2.78","$0.99","$5.83","3.64","57","$158.42"
"Wally's Compassion 2025 Mega Evolution #132/132 Base Raw TCG (Near Mint)","-12.63","-$0.19","$1.47","$1.28 (10/21/2025)","$2.85","$1.07","$19.99","1100.00","12","$34.20"
"Bisharp 2025 Scarlet & Violet: Black Bolt #065/086 Poke Ball Reverse Holo Raw TCG (Near Mint)","-12.65","-$0.21","$1.66","$1.45 (10/19/2025)","$1.63","$1.45","$1.71","-33.33","4","$6.51"
"Mega Lopunny ex 2025 Japanese Mega: Inferno X #100/80 Super Rare (Full Art) Raw TCG (Near Mint)","-12.66","-$1.16","$9.14","$7.98 (10/24/2025)","$8.31","$3.55","$15.00","0.00","35","$290.82"
"Mega Kangaskhan ex 2025 Mega Evolution #104/132 Double Rare Raw TCG (Near Mint)","-12.67","-$0.40","$3.17","$2.77 (10/24/2025)","$3.00","$0.99","$13.42","418.18","342","$1027.65"
"Eelektrik 2025 Scarlet & Violet: Black Bolt #114/086 Illustration Rare Raw TCG (Near Mint)","-12.76","-$2.55","$19.99","$17.44 (10/21/2025)","$17.55","$12.00","$23.89","-16.67","15","$263.20"
"Eelektrik 2025 Japanese Scarlet & Violet: Black Bolt #118/086 Art Rare Raw TCG (Near Mint)","-12.80","-$0.69","$5.39","$4.70 (10/21/2025)","$4.82","$1.75","$8.99","-42.86","12","$57.78"
"Cynthia's Garchomp ex 2025 Japanese Scarlet & Violet: Heat Wave Arena #087/063 Special Art Rare Raw TCG (Near Mint)","-12.86","-$22.50","$175.00","$152.50 (10/15/2025)","$157.54","$55.97","$238.17","-16.67","5","$787.69"
"Snover 2025 Japanese Mega Symphonia #67/63 Art Rare Raw TCG (Near Mint)","-12.86","-$0.40","$3.11","$2.71 (10/23/2025)","$3.14","$0.99","$6.52","34.55","74","$232.52"
"Empoleon ex 2025 Japanese Mega: Inferno X #58/80 Double Rare Raw TCG (Near Mint)","-13.00","-$0.26","$2.00","$1.74 (10/24/2025)","$1.59","$0.90","$2.30","0.00","24","$38.14"
"Team Rocket's Moltres ex 2025 Japanese Scarlet & Violet: Glory of Team Rocket #112/098 Super Rare (Full Art) Raw TCG (Near Mint)","-13.26","-$1.59","$11.99","$10.40 (10/24/2025)","$11.08","$9.49","$13.78","-28.57","15","$166.22"
"Brock's Scouting 2025 Scarlet & Violet: Journey Together #146/159 Reverse Holo Raw TCG (Near Mint)","-13.33","-$0.30","$2.25","$1.95 (10/23/2025)","$1.88","$1.25","$2.25","-30.77","9","$16.89"
"Arrokuda 2025 Scarlet & Violet: Destined Rivals #062/182 Reverse Holo Raw TCG (Near Mint)","-13.33","-$0.18","$1.35","$1.17 (10/23/2025)","$1.27","$0.99","$1.37","-33.33","4","$5.06"
"Acerola's Mischief 2025 Japanese Mega Symphonia #84/63 Super Rare (Full Art) Raw TCG (Near Mint)","-13.38","-$2.47","$18.46","$15.99 (10/22/2025)","$14.19","$8.10","$18.46","-81.82","8","$113.54"
"Samurott 2025 Scarlet & Violet: White Flare #023/086 Reverse Holo Raw TCG (Near Mint)","-13.42","-$0.20","$1.49","$1.29 (10/19/2025)","$1.47","$1.08","$1.95","50.00","6","$8.81"
"Sawk 2025 Scarlet & Violet: White Flare #130/086 Illustration Rare Raw TCG (Near Mint)","-13.47","-$1.25","$9.24","$8.00 (10/24/2025)","$8.42","$0.99","$21.34","-17.31","43","$362.24"
"Vulpix 2025 Mega Evolution #138/132 Illustration Rare Raw TCG (Near Mint)","-13.57","-$3.38","$24.93","$21.55 (10/24/2025)","$24.32","$12.00","$40.00","810.91","501","$12184.52"
"Centiskorch 2025 Mega Evolution #030/132 Reverse Holo Raw TCG (Near Mint)","-13.61","-$0.23","$1.69","$1.46 (10/22/2025)","$1.49","$0.99","$2.00","0.00","13","$19.43"
"Electrike 2025 Scarlet & Violet: Destined Rivals #196/182 Illustration Rare Raw TCG (Near Mint)","-13.63","-$0.49","$3.57","$3.08 (10/24/2025)","$5.26","$1.25","$10.78","-28.00","72","$378.76"
"Garbodor 2025 Scarlet & Violet: White Flare #060/086 Master Ball Reverse Holo Raw TCG (Near Mint)","-13.81","-$1.38","$9.99","$8.61 (10/21/2025)","$10.64","$7.99","$14.76","-11.11","8","$85.16"
"Leafeon 2025 Scarlet & Violet: Prismatic Evolutions #005/131 Reverse Holo Raw TCG (Near Mint)","-13.94","-$0.29","$2.08","$1.79 (10/24/2025)","$1.82","$1.25","$2.99","266.67","11","$19.99"
"Levincia 2025 Scarlet & Violet: Journey Together #150/159 Reverse Holo Raw TCG (Near Mint)","-13.95","-$0.30","$2.15","$1.85 (10/17/2025)","$1.70","$1.20","$2.15","-16.67","5","$8.51"
"Salamence ex 2025 Scarlet & Violet: Journey Together #187/159 Special Illustration Rare Raw TCG (Near Mint)","-14.00","-$11.40","$81.40","$70.00 (10/24/2025)","$76.96","$57.00","$110.00","-60.32","50","$3848.00"
"Mega Camerupt ex 2025 Japanese Mega Brave #77/63 Super Rare (Full Art) Raw TCG (Near Mint)","-14.05","-$0.94","$6.69","$5.75 (10/23/2025)","$5.25","$1.50","$7.15","-52.73","26","$136.60"
"Cofagrigus 2025 Japanese Scarlet & Violet: White Flare #120/086 Art Rare Raw TCG (Near Mint)","-14.07","-$0.73","$5.21","$4.48 (10/17/2025)","$4.98","$4.00","$5.76","-52.17","11","$54.81"
"Kangaskhan 2025 Scarlet & Violet: Destined Rivals #204/182 Illustration Rare Raw TCG (Near Mint)","-14.07","-$1.75","$12.41","$10.66 (10/24/2025)","$12.72","$6.50","$19.99","-26.15","144","$1832.32"
"Team Rocket's Chingling 2025 Scarlet & Violet: Destined Rivals #085/182 Reverse Holo Raw TCG (Near Mint)","-14.07","-$0.19","$1.35","$1.16 (10/22/2025)","$1.32","$1.07","$1.88","57.14","11","$14.51"
"Stoutland 2025 Scarlet & Violet: White Flare #156/086 Illustration Rare Raw TCG (Near Mint)","-14.10","-$1.97","$13.97","$12.00 (10/23/2025)","$14.09","$7.50","$19.99","-43.18","25","$352.19"
"Buddy-Buddy Poffin 2025 Scarlet & Violet: Prismatic Evolutions #101/131 Poke Ball Reverse Holo Raw TCG (Near Mint)","-14.11","-$0.46","$3.26","$2.80 (10/15/2025)","$3.54","$2.80","$5.17","0.00","5","$17.71"
"Shedinja 2025 Mega Evolution #144/132 Illustration Rare Raw TCG (Near Mint)","-14.15","-$1.09","$7.72","$6.63 (10/24/2025)","$7.53","$2.50","$15.99","1196.00","324","$2439.75"
"Team Rocket's Watchtower 2025 Scarlet & Violet: Destined Rivals #180/182 Reverse Holo Raw TCG (Near Mint)","-14.20","-$0.35","$2.50","$2.15 (10/22/2025)","$2.00","$1.35","$2.50","140.00","12","$24.05"
"Virizion 2025 Scarlet & Violet: White Flare #095/086 Illustration Rare Raw TCG (Near Mint)","-14.38","-$2.73","$18.99","$16.26 (10/19/2025)","$16.11","$8.99","$22.02","-50.00","12","$193.28"
"Clawitzer 2025 Japanese Mega Symphonia #68/63 Art Rare Raw TCG (Near Mint)","-14.43","-$0.59","$4.09","$3.50 (10/24/2025)","$3.62","$1.00","$22.50","10.00","77","$278.43"
"Cryogonal 2025 Scarlet & Violet: Black Bolt #111/086 Illustration Rare Raw TCG (Near Mint)","-14.44","-$0.87","$5.99","$5.13 (10/24/2025)","$6.13","$2.50","$9.83","-9.52","38","$232.91"
"Noctowl 2025 Scarlet & Violet: Prismatic Evolutions #078/131 Master Ball Reverse Holo Raw TCG (Near Mint)","-14.50","-$1.45","$10.00","$8.55 (10/20/2025)","$12.92","$8.55","$22.97","-25.00","6","$77.50"
"Pidove 2025 Scarlet & Violet: Black Bolt #071/086 Master Ball Reverse Holo Raw TCG (Near Mint)","-14.63","-$0.54","$3.69","$3.15 (10/24/2025)","$3.28","$2.99","$3.69","-50.00","3","$9.83"
"Switch 2025 Japanese Mega: Inferno X #102/80 Super Rare (Full Art) Raw TCG (Near Mint)","-14.67","-$0.60","$4.09","$3.49 (10/23/2025)","$3.32","$1.74","$4.99","0.00","8","$26.55"
"N's Reshiram 2025 Japanese Scarlet & Violet: Battle Partners #074/100 Holo Raw TCG (Near Mint)","-14.67","-$0.27","$1.84","$1.57 (10/12/2025)","$1.47","$0.99","$1.84","50.00","3","$4.40"
"Blaziken 2025 Scarlet & Violet: Destined Rivals #192/182 Illustration Rare Raw TCG (Near Mint)","-14.76","-$2.53","$17.16","$14.62 (10/24/2025)","$15.69","$8.50","$28.34","-38.84","137","$2149.11"
"Combusken 2025 Scarlet & Violet: Journey Together #023/159 Reverse Holo Raw TCG (Near Mint)","-14.86","-$0.26","$1.75","$1.49 (10/17/2025)","$1.58","$1.49","$1.75","50.00","3","$4.73"
"Cinderace 2025 Mega Evolution #028/132 Reverse Holo Raw TCG (Near Mint)","-14.86","-$0.26","$1.75","$1.49 (10/23/2025)","$1.69","$0.99","$2.25","350.00","9","$15.24"
"Regirock 2025 Scarlet & Violet: Journey Together #082/159 Holo Raw TCG (Near Mint)","-14.89","-$0.35","$2.35","$2.00 (10/22/2025)","$2.17","$2.00","$2.35","-33.33","2","$4.35"
"Mega Gardevoir ex 2025 Mega Evolution #187/132 Mega Hyper Rare (Secret) Raw TCG (Near Mint)","-14.92","-$111.88","$750.00","$638.13 (10/24/2025)","$644.11","$421.20","$950.00","838.46","122","$78581.74"
"Fearow 2025 Mega Evolution #103/132 Reverse Holo Raw TCG (Near Mint)","-15.08","-$0.30","$1.99","$1.69 (10/21/2025)","$1.71","$0.99","$1.99","800.00","9","$15.41"
"Metang 2025 Scarlet & Violet: Journey Together #062/159 Reverse Holo Raw TCG (Near Mint)","-15.09","-$0.24","$1.59","$1.35 (10/19/2025)","$1.41","$1.30","$1.59","-25.00","3","$4.24"
"Steven's Carbink 2025 Scarlet & Violet: Destined Rivals #086/182 Reverse Holo Raw TCG (Near Mint)","-15.09","-$0.24","$1.59","$1.35 (10/12/2025)","$1.43","$1.35","$1.59","50.00","3","$4.29"
"Festival Grounds 2025 Scarlet & Violet: Prismatic Evolutions #108/131 Reverse Holo Raw TCG (Near Mint)","-15.09","-$0.24","$1.59","$1.35 (10/03/2025)","$1.47","$1.35","$1.59","0.00","2","$2.94"
"Rotom 2025 Scarlet & Violet: Destined Rivals #077/182 Reverse Holo Raw TCG (Near Mint)","-15.09","-$0.24","$1.59","$1.35 (10/20/2025)","$1.58","$1.35","$2.25","150.00","10","$15.78"
"Snover 2025 Scarlet & Violet: Destined Rivals #059/182 Reverse Holo Raw TCG (Near Mint)","-15.19","-$0.21","$1.35","$1.15 (10/14/2025)","$1.19","$0.87","$1.42","-33.33","4","$4.74"
"Terrakion 2025 Scarlet & Violet: White Flare #135/086 Illustration Rare Raw TCG (Near Mint)","-15.24","-$2.52","$16.50","$13.98 (10/24/2025)","$14.23","$5.00","$22.79","-55.81","19","$270.37"
"Glaceon 2025 Scarlet & Violet: Prismatic Evolutions #025/131 Reverse Holo Raw TCG (Near Mint)","-15.26","-$0.38","$2.49","$2.11 (10/23/2025)","$2.46","$1.49","$4.02","-8.33","11","$27.02"
"Team Rocket's Golbat 2025 Scarlet & Violet: Destined Rivals #121/182 Reverse Holo Raw TCG (Near Mint)","-15.38","-$0.30","$1.95","$1.65 (10/20/2025)","$1.95","$1.65","$2.39","-54.55","5","$9.76"
"Arboliva ex 2025 Scarlet & Violet: Destined Rivals #023/182 Double Rare Raw TCG (Near Mint)","-15.47","-$0.41","$2.65","$2.24 (10/24/2025)","$1.99","$0.99","$3.96","75.00","42","$83.55"
"Yungoos 2025 Mega Evolution #109/132 Base Raw TCG (Near Mint)","-15.73","-$0.28","$1.78","$1.50 (10/10/2025)","$1.68","$1.50","$1.78","0.00","4","$6.73"
"Lunatone 2025 Mega Evolution #074/132 Reverse Holo Raw TCG (Near Mint)","-15.99","-$0.32","$1.97","$1.65 (10/22/2025)","$2.21","$1.25","$6.70","142.86","17","$37.50"
"Cofagrigus 2025 Scarlet & Violet: White Flare #040/086 Master Ball Reverse Holo Raw TCG (Near Mint)","-16.00","-$0.76","$4.75","$3.99 (10/10/2025)","$3.91","$3.00","$4.75","-62.50","3","$11.74"
"Team Rocket's Nidoran 2025 Scarlet & Violet: Destined Rivals #117/182 Base Raw TCG (Near Mint)","-16.11","-$0.24","$1.49","$1.25 (10/23/2025)","$1.37","$1.25","$1.49","0.00","2","$2.74"
"Annihilape 2025 Japanese Scarlet & Violet: Glory of Team Rocket #047/098 Holo Raw TCG (Near Mint)","-16.11","-$0.24","$1.49","$1.25 (10/13/2025)","$1.37","$1.25","$1.49","-33.33","2","$2.74"
"Rapidash 2025 Japanese Scarlet & Violet: Heat Wave Arena #014/063 Base Raw TCG (Near Mint)","-16.11","-$0.24","$1.49","$1.25 (10/01/2025)","$1.37","$1.25","$1.49","0.00","2","$2.74"
"Abra 2025 Mega Evolution #054/132 Reverse Holo Raw TCG (Near Mint)","-16.11","-$0.24","$1.49","$1.25 (10/23/2025)","$1.85","$0.82","$2.95","1350.00","29","$53.65"
"Durant 2025 Scarlet & Violet: White Flare #150/086 Illustration Rare Raw TCG (Near Mint)","-16.13","-$0.96","$5.95","$4.99 (10/24/2025)","$6.70","$4.00","$11.88","-27.91","31","$207.75"
"Servine 2025 Japanese Scarlet & Violet: Black Bolt #002/086 Master Ball Reverse Holo Raw TCG (Near Mint)","-16.13","-$0.96","$5.95","$4.99 (10/05/2025)","$5.47","$4.99","$5.95","-71.43","2","$10.94"
"Hippopotas 2025 Scarlet & Violet: Prismatic Evolutions #052/131 Poke Ball Reverse Holo Raw TCG (Near Mint)","-16.15","-$0.21","$1.30","$1.09 (10/20/2025)","$1.20","$1.09","$1.30","0.00","2","$2.39"
"Eelektross 2025 Japanese Scarlet & Violet: Black Bolt #119/086 Art Rare Raw TCG (Near Mint)","-16.19","-$0.97","$5.99","$5.02 (10/24/2025)","$5.83","$4.50","$6.98","-26.32","14","$81.66"
"Cetitan ex 2025 Japanese Scarlet & Violet: Glory of Team Rocket #032/098 Double Rare Raw TCG (Near Mint)","-16.29","-$0.36","$2.21","$1.85 (10/23/2025)","$2.06","$1.81","$2.22","0.00","5","$10.30"
"Panpour 2025 Scarlet & Violet: Black Bolt #017/086 Master Ball Reverse Holo Raw TCG (Near Mint)","-16.39","-$0.49","$2.99","$2.50 (10/23/2025)","$2.37","$1.99","$2.99","-60.00","4","$9.47"
"Piplup 2025 Japanese Mega: Inferno X #85/80 Art Rare Raw TCG (Near Mint)","-16.54","-$2.26","$13.67","$11.41 (10/24/2025)","$14.78","$6.50","$95.00","0.00","163","$2409.89"
"Arven's Toedscruel 2025 Scarlet & Violet: Destined Rivals #110/182 Reverse Holo Raw TCG (Near Mint)","-16.55","-$0.35","$2.15","$1.79 (10/18/2025)","$1.93","$1.25","$2.99","57.14","11","$21.26"
"Hawlucha 2025 Scarlet & Violet: Prismatic Evolutions #089/131 Poke Ball Reverse Holo Raw TCG (Near Mint)","-16.67","-$0.25","$1.50","$1.25 (10/23/2025)","$1.68","$1.00","$3.00","66.67","10","$16.83"
"Genesect 2025 Japanese Mega: Inferno X #08/80 Holo Raw TCG (Near Mint)","-16.67","-$0.25","$1.50","$1.25 (10/24/2025)","$1.68","$1.25","$2.00","0.00","6","$10.05"
"Crustle 2025 Scarlet & Violet: Black Bolt #130/086 Illustration Rare Raw TCG (Near Mint)","-16.67","-$1.00","$6.00","$5.00 (10/24/2025)","$5.33","$1.50","$9.74","-22.22","35","$186.47"
"Wigglytuff 2025 Japanese Mega: Inferno X #65/80 Base Raw TCG (Near Mint)","-16.67","-$0.30","$1.80","$1.50 (10/04/2025)","$1.45","$1.19","$1.80","0.00","6","$8.68"
"Terrakion 2025 Scarlet & Violet: White Flare #054/086 Master Ball Reverse Holo Raw TCG (Near Mint)","-16.69","-$1.00","$5.99","$4.99 (10/23/2025)","$5.88","$4.99","$6.54","-20.00","4","$23.52"
"Earthen Vessel 2025 Scarlet & Violet: Prismatic Evolutions #106/131 Base Raw TCG (Near Mint)","-16.75","-$0.34","$2.03","$1.69 (10/22/2025)","$1.68","$0.99","$2.03","0.00","4","$6.71"
"Nincada 2025 Mega Evolution #016/132 Reverse Holo Raw TCG (Near Mint)","-16.76","-$0.30","$1.79","$1.49 (10/17/2025)","$1.62","$1.45","$1.99","700.00","8","$12.92"
"Goldeen 2025 Scarlet & Violet: Prismatic Evolutions #020/131 Poke Ball Reverse Holo Raw TCG (Near Mint)","-16.76","-$0.30","$1.79","$1.49 (10/23/2025)","$2.26","$1.16","$3.00","-9.09","10","$22.59"
"Bewear 2025 Mega Evolution #112/132 Base Raw TCG (Near Mint)","-16.77","-$0.28","$1.67","$1.39 (10/02/2025)","$1.53","$1.39","$1.67","0.00","2","$3.06"
"Team Rocket's Spidops 2025 Scarlet & Violet: Destined Rivals #020/182 Holo Raw TCG (Near Mint)","-16.78","-$0.25","$1.49","$1.24 (10/19/2025)","$1.25","$0.99","$1.49","25.00","5","$6.24"
"Heatmor 2025 Scarlet & Violet: White Flare #019/086 Reverse Holo Raw TCG (Near Mint)","-16.81","-$0.20","$1.19","$0.99 (10/18/2025)","$1.09","$0.99","$1.19","-50.00","2","$2.18"
"Reshiram ex 2025 Scarlet & Violet: Journey Together #030/159 Double Rare Raw TCG (Near Mint)","-16.83","-$0.35","$2.08","$1.73 (10/24/2025)","$2.36","$0.99","$18.00","4.65","45","$106.21"
"Amarys 2025 Scarlet & Violet: Prismatic Evolutions #170/131 Special Illustration Rare Raw TCG (Near Mint)","-17.12","-$3.51","$20.50","$16.99 (10/24/2025)","$17.25","$10.34","$27.11","375.00","19","$327.77"
"Amarys 2025 Scarlet & Violet: Prismatic Evolutions #093/131 Poke Ball Reverse Holo Raw TCG (Near Mint)","-17.14","-$0.30","$1.75","$1.45 (10/23/2025)","$1.60","$1.45","$1.75","0.00","2","$3.20"
"Spearow 2025 Japanese Mega Brave #74/63 Art Rare Raw TCG (Near Mint)","-17.20","-$0.62","$3.58","$2.96 (10/23/2025)","$3.87","$0.99","$14.50","0.00","115","$444.49"
"Ethan's Typhlosion 2025 Scarlet & Violet: Destined Rivals #190/182 Illustration Rare Raw TCG (Near Mint)","-17.23","-$6.76","$39.25","$32.49 (10/24/2025)","$38.48","$22.50","$65.00","-53.18","103","$3963.36"
"Strange Timepiece 2025 Mega Evolution #128/132 Reverse Holo Raw TCG (Near Mint)","-17.25","-$0.40","$2.29","$1.90 (10/17/2025)","$1.89","$0.82","$2.97","0.00","9","$17.00"
"Delibird 2025 Japanese Mega Symphonia #74/63 Art Rare Raw TCG (Near Mint)","-17.37","-$0.57","$3.29","$2.72 (10/24/2025)","$3.52","$1.00","$10.70","2.33","88","$309.34"
"Larvesta 2025 Scarlet & Violet: Black Bolt #015/086 Poke Ball Reverse Holo Raw TCG (Near Mint)","-17.48","-$0.54","$3.09","$2.55 (10/07/2025)","$2.44","$1.69","$3.09","-75.00","3","$7.33"
"Sigilyph 2025 Japanese Scarlet & Violet: White Flare #118/086 Art Rare Raw TCG (Near Mint)","-17.53","-$1.01","$5.76","$4.75 (10/22/2025)","$5.10","$3.00","$6.05","-5.88","16","$81.65"
"Team Rocket's Proton 2025 Scarlet & Violet: Destined Rivals #177/182 Reverse Holo Raw TCG (Near Mint)","-17.55","-$0.53","$3.02","$2.49 (10/24/2025)","$2.06","$1.14","$3.02","11.11","10","$20.56"
"Mega Gardevoir ex 2025 Japanese Mega Symphonia #87/63 Special Art Rare Raw TCG (Near Mint)","-17.65","-$30.00","$169.94","$139.95 (10/24/2025)","$159.27","$125.00","$210.77","-40.00","48","$7644.97"
"Team Rocket's Archer 2025 Japanese Scarlet & Violet: Glory of Team Rocket #120/098 Super Rare (Full Art) Raw TCG (Near Mint)","-17.71","-$1.33","$7.51","$6.18 (10/24/2025)","$6.52","$4.00","$8.28","-33.33","8","$52.17"
"Accelgor 2025 Scarlet & Violet: Journey Together #013/159 Reverse Holo Raw TCG (Near Mint)","-17.75","-$0.30","$1.69","$1.39 (10/16/2025)","$1.54","$1.39","$1.69","-33.33","2","$3.08"
"Klang 2025 Scarlet & Violet: Black Bolt #140/086 Illustration Rare Raw TCG (Near Mint)","-17.82","-$1.42","$7.97","$6.55 (10/24/2025)","$6.71","$4.00","$9.83","-69.05","13","$87.24"
"Foongus 2025 Japanese Scarlet & Violet: Black Bolt #095/086 Art Rare Raw TCG (Near Mint)","-18.04","-$0.90","$4.99","$4.09 (10/22/2025)","$6.83","$4.09","$10.79","-45.95","20","$136.63"
"Cetitan ex 2025 Japanese Scarlet & Violet: Glory of Team Rocket #113/098 Super Rare (Full Art) Raw TCG (Near Mint)","-18.07","-$1.01","$5.59","$4.58 (10/24/2025)","$4.74","$4.18","$5.59","-36.36","7","$33.16"
"Wally's Compassion 2025 Japanese Mega Symphonia #91/63 Special Art Rare Raw TCG (Near Mint)","-18.12","-$2.76","$15.26","$12.50 (10/23/2025)","$12.90","$8.56","$17.09","-1.96","50","$645.24"
"Krokorok 2025 Scarlet & Violet: Black Bolt #136/086 Illustration Rare Raw TCG (Near Mint)","-18.15","-$1.55","$8.54","$6.99 (10/24/2025)","$7.38","$4.99","$11.06","-37.50","25","$184.57"
"Bouffalant ex 2025 Scarlet & Violet: White Flare #170/086 Special Illustration Rare Raw TCG (Near Mint)","-18.17","-$4.48","$24.66","$20.18 (10/24/2025)","$19.58","$11.50","$39.98","-44.44","35","$685.19"
"Fight Gong 2025 Japanese Mega Brave #82/63 Super Rare (Full Art) Raw TCG (Near Mint)","-18.21","-$1.02","$5.60","$4.58 (10/22/2025)","$2.92","$0.99","$5.60","-43.75","9","$26.27"
"Archeops 2025 Scarlet & Violet: White Flare #051/086 Poke Ball Reverse Holo Raw TCG (Near Mint)","-18.34","-$0.36","$1.99","$1.63 (10/19/2025)","$1.75","$1.50","$1.99","-25.00","3","$5.24"
"Rotom 2025 Scarlet & Violet: Destined Rivals #197/182 Illustration Rare Raw TCG (Near Mint)","-18.38","-$1.08","$5.86","$4.78 (10/24/2025)","$5.35","$1.99","$13.46","-13.82","106","$566.90"
"Houndoom 2025 Scarlet & Violet: Prismatic Evolutions #063/131 Master Ball Reverse Holo Raw TCG (Near Mint)","-18.42","-$2.10","$11.40","$9.30 (10/22/2025)","$10.73","$9.30","$13.50","-25.00","6","$64.39"
"Dreepy 2025 Scarlet & Violet: Prismatic Evolutions #071/131 Master Ball Reverse Holo Raw TCG (Near Mint)","-18.46","-$1.13","$6.12","$4.99 (10/24/2025)","$6.58","$3.25","$13.46","-21.43","11","$72.40"
"Yanmega ex 2025 Scarlet & Violet: Destined Rivals #228/182 Special Illustration Rare Raw TCG (Near Mint)","-18.48","-$6.63","$35.88","$29.25 (10/23/2025)","$33.61","$22.50","$42.45","-40.68","35","$1176.45"
"Ferroseed 2025 Scarlet & Violet: White Flare #148/086 Illustration Rare Raw TCG (Near Mint)","-18.50","-$1.11","$6.00","$4.89 (10/24/2025)","$5.18","$3.00","$6.80","-38.30","29","$150.16"
"N's Reshiram 2025 Japanese Scarlet & Violet: Battle Partners #109/100 Art Rare Raw TCG (Near Mint)","-18.59","-$1.58","$8.50","$6.92 (10/24/2025)","$11.18","$4.25","$25.99","-20.69","69","$771.54"
"Mega Lucario ex 2025 Japanese Mega Brave #78/63 Super Rare (Full Art) Raw TCG (Near Mint)","-18.81","-$2.90","$15.41","$12.51 (10/24/2025)","$15.04","$8.93","$25.00","-44.17","67","$1007.52"
"Alomomola 2025 Scarlet & Violet: Black Bolt #024/086 Master Ball Reverse Holo Raw TCG (Near Mint)","-18.86","-$1.86","$9.86","$8.00 (10/23/2025)","$7.92","$5.95","$9.86","25.00","5","$39.62"
"Cobalion 2025 Scarlet & Violet: Black Bolt #066/086 Poke Ball Reverse Holo Raw TCG (Near Mint)","-18.96","-$0.62","$3.27","$2.65 (10/16/2025)","$3.11","$2.55","$3.96","300.00","4","$12.43"
"Lopunny 2025 Mega Evolution #108/132 Reverse Holo Raw TCG (Near Mint)","-18.99","-$0.34","$1.79","$1.45 (10/23/2025)","$1.47","$0.99","$1.99","1000.00","11","$16.13"
"Gumshoos 2025 Mega Evolution #110/132 Reverse Holo Raw TCG (Near Mint)","-18.99","-$0.34","$1.79","$1.45 (10/23/2025)","$1.84","$0.99","$2.61","0.00","19","$34.89"
"Sizzlipede 2025 Mega Evolution #029/132 Reverse Holo Raw TCG (Near Mint)","-18.99","-$0.34","$1.79","$1.45 (10/23/2025)","$1.57","$1.45","$1.79","0.00","9","$14.15"
"Houndstone 2025 Mega Evolution #066/132 Reverse Holo Raw TCG (Near Mint)","-18.99","-$0.34","$1.79","$1.45 (10/23/2025)","$1.56","$1.11","$1.79","0.00","8","$12.50"
"Landorus 2025 Scarlet & Violet: Black Bolt #131/086 Illustration Rare Raw TCG (Near Mint)","-19.07","-$5.53","$29.00","$23.47 (10/24/2025)","$21.35","$10.50","$29.49","-55.17","13","$277.55"
"Mega Lucario ex 2025 Japanese Mega Brave #88/63 Special Art Rare Raw TCG (Near Mint)","-19.08","-$19.66","$103.06","$83.40 (10/24/2025)","$81.41","$57.00","$167.82","-26.02","91","$7408.19"
"Floatzel 2025 Scarlet & Violet: Destined Rivals #058/182 Reverse Holo Raw TCG (Near Mint)","-19.25","-$0.51","$2.65","$2.14 (10/23/2025)","$1.97","$1.25","$2.66","-36.36","7","$13.82"
"Metagross 2025 Scarlet & Violet: Journey Together #063/159 Holo Raw TCG (Near Mint)","-19.35","-$0.24","$1.24","$1.00 (10/18/2025)","$1.08","$1.00","$1.24","50.00","3","$3.24"
"Riolu 2025 Japanese Mega Brave #68/63 Art Rare Raw TCG (Near Mint)","-19.36","-$1.88","$9.70","$7.82 (10/24/2025)","$7.62","$4.00","$24.00","-31.75","129","$982.72"
"Vanilluxe 2025 Japanese Scarlet & Violet: White Flare #110/086 Art Rare Raw TCG (Near Mint)","-19.43","-$1.30","$6.69","$5.39 (10/24/2025)","$6.09","$4.01","$11.15","-9.52","19","$115.75"
"Unfezant 2025 Scarlet & Violet: Black Bolt #073/086 Poke Ball Reverse Holo Raw TCG (Near Mint)","-19.44","-$0.35","$1.80","$1.45 (10/19/2025)","$1.75","$1.29","$2.70","66.67","5","$8.74"
"Zoroark 2025 Scarlet & Violet: White Flare #062/086 Reverse Holo Raw TCG (Near Mint)","-19.44","-$0.35","$1.80","$1.45 (10/19/2025)","$1.63","$1.45","$1.80","-33.33","2","$3.25"
"Scraggy 2025 Scarlet & Violet: White Flare #057/086 Poke Ball Reverse Holo Raw TCG (Near Mint)","-19.46","-$0.36","$1.85","$1.49 (10/09/2025)","$1.56","$1.35","$1.85","-66.67","3","$4.69"
"Hilda 2025 Scarlet & Violet: White Flare #084/086 Base Raw TCG (Near Mint)","-19.53","-$0.77","$3.96","$3.19 (10/23/2025)","$3.71","$1.50","$21.43","-25.00","72","$267.21"
"Lt. Surge's Bargain 2025 Mega Evolution #120/132 Reverse Holo Raw TCG (Near Mint)","-19.60","-$0.39","$1.99","$1.60 (10/23/2025)","$1.46","$1.11","$1.99","0.00","7","$10.20"
"Team Rocket's Muk 2025 Scarlet & Violet: Destined Rivals #124/182 Reverse Holo Raw TCG (Near Mint)","-19.81","-$0.52","$2.65","$2.13 (10/24/2025)","$2.22","$1.28","$3.03","180.00","14","$31.02"
"Dusclops 2025 Scarlet & Violet: Prismatic Evolutions #036/131 Master Ball Reverse Holo Raw TCG (Near Mint)","-19.84","-$0.99","$4.99","$4.00 (10/24/2025)","$3.70","$2.03","$4.99","-9.09","10","$36.99"
"N's Plan 2025 Scarlet & Violet: Black Bolt #170/086 Special Illustration Rare Raw TCG (Near Mint)","-19.99","-$15.50","$77.50","$62.00 (10/23/2025)","$73.55","$48.56","$90.00","-37.25","32","$2353.48"
"Team Rocket's Crobat ex 2025 Scarlet & Violet: Destined Rivals #234/182 Special Illustration Rare Raw TCG (Near Mint)","-20.00","-$20.00","$100.00","$80.00 (10/24/2025)","$94.51","$50.00","$135.00","-58.76","40","$3780.55"
"Fraxure 2025 Scarlet & Violet: Black Bolt #069/086 Reverse Holo Raw TCG (Near Mint)","-20.00","-$0.25","$1.25","$1.00 (10/12/2025)","$1.13","$1.00","$1.25","100.00","2","$2.25"
"Team Rocket's Crobat ex 2025 Scarlet & Violet: Destined Rivals #242/182 Hyper Rare (Secret) Raw TCG (Near Mint)","-20.00","-$6.00","$30.00","$24.00 (10/24/2025)","$25.72","$18.00","$35.87","-41.30","27","$694.54"
"Zigzagoon 2025 Japanese Mega: Inferno X #69/80 Base Raw TCG (Near Mint)","-20.00","-$0.30","$1.50","$1.20 (10/24/2025)","$1.35","$1.20","$1.50","0.00","2","$2.70"
"Smeargle 2025 Japanese Mega: Inferno X #68/80 Base Raw TCG (Near Mint)","-20.00","-$0.30","$1.50","$1.20 (10/22/2025)","$1.68","$1.20","$2.00","0.00","4","$6.70"
"Duosion 2025 Scarlet & Violet: Black Bolt #038/086 Master Ball Reverse Holo Raw TCG (Near Mint)","-20.04","-$1.00","$4.99","$3.99 (10/20/2025)","$4.75","$2.25","$8.02","0.00","5","$23.75"
"Toxtricity 2025 Japanese Mega: Inferno X #57/80 Holo Raw TCG (Near Mint)","-20.10","-$0.40","$1.99","$1.59 (10/24/2025)","$1.79","$1.59","$1.99","0.00","2","$3.58"
"Inteleon 2025 Mega Evolution #142/132 Illustration Rare Raw TCG (Near Mint)","-20.12","-$1.77","$8.79","$7.02 (10/24/2025)","$7.78","$2.25","$19.99","585.71","144","$1119.74"
"TM Machine 2025 Scarlet & Violet: Destined Rivals #181/182 Reverse Holo Raw TCG (Near Mint)","-20.18","-$0.45","$2.21","$1.76 (10/12/2025)","$2.02","$1.49","$2.66","-11.11","8","$16.20"
"Marshadow 2025 Mega Evolution #080/132 Base Raw TCG (Near Mint)","-20.21","-$0.38","$1.88","$1.50 (10/21/2025)","$1.79","$1.50","$1.89","0.00","4","$7.15"
"Team Rocket's Ariana 2025 Scarlet & Violet: Destined Rivals #237/182 Special Illustration Rare Raw TCG (Near Mint)","-20.22","-$8.49","$41.99","$33.50 (10/23/2025)","$32.28","$17.00","$55.13","-67.31","17","$548.72"
"Jynx 2025 Mega Evolution #057/132 Reverse Holo Raw TCG (Near Mint)","-20.40","-$0.51","$2.50","$1.99 (10/24/2025)","$1.85","$0.99","$3.00","900.00","10","$18.49"
"N's Klinklang 2025 Scarlet & Violet: Journey Together #105/159 Base Raw TCG (Near Mint)","-20.45","-$0.27","$1.32","$1.05 (10/09/2025)","$1.19","$1.05","$1.32","0.00","2","$2.37"
"Makuhita 2025 Mega Evolution #072/132 Reverse Holo Raw TCG (Near Mint)","-20.45","-$0.45","$2.20","$1.75 (10/23/2025)","$1.72","$1.29","$2.97","1800.00","19","$32.61"
"Terrakion 2025 Scarlet & Violet: White Flare #054/086 Reverse Holo Raw TCG (Near Mint)","-20.48","-$0.51","$2.49","$1.98 (10/15/2025)","$2.24","$1.98","$2.49","-60.00","2","$4.47"
"Cinderace 2025 Mega Evolution #028/132 Holo Raw TCG (Near Mint)","-20.50","-$0.41","$2.00","$1.59 (10/22/2025)","$1.35","$0.82","$2.00","240.00","17","$23.03"
"Mega Gardevoir ex 2025 Mega Evolution #178/132 Special Illustration Rare Raw TCG (Near Mint)","-20.51","-$74.08","$361.25","$287.17 (10/24/2025)","$347.52","$223.40","$466.17","462.07","163","$56646.52"
"Roggenrola 2025 Scarlet & Violet: White Flare #127/086 Illustration Rare Raw TCG (Near Mint)","-20.53","-$1.44","$6.99","$5.55 (10/24/2025)","$6.20","$1.25","$10.57","16.67","56","$347.18"
"Ninjask 2025 Mega Evolution #017/132 Base Raw TCG (Near Mint)","-20.54","-$0.34","$1.68","$1.33 (10/10/2025)","$1.45","$0.99","$1.68","0.00","3","$4.35"
"Minccino 2025 Scarlet & Violet: Black Bolt #075/086 Poke Ball Reverse Holo Raw TCG (Near Mint)","-20.60","-$0.41","$1.99","$1.58 (10/09/2025)","$1.79","$1.58","$1.99","-60.00","2","$3.57"
"Joltik 2025 Scarlet & Violet: White Flare #033/086 Poke Ball Reverse Holo Raw TCG (Near Mint)","-20.60","-$0.41","$1.99","$1.58 (10/18/2025)","$1.79","$1.58","$1.99","-77.78","2","$3.57"
"Kyogre 2025 Mega Evolution #034/132 Holo Raw TCG (Near Mint)","-20.67","-$0.42","$2.04","$1.62 (10/24/2025)","$2.11","$0.81","$4.55","342.86","31","$65.40"
"Mega Gardevoir ex 2025 Japanese Mega Symphonia #78/63 Super Rare (Full Art) Raw TCG (Near Mint)","-20.71","-$2.61","$12.60","$9.99 (10/24/2025)","$10.55","$1.25","$16.00","-55.38","29","$305.82"
"Team Rocket's Tarountula 2025 Scarlet & Violet: Destined Rivals #019/182 Reverse Holo Raw TCG (Near Mint)","-20.74","-$0.28","$1.35","$1.07 (10/22/2025)","$1.69","$1.07","$2.24","0.00","5","$8.44"
"Team Rocket's Dottler 2025 Scarlet & Violet: Destined Rivals #088/182 Reverse Holo Raw TCG (Near Mint)","-20.74","-$0.28","$1.35","$1.07 (10/22/2025)","$1.40","$1.07","$1.89","0.00","5","$7.01"
"Team Rocket's Porygon-Z 2025 Scarlet & Violet: Destined Rivals #155/182 Reverse Holo Raw TCG (Near Mint)","-20.77","-$0.41","$1.95","$1.54 (10/22/2025)","$1.61","$1.14","$1.95","0.00","6","$9.63"
"Team Rocket's Houndoom 2025 Scarlet & Violet: Destined Rivals #191/182 Illustration Rare Raw TCG (Near Mint)","-20.78","-$5.51","$26.50","$21.00 (10/24/2025)","$23.36","$4.00","$33.09","-51.40","87","$2031.91"
"Hawlucha 2025 Scarlet & Violet: Prismatic Evolutions #089/131 Base Raw TCG (Near Mint)","-20.80","-$0.26","$1.25","$0.99 (10/15/2025)","$1.12","$0.99","$1.25","0.00","2","$2.24"
"Professor's Research 2025 Scarlet & Violet: Black Bolt #085/086 Reverse Holo (Professor Juniper) Raw TCG (Near Mint)","-20.80","-$0.26","$1.25","$0.99 (10/19/2025)","$1.12","$0.99","$1.25","-50.00","2","$2.24"
"Dudunsparce 2025 Scarlet & Violet: Prismatic Evolutions #080/131 Holo Raw TCG (Near Mint)","-20.80","-$0.26","$1.25","$0.99 (10/24/2025)","$1.60","$0.99","$1.99","550.00","13","$20.75"
"Ducklett 2025 Scarlet & Violet: White Flare #025/086 Reverse Holo Raw TCG (Near Mint)","-20.80","-$0.26","$1.25","$0.99 (10/19/2025)","$1.12","$0.99","$1.25","100.00","2","$2.24"
"Gholdengo ex 2025 Scarlet & Violet: Prismatic Evolutions #164/131 Special Illustration Rare Raw TCG (Near Mint)","-20.82","-$17.28","$82.99","$65.71 (10/24/2025)","$61.70","$45.00","$95.39","40.00","28","$1727.65"
"Lillie's Determination 2025 Mega Evolution #169/132 Ultra Rare (Full Art) Raw TCG (Near Mint)","-20.88","-$8.01","$38.37","$30.35 (10/24/2025)","$30.28","$18.00","$60.00","491.94","367","$11111.43"
"Ethan's Cyndaquil 2025 Scarlet & Violet: Destined Rivals #032/182 Reverse Holo Raw TCG (Near Mint)","-20.88","-$0.52","$2.49","$1.97 (10/24/2025)","$2.10","$1.35","$2.97","-20.00","8","$16.84"
"Steven's Baltoy 2025 Scarlet & Violet: Destined Rivals #083/182 Reverse Holo Raw TCG (Near Mint)","-20.90","-$0.42","$2.01","$1.59 (10/19/2025)","$1.74","$1.35","$2.01","50.00","6","$10.43"
"Oricorio ex 2025 Japanese Mega: Inferno X #111/80 Special Art Rare Raw TCG (Near Mint)","-20.93","-$30.25","$144.50","$114.25 (10/22/2025)","$110.74","$72.00","$168.99","0.00","84","$9302.51"
"Lt. Surge's Bargain 2025 Mega Evolution #185/132 Special Illustration Rare Raw TCG (Near Mint)","-20.94","-$9.70","$46.32","$36.62 (10/24/2025)","$38.62","$20.00","$70.00","207.50","123","$4749.94"
"Ferroseed 2025 Japanese Scarlet & Violet: White Flare #144/086 Art Rare Raw TCG (Near Mint)","-21.11","-$1.14","$5.40","$4.26 (10/24/2025)","$4.78","$3.30","$6.07","128.57","16","$76.48"
"Corphish 2025 Mega Evolution #033/132 Reverse Holo Raw TCG (Near Mint)","-21.16","-$0.40","$1.89","$1.49 (10/15/2025)","$1.47","$0.99","$1.89","400.00","5","$7.37"
"Krookodile 2025 Japanese Scarlet & Violet: Black Bolt #143/086 Art Rare Raw TCG (Near Mint)","-21.20","-$1.48","$6.98","$5.50 (10/24/2025)","$5.87","$3.91","$7.44","-55.56","12","$70.49"
"Dwebble 2025 Scarlet & Violet: Destined Rivals #011/182 Reverse Holo Raw TCG (Near Mint)","-21.29","-$0.43","$2.02","$1.59 (10/19/2025)","$1.70","$0.99","$2.02","-28.57","5","$8.50"
"Herdier 2025 Japanese Scarlet & Violet: White Flare #154/086 Art Rare Raw TCG (Near Mint)","-21.32","-$1.49","$6.99","$5.50 (10/24/2025)","$6.31","$3.50","$7.33","3.57","29","$182.99"
"Ludicolo 2025 Japanese Mega: Inferno X #81/80 Art Rare Raw TCG (Near Mint)","-21.39","-$1.11","$5.19","$4.08 (10/24/2025)","$4.47","$1.25","$7.49","0.00","93","$415.77"
"Zweilous 2025 Scarlet & Violet: White Flare #147/086 Illustration Rare Raw TCG (Near Mint)","-21.41","-$1.93","$8.99","$7.06 (10/24/2025)","$8.68","$4.25","$16.09","0.00","59","$512.33"
"Team Rocket's Nidoqueen 2025 Scarlet & Violet: Destined Rivals #116/182 Reverse Holo Raw TCG (Near Mint)","-21.78","-$0.49","$2.25","$1.76 (10/23/2025)","$1.93","$1.19","$2.62","9.09","12","$23.21"
"Blaziken 2025 Scarlet & Violet: Destined Rivals #042/182 Holo Raw TCG (Near Mint)","-21.83","-$0.31","$1.42","$1.11 (10/20/2025)","$1.28","$0.99","$1.61","-38.89","11","$14.09"
"Team Rocket's Weezing 2025 Scarlet & Violet: Destined Rivals #199/182 Illustration Rare Raw TCG (Near Mint)","-21.90","-$2.93","$13.37","$10.45 (10/24/2025)","$12.80","$5.50","$19.72","-39.31","88","$1126.71"
"Steven's Beldum 2025 Scarlet & Violet: Destined Rivals #143/182 Reverse Holo Raw TCG (Near Mint)","-22.01","-$0.35","$1.59","$1.24 (10/22/2025)","$1.51","$1.14","$1.99","66.67","5","$7.55"
"Team Rocket's Ekans 2025 Scarlet & Violet: Destined Rivals #112/182 Reverse Holo Raw TCG (Near Mint)","-22.01","-$0.35","$1.59","$1.24 (10/22/2025)","$1.89","$1.24","$3.02","14.29","8","$15.09"
"Mega Absol ex 2025 Japanese Mega Brave #38/63 Double Rare Raw TCG (Near Mint)","-22.01","-$0.59","$2.68","$2.09 (10/22/2025)","$2.04","$0.99","$10.78","-30.77","27","$55.16"
"Blaziken 2025 Japanese Scarlet & Violet: Glory of Team Rocket #101/098 Art Rare Raw TCG (Near Mint)","-22.04","-$1.65","$7.49","$5.84 (10/24/2025)","$6.90","$4.01","$8.96","-31.25","44","$303.64"
"Archen 2025 Scarlet & Violet: White Flare #131/086 Illustration Rare Raw TCG (Near Mint)","-22.05","-$1.54","$7.00","$5.46 (10/24/2025)","$6.25","$3.25","$9.98","28.95","49","$306.35"
"Marshadow 2025 Mega Evolution #146/132 Illustration Rare Raw TCG (Near Mint)","-22.08","-$10.01","$45.33","$35.32 (10/24/2025)","$67.07","$14.37","$157.50","1939.53","877","$58820.12"
"Darumaka 2025 Japanese Scarlet & Violet: Black Bolt #098/086 Art Rare Raw TCG (Near Mint)","-22.13","-$1.79","$8.09","$6.30 (10/23/2025)","$6.78","$2.75","$9.81","-48.00","13","$88.13"
"Swadloon 2025 Scarlet & Violet: White Flare #088/086 Illustration Rare Raw TCG (Near Mint)","-22.22","-$1.50","$6.75","$5.25 (10/20/2025)","$6.76","$4.95","$8.69","-69.77","13","$87.93"
"Swanna 2025 Japanese Scarlet & Violet: White Flare #107/086 Art Rare Raw TCG (Near Mint)","-22.24","-$1.31","$5.89","$4.58 (10/21/2025)","$5.65","$0.99","$7.98","-28.13","23","$129.94"
"Okidogi 2025 Scarlet & Violet: Prismatic Evolutions #057/131 Master Ball Reverse Holo Raw TCG (Near Mint)","-22.25","-$2.00","$8.99","$6.99 (10/23/2025)","$8.85","$5.98","$13.69","22.22","11","$97.38"
"Nickit 2025 Mega Evolution #089/132 Reverse Holo Raw TCG (Near Mint)","-22.35","-$0.40","$1.79","$1.39 (10/22/2025)","$1.55","$0.99","$1.79","300.00","8","$12.41"
"Terrakion 2025 Scarlet & Violet: White Flare #054/086 Holo Raw TCG (Near Mint)","-22.56","-$0.37","$1.64","$1.27 (10/20/2025)","$1.39","$1.27","$1.64","50.00","3","$4.18"
"Mega Absol ex 2025 Mega Evolution #180/132 Special Illustration Rare Raw TCG (Near Mint)","-22.59","-$36.04","$159.53","$123.50 (10/24/2025)","$116.97","$65.00","$210.00","725.93","223","$26085.03"
"Brave Bangle 2025 Scarlet & Violet: White Flare #080/086 Base Raw TCG (Near Mint)","-22.60","-$0.36","$1.61","$1.25 (10/24/2025)","$1.56","$0.99","$2.50","-57.14","9","$14.05"
"Gumshoos 2025 Japanese Mega Brave #75/63 Art Rare Raw TCG (Near Mint)","-22.65","-$0.79","$3.51","$2.71 (10/24/2025)","$5.47","$1.61","$27.60","65.38","129","$705.98"
"Team Rocket's Proton 2025 Japanese Scarlet & Violet: Glory of Team Rocket #123/098 Super Rare (Full Art) Raw TCG (Near Mint)","-22.65","-$1.81","$7.99","$6.18 (10/24/2025)","$8.40","$5.11","$12.60","-23.53","13","$109.24"
"Crustle 2025 Scarlet & Violet: Black Bolt #052/086 Master Ball Reverse Holo Raw TCG (Near Mint)","-22.66","-$2.49","$10.99","$8.50 (10/11/2025)","$9.75","$8.50","$10.99","-33.33","2","$19.49"
"Spiritomb 2025 Japanese Mega Brave #71/63 Art Rare Raw TCG (Near Mint)","-22.72","-$0.97","$4.28","$3.31 (10/24/2025)","$3.41","$0.99","$8.50","-13.48","77","$262.88"
"Durant 2025 Japanese Scarlet & Violet: White Flare #149/086 Art Rare Raw TCG (Near Mint)","-22.77","-$1.02","$4.48","$3.46 (10/18/2025)","$4.75","$3.46","$5.39","-45.00","11","$52.30"
"Fennel 2025 Japanese Scarlet & Violet: Black Bolt #166/086 Super Rare (Full Art) Raw TCG (Near Mint)","-22.82","-$1.04","$4.54","$3.50 (10/13/2025)","$4.09","$2.50","$5.12","16.67","7","$28.63"
"Beartic 2025 Japanese Scarlet & Violet: Black Bolt #114/086 Art Rare Raw TCG (Near Mint)","-22.88","-$1.46","$6.38","$4.92 (10/19/2025)","$5.79","$3.73","$7.90","-33.33","10","$57.89"
"Iono's Voltorb 2025 Scarlet & Violet: Journey Together #047/159 Base Raw TCG (Near Mint)","-22.91","-$0.41","$1.79","$1.38 (10/22/2025)","$1.58","$1.38","$1.79","100.00","2","$3.17"
"Eelektrik 2025 Scarlet & Violet: Black Bolt #031/086 Master Ball Reverse Holo Raw TCG (Near Mint)","-23.08","-$2.25","$9.75","$7.50 (10/23/2025)","$8.36","$4.99","$12.99","-33.33","6","$50.17"
"Fraxure 2025 Scarlet & Violet: Black Bolt #069/086 Poke Ball Reverse Holo Raw TCG (Near Mint)","-23.08","-$0.53","$2.28","$1.75 (10/19/2025)","$2.07","$1.66","$2.41","50.00","6","$12.40"
"Team Rocket's Ariana 2025 Japanese Scarlet & Violet: Glory of Team Rocket #119/098 Super Rare (Full Art) Raw TCG (Near Mint)","-23.14","-$1.62","$7.00","$5.38 (10/24/2025)","$7.04","$5.38","$8.75","-62.50","3","$21.13"
"Lycanroc 2025 Scarlet & Violet: Journey Together #085/159 Holo Raw TCG (Near Mint)","-23.26","-$0.30","$1.29","$0.99 (10/23/2025)","$1.94","$0.99","$3.99","166.67","8","$15.52"
"Greedent 2025 Scarlet & Violet: Journey Together #132/159 Reverse Holo Raw TCG (Near Mint)","-23.28","-$0.44","$1.89","$1.45 (10/24/2025)","$1.88","$1.45","$2.09","-16.67","5","$9.41"
"Spiritomb 2025 Mega Evolution #148/132 Illustration Rare Raw TCG (Near Mint)","-23.34","-$1.95","$8.36","$6.41 (10/24/2025)","$6.97","$0.99","$20.10","1170.59","216","$1505.24"
"Rufflet 2025 Scarlet & Violet: Black Bolt #077/086 Master Ball Reverse Holo Raw TCG (Near Mint)","-23.40","-$1.10","$4.70","$3.60 (10/16/2025)","$2.73","$0.99","$4.70","-50.00","6","$16.39"
"Energy Switch 2025 Mega Evolution #115/132 Reverse Holo Raw TCG (Near Mint)","-23.45","-$0.34","$1.45","$1.11 (10/22/2025)","$1.77","$0.99","$2.63","1400.00","15","$26.50"
"Pidove 2025 Scarlet & Violet: Black Bolt #148/086 Illustration Rare Raw TCG (Near Mint)","-23.48","-$3.68","$15.67","$11.99 (10/24/2025)","$12.34","$6.50","$16.89","-30.43","32","$394.82"
"Minccino 2025 Scarlet & Violet: Black Bolt #075/086 Reverse Holo Raw TCG (Near Mint)","-23.61","-$0.45","$1.89","$1.44 (10/12/2025)","$1.74","$1.44","$2.33","0.00","3","$5.21"
"Sacred Charm 2025 Japanese Mega: Inferno X #103/80 Super Rare (Full Art) Raw TCG (Near Mint)","-23.65","-$1.18","$4.99","$3.81 (10/19/2025)","$3.60","$2.42","$4.99","0.00","6","$21.59"
"Deino 2025 Scarlet & Violet: White Flare #065/086 Poke Ball Reverse Holo Raw TCG (Near Mint)","-23.67","-$0.40","$1.69","$1.29 (10/10/2025)","$1.49","$1.29","$1.69","-71.43","2","$2.98"
"Zoroark 2025 Japanese Scarlet & Violet: White Flare #141/086 Art Rare Raw TCG (Near Mint)","-23.69","-$3.26","$13.76","$10.50 (10/22/2025)","$14.11","$9.99","$19.50","-32.26","21","$296.33"
"Ultra Ball 2025 Mega Evolution #131/132 Base Raw TCG (Near Mint)","-23.70","-$0.32","$1.35","$1.03 (10/22/2025)","$1.08","$0.99","$1.35","0.00","6","$6.46"
"Oricorio 2025 Scarlet & Violet: Journey Together #065/159 Reverse Holo Raw TCG (Near Mint)","-23.85","-$0.31","$1.30","$0.99 (10/23/2025)","$1.20","$0.99","$1.30","-50.00","3","$3.59"
"Magneton 2025 Japanese Mega Symphonia #28/63 Base Raw TCG (Near Mint)","-23.85","-$0.31","$1.30","$0.99 (10/23/2025)","$1.15","$0.99","$1.30","0.00","2","$2.29"
"Metagross 2025 Scarlet & Violet: Journey Together #063/159 Reverse Holo Raw TCG (Near Mint)","-23.87","-$0.53","$2.22","$1.69 (10/22/2025)","$1.93","$0.99","$2.99","20.00","12","$23.18"
"Exeggutor 2025 Scarlet & Violet: Prismatic Evolutions #002/131 Poke Ball Reverse Holo Raw TCG (Near Mint)","-23.89","-$0.40","$1.69","$1.29 (10/20/2025)","$1.76","$1.29","$3.00","-40.00","6","$10.59"
"Smoliv 2025 Scarlet & Violet: Destined Rivals #021/182 Reverse Holo Raw TCG (Near Mint)","-23.90","-$0.38","$1.59","$1.21 (10/21/2025)","$1.43","$1.07","$1.88","40.00","7","$9.98"
"Clauncher 2025 Mega Evolution #037/132 Reverse Holo Raw TCG (Near Mint)","-24.10","-$0.60","$2.49","$1.89 (10/21/2025)","$1.64","$0.99","$2.49","1100.00","12","$19.73"
"Exeggcute 2025 Mega Evolution #004/132 Reverse Holo Raw TCG (Near Mint)","-24.22","-$0.54","$2.23","$1.69 (10/24/2025)","$1.74","$1.39","$2.47","0.00","9","$15.62"
"Marshadow 2025 Mega Evolution #080/132 Reverse Holo Raw TCG (Near Mint)","-24.24","-$0.48","$1.98","$1.50 (10/18/2025)","$1.85","$1.15","$4.03","0.00","14","$25.86"
"Lopunny 2025 Mega Evolution #108/132 Base Raw TCG (Near Mint)","-24.24","-$0.48","$1.98","$1.50 (10/16/2025)","$1.74","$1.50","$1.98","0.00","4","$6.96"
"Team Rocket's Giovanni 2025 Japanese Scarlet & Violet: Glory of Team Rocket #121/098 Super Rare (Full Art) Raw TCG (Near Mint)","-24.26","-$2.62","$10.80","$8.18 (10/24/2025)","$11.16","$3.25","$15.59","-35.00","13","$145.04"
"Hop's Snorlax 2025 Japanese Scarlet & Violet: Battle Partners #075/100 Holo Raw TCG (Near Mint)","-24.26","-$0.41","$1.69","$1.28 (10/12/2025)","$1.31","$0.99","$1.69","-20.00","4","$5.24"
"Acerola's Mischief 2025 Japanese Mega Symphonia #90/63 Special Art Rare Raw TCG (Near Mint)","-24.29","-$17.00","$70.00","$53.00 (10/24/2025)","$62.35","$40.00","$110.00","-61.82","21","$1309.34"
"Marnie's Morpeko 2025 Scarlet & Violet: Destined Rivals #137/182 Reverse Holo Raw TCG (Near Mint)","-24.29","-$0.43","$1.77","$1.34 (10/20/2025)","$2.09","$1.34","$3.86","16.67","7","$14.64"
"Team Rocket's Crobat ex 2025 Japanese Scarlet & Violet: Glory of Team Rocket #066/098 Double Rare Raw TCG (Near Mint)","-24.33","-$0.73","$3.00","$2.27 (10/11/2025)","$2.08","$1.50","$3.00","0.00","4","$8.32"
"Ethan's Adventure 2025 Scarlet & Violet: Destined Rivals #221/182 Ultra Rare (Full Art) Raw TCG (Near Mint)","-24.40","-$2.25","$9.22","$6.97 (10/24/2025)","$8.21","$3.25","$17.36","-10.77","58","$476.09"
"Team Rocket's Nidoking ex 2025 Japanese Scarlet & Violet: Glory of Team Rocket #063/098 Double Rare Raw TCG (Near Mint)","-24.41","-$0.73","$2.99","$2.26 (10/13/2025)","$2.15","$1.49","$2.99","75.00","7","$15.08"
"Steven's Skarmory 2025 Scarlet & Violet: Destined Rivals #142/182 Reverse Holo Raw TCG (Near Mint)","-24.50","-$0.61","$2.49","$1.88 (10/16/2025)","$1.98","$1.69","$2.49","500.00","6","$11.88"
"Thievul 2025 Mega Evolution #090/132 Reverse Holo Raw TCG (Near Mint)","-24.58","-$0.44","$1.79","$1.35 (10/17/2025)","$1.58","$0.99","$1.79","0.00","8","$12.63"
"Ponyta 2025 Scarlet & Violet: Destined Rivals #029/182 Reverse Holo Raw TCG (Near Mint)","-24.62","-$0.49","$1.99","$1.50 (10/22/2025)","$1.43","$0.99","$1.99","-23.08","10","$14.26"
"Switch 2025 Mega Evolution #130/132 Reverse Holo Raw TCG (Near Mint)","-24.62","-$0.49","$1.99","$1.50 (10/18/2025)","$1.95","$1.11","$3.98","0.00","9","$17.55"
"Crawdaunt 2025 Mega Evolution #085/132 Reverse Holo Raw TCG (Near Mint)","-24.75","-$0.49","$1.98","$1.49 (10/23/2025)","$1.48","$0.99","$1.98","0.00","9","$13.29"
"Heatmor 2025 Scarlet & Violet: White Flare #019/086 Master Ball Reverse Holo Raw TCG (Near Mint)","-24.81","-$0.99","$3.99","$3.00 (10/05/2025)","$3.50","$3.00","$3.99","-66.67","2","$6.99"
"Ralts 2025 Mega Evolution #058/132 Reverse Holo Raw TCG (Near Mint)","-24.87","-$0.47","$1.89","$1.42 (10/21/2025)","$1.97","$0.99","$5.00","287.50","31","$60.97"
"Alolan Golem 2025 Scarlet & Violet: Journey Together #046/159 Reverse Holo Raw TCG (Near Mint)","-24.87","-$0.48","$1.93","$1.45 (10/23/2025)","$1.64","$1.25","$1.93","-66.67","4","$6.56"
"Landorus 2025 Scarlet & Violet: Black Bolt #053/086 Master Ball Reverse Holo Raw TCG (Near Mint)","-24.87","-$1.49","$5.99","$4.50 (10/10/2025)","$5.25","$4.50","$5.99","0.00","2","$10.49"
"Pachirisu 2025 Mega Evolution #051/132 Base Raw TCG (Near Mint)","-25.00","-$0.33","$1.32","$0.99 (10/24/2025)","$1.36","$0.99","$2.14","300.00","4","$5.44"
"Toxicroak 2025 Mega Evolution #079/132 Reverse Holo Raw TCG (Near Mint)","-25.13","-$0.50","$1.99","$1.49 (10/16/2025)","$1.87","$1.49","$1.99","0.00","5","$9.35"
"Fan Rotom 2025 Scarlet & Violet: Prismatic Evolutions #085/131 Reverse Holo Raw TCG (Near Mint)","-25.13","-$0.50","$1.99","$1.49 (10/17/2025)","$1.74","$1.49","$1.99","0.00","2","$3.48"
"Bewear 2025 Mega Evolution #112/132 Reverse Holo Raw TCG (Near Mint)","-25.13","-$0.50","$1.99","$1.49 (10/22/2025)","$1.84","$1.39","$2.68","900.00","10","$18.42"
"Pokemon Center Lady 2025 Mega Evolution #123/132 Reverse Holo Raw TCG (Near Mint)","-25.13","-$0.50","$1.99","$1.49 (10/23/2025)","$1.63","$1.25","$2.14","0.00","9","$14.64"
"Hawlucha 2025 Scarlet & Violet: Prismatic Evolutions #089/131 Reverse Holo Raw TCG (Near Mint)","-25.13","-$0.50","$1.99","$1.49 (10/15/2025)","$1.74","$1.49","$1.99","100.00","2","$3.48"
"Cynthia's Gabite 2025 Scarlet & Violet: Destined Rivals #103/182 Reverse Holo Raw TCG (Near Mint)","-25.13","-$0.49","$1.95","$1.46 (10/24/2025)","$1.88","$1.46","$2.49","30.00","13","$24.45"
"Nacli 2025 Mega Evolution #082/132 Reverse Holo Raw TCG (Near Mint)","-25.14","-$0.45","$1.79","$1.34 (10/23/2025)","$1.38","$0.99","$1.89","0.00","7","$9.68"
"Team Rocket's Ariana 2025 Scarlet & Violet: Destined Rivals #171/182 Reverse Holo Raw TCG (Near Mint)","-25.19","-$0.67","$2.66","$1.99 (10/22/2025)","$2.07","$1.48","$2.69","-26.67","11","$22.73"
"Serperior ex 2025 Japanese Scarlet & Violet: Black Bolt #003/086 Double Rare Raw TCG (Near Mint)","-25.34","-$0.56","$2.21","$1.65 (10/25/2025)","$1.86","$1.35","$2.22","-50.00","4","$7.43"
"Iono's Electrode 2025 Scarlet & Violet: Journey Together #048/159 Reverse Holo Raw TCG (Near Mint)","-25.34","-$0.56","$2.21","$1.65 (10/23/2025)","$2.03","$1.65","$2.21","-54.55","5","$10.17"
"Volcarona 2025 Scarlet & Violet: Black Bolt #016/086 Holo Raw TCG (Near Mint)","-25.40","-$0.48","$1.89","$1.41 (10/24/2025)","$1.47","$1.00","$1.89","100.00","4","$5.89"
"Meloetta ex 2025 Scarlet & Violet: Black Bolt #167/086 Special Illustration Rare Raw TCG (Near Mint)","-25.45","-$11.45","$44.99","$33.54 (10/21/2025)","$47.67","$33.54","$59.00","-54.55","30","$1430.04"
"Purrloin 2025 Scarlet & Violet: White Flare #055/086 Poke Ball Reverse Holo Raw TCG (Near Mint)","-25.50","-$0.51","$2.00","$1.49 (10/04/2025)","$1.75","$1.49","$2.00","-66.67","2","$3.49"
"Cofagrigus 2025 Scarlet & Violet: White Flare #040/086 Holo Raw TCG (Near Mint)","-25.50","-$0.38","$1.49","$1.11 (10/08/2025)","$1.30","$1.11","$1.49","-66.67","2","$2.60"
"Crispin 2025 Scarlet & Violet: Prismatic Evolutions #171/131 Special Illustration Rare Raw TCG (Near Mint)","-25.64","-$9.61","$37.46","$27.86 (10/24/2025)","$27.85","$20.50","$37.46","-9.52","19","$529.15"
"Impidimp 2025 Scarlet & Violet: Journey Together #071/159 Reverse Holo Raw TCG (Near Mint)","-25.87","-$0.52","$2.01","$1.49 (10/17/2025)","$1.60","$1.30","$2.01","0.00","3","$4.80"
"Ludicolo 2025 Scarlet & Violet: Journey Together #037/159 Holo Raw TCG (Near Mint)","-25.93","-$0.35","$1.35","$1.00 (10/18/2025)","$1.21","$0.99","$1.49","0.00","9","$10.89"
"Meloetta ex 2025 Scarlet & Violet: Black Bolt #044/086 Double Rare Raw TCG (Near Mint)","-25.99","-$0.43","$1.64","$1.21 (10/24/2025)","$1.55","$0.99","$2.00","-46.15","21","$32.53"
"Chi-Yu 2025 Mega Evolution #031/132 Reverse Holo Raw TCG (Near Mint)","-26.00","-$0.39","$1.50","$1.11 (10/12/2025)","$1.84","$1.11","$2.47","0.00","6","$11.02"
"Air Balloon 2025 Japanese Mega Brave #84/63 Super Rare (Full Art) Raw TCG (Near Mint)","-26.02","-$0.70","$2.69","$1.99 (10/24/2025)","$3.61","$1.99","$4.70","-62.50","6","$21.67"
"Chikorita 2025 Mega Evolution #008/132 Base Raw TCG (Near Mint)","-26.17","-$0.39","$1.49","$1.10 (10/22/2025)","$1.26","$0.99","$1.79","60.00","8","$10.06"
"Bisharp 2025 Japanese Scarlet & Violet: Black Bolt #148/086 Art Rare Raw TCG (Near Mint)","-26.19","-$1.59","$6.07","$4.48 (10/24/2025)","$5.06","$1.32","$6.07","0.00","18","$91.02"
"Magearna 2025 Scarlet & Violet: Journey Together #107/159 Reverse Holo Raw TCG (Near Mint)","-26.20","-$0.60","$2.29","$1.69 (10/24/2025)","$1.77","$1.18","$2.29","57.14","11","$19.44"
"Heatmor 2025 Japanese Scarlet & Violet: White Flare #101/086 Art Rare Raw TCG (Near Mint)","-26.27","-$1.46","$5.57","$4.11 (10/21/2025)","$4.96","$3.46","$6.02","-7.14","13","$64.42"
"Mienfoo 2025 Japanese Scarlet & Violet: White Flare #131/086 Art Rare Raw TCG (Near Mint)","-26.36","-$1.84","$6.98","$5.14 (10/24/2025)","$5.60","$2.75","$6.98","-33.33","16","$89.59"
"Hydrapple 2025 Japanese Scarlet & Violet: Heat Wave Arena #068/063 Art Rare Raw TCG (Near Mint)","-26.42","-$1.35","$5.11","$3.76 (10/24/2025)","$4.34","$1.25","$5.56","6.45","33","$143.33"
"Torchic 2025 Scarlet & Violet: Journey Together #022/159 Reverse Holo Raw TCG (Near Mint)","-26.50","-$0.53","$2.00","$1.47 (09/28/2025)","$1.65","$1.35","$2.00","-50.00","3","$4.94"
"Air Balloon 2025 Scarlet & Violet: Black Bolt #079/086 Base Raw TCG (Near Mint)","-26.53","-$0.65","$2.45","$1.80 (10/23/2025)","$2.87","$1.00","$4.38","-25.00","15","$43.08"
"Sandy Shocks ex 2025 Scarlet & Violet: Prismatic Evolutions #056/131 Double Rare Raw TCG (Near Mint)","-26.55","-$0.68","$2.57","$1.89 (10/22/2025)","$2.08","$1.00","$3.40","29.41","22","$45.70"
"Hop's Zacian ex 2025 Scarlet & Violet: Journey Together #186/159 Special Illustration Rare Raw TCG (Near Mint)","-26.58","-$10.50","$39.50","$29.00 (10/24/2025)","$36.15","$28.00","$53.73","-62.20","31","$1120.55"
"Hariyama 2025 Mega Evolution #073/132 Reverse Holo Raw TCG (Near Mint)","-26.63","-$0.53","$1.99","$1.46 (10/21/2025)","$1.66","$1.11","$2.25","200.00","12","$19.98"
"Shroomish 2025 Scarlet & Violet: Destined Rivals #005/182 Reverse Holo Raw TCG (Near Mint)","-26.67","-$0.36","$1.35","$0.99 (10/22/2025)","$1.52","$0.99","$2.25","-14.29","6","$9.12"
"Zweilous 2025 Japanese Scarlet & Violet: White Flare #143/086 Art Rare Raw TCG (Near Mint)","-26.85","-$1.84","$6.84","$5.00 (10/23/2025)","$6.09","$2.51","$8.19","-5.88","16","$97.48"
"Carracosta 2025 Japanese Scarlet & Violet: Black Bolt #111/086 Art Rare Raw TCG (Near Mint)","-26.86","-$1.79","$6.66","$4.88 (10/24/2025)","$5.63","$3.47","$8.36","-19.05","17","$95.71"
"Beartic 2025 Scarlet & Violet: Black Bolt #026/086 Master Ball Reverse Holo Raw TCG (Near Mint)","-26.86","-$1.88","$7.00","$5.12 (10/24/2025)","$5.75","$4.99","$7.00","-50.00","3","$17.24"
"Premium Power Pro 2025 Mega Evolution #124/132 Reverse Holo Raw TCG (Near Mint)","-26.88","-$0.53","$1.99","$1.46 (10/22/2025)","$1.83","$1.42","$3.97","125.00","18","$33.01"
"Battle Colosseum 2025 Japanese Mega: Inferno X #108/80 Super Rare (Full Art) Raw TCG (Near Mint)","-26.96","-$1.51","$5.60","$4.09 (10/24/2025)","$4.60","$1.76","$7.49","0.00","16","$73.66"
"Team Rocket's Mareep 2025 Scarlet & Violet: Destined Rivals #072/182 Reverse Holo Raw TCG (Near Mint)","-27.04","-$0.43","$1.59","$1.16 (10/22/2025)","$1.49","$1.07","$2.49","-16.67","5","$7.47"
"Primeape 2025 Scarlet & Violet: Destined Rivals #091/182 Reverse Holo Raw TCG (Near Mint)","-27.04","-$0.43","$1.59","$1.16 (10/24/2025)","$1.56","$1.16","$1.88","-16.67","5","$7.81"
"Raikou 2025 Mega Evolution #048/132 Reverse Holo Raw TCG (Near Mint)","-27.14","-$0.54","$1.99","$1.45 (10/18/2025)","$1.95","$1.11","$4.45","450.00","11","$21.49"
"Crustle 2025 Scarlet & Violet: Black Bolt #052/086 Poke Ball Reverse Holo Raw TCG (Near Mint)","-27.14","-$0.54","$1.99","$1.45 (10/19/2025)","$1.85","$1.45","$2.00","33.33","4","$7.41"
"Shiftry 2025 Mega Evolution #015/132 Reverse Holo Raw TCG (Near Mint)","-27.14","-$0.54","$1.99","$1.45 (10/23/2025)","$1.53","$1.00","$1.99","0.00","10","$15.31"
"Chikorita 2025 Mega Evolution #008/132 Reverse Holo Raw TCG (Near Mint)","-27.18","-$0.53","$1.95","$1.42 (10/23/2025)","$1.58","$0.99","$2.00","1300.00","28","$44.14"
"Haxorus 2025 Scarlet & Violet: Black Bolt #070/086 Master Ball Reverse Holo Raw TCG (Near Mint)","-27.21","-$2.99","$10.99","$8.00 (10/18/2025)","$7.52","$3.49","$11.51","60.00","8","$60.18"
"Articuno 2025 Japanese Scarlet & Violet: Battle Partners #102/100 Art Rare Raw TCG (Near Mint)","-27.21","-$3.25","$11.95","$8.70 (10/24/2025)","$7.94","$2.99","$23.50","-26.32","84","$666.83"
"Yanma 2025 Scarlet & Violet: Destined Rivals #183/182 Illustration Rare Raw TCG (Near Mint)","-27.28","-$1.94","$7.10","$5.16 (10/24/2025)","$6.05","$2.75","$10.75","-47.27","58","$350.98"
"Larvesta 2025 Scarlet & Violet: Black Bolt #099/086 Illustration Rare Raw TCG (Near Mint)","-27.30","-$3.00","$10.99","$7.99 (10/21/2025)","$9.89","$7.99","$11.99","-53.33","21","$207.68"
"Pansage 2025 Japanese Scarlet & Violet: Black Bolt #089/086 Art Rare Raw TCG (Near Mint)","-27.41","-$2.02","$7.37","$5.35 (10/21/2025)","$5.63","$2.00","$11.31","-24.14","22","$123.92"
"Lampent 2025 Scarlet & Violet: White Flare #017/086 Poke Ball Reverse Holo Raw TCG (Near Mint)","-27.50","-$0.55","$2.00","$1.45 (10/18/2025)","$2.15","$1.45","$2.99","-62.50","3","$6.44"
"Mega Charizard X ex 2025 Japanese Mega: Inferno X #94/80 Super Rare (Full Art) Raw TCG (Near Mint)","-27.51","-$24.81","$90.19","$65.38 (10/24/2025)","$65.83","$31.00","$105.77","16100.00","162","$10663.77"
"Tirtouga 2025 Scarlet & Violet: Black Bolt #022/086 Poke Ball Reverse Holo Raw TCG (Near Mint)","-27.64","-$0.55","$1.99","$1.44 (10/22/2025)","$2.49","$1.44","$5.97","16.67","7","$17.45"
"Jellicent ex 2025 Japanese Scarlet & Violet: White Flare #170/086 Special Art Rare Raw TCG (Near Mint)","-27.73","-$7.13","$25.71","$18.58 (10/21/2025)","$23.33","$18.58","$26.99","-76.92","3","$70.00"
"Bronzor 2025 Scarlet & Violet: Prismatic Evolutions #066/131 Master Ball Reverse Holo Raw TCG (Near Mint)","-27.78","-$0.55","$1.98","$1.43 (10/23/2025)","$3.34","$1.42","$7.04","55.56","14","$46.74"
"Drayton 2025 Scarlet & Violet: Prismatic Evolutions #172/131 Special Illustration Rare Raw TCG (Near Mint)","-27.78","-$5.00","$18.00","$13.00 (10/24/2025)","$20.10","$13.00","$45.99","-23.08","10","$200.97"
"Sandslash 2025 Mega Evolution #069/132 Reverse Holo Raw TCG (Near Mint)","-27.78","-$0.55","$1.98","$1.43 (10/22/2025)","$1.93","$1.11","$4.02","0.00","17","$32.79"
"Simisage 2025 Japanese Scarlet & Violet: Black Bolt #090/086 Art Rare Raw TCG (Near Mint)","-27.78","-$2.32","$8.35","$6.03 (10/20/2025)","$4.86","$3.00","$8.35","-29.63","19","$92.26"
"Professor's Research 2025 Scarlet & Violet: Prismatic Evolutions #124/131 Poke Ball Reverse Holo (Professor Rowan) Raw TCG (Near Mint)","-27.84","-$0.49","$1.76","$1.27 (10/17/2025)","$1.57","$1.27","$2.47","800.00","9","$14.09"
"Mienshao 2025 Scarlet & Violet: White Flare #053/086 Poke Ball Reverse Holo Raw TCG (Near Mint)","-27.86","-$0.56","$2.01","$1.45 (10/19/2025)","$1.74","$1.45","$2.01","-33.33","4","$6.97"
"Bloodmoon Ursaluna ex 2025 Scarlet & Violet: Prismatic Evolutions #168/131 Special Illustration Rare Raw TCG (Near Mint)","-27.86","-$22.35","$80.23","$57.88 (10/23/2025)","$72.14","$57.00","$105.00","50.00","21","$1515.01"
"Roaring Moon 2025 Scarlet & Violet: Prismatic Evolutions #065/131 Master Ball Reverse Holo Raw TCG (Near Mint)","-27.91","-$3.77","$13.49","$9.72 (10/23/2025)","$11.01","$4.99","$17.80","275.00","15","$165.10"
"Blitzle 2025 Scarlet & Violet: White Flare #114/086 Illustration Rare Raw TCG (Near Mint)","-27.91","-$2.72","$9.74","$7.03 (10/23/2025)","$7.31","$4.00","$13.12","-23.81","32","$234.00"
"Team Rocket's Crobat ex 2025 Japanese Scarlet & Violet: Glory of Team Rocket #127/098 Special Art Rare Raw TCG (Near Mint)","-28.00","-$14.00","$50.00","$36.00 (10/08/2025)","$45.45","$36.00","$54.09","-50.00","5","$227.25"
"Team Rocket's Hypno 2025 Scarlet & Violet: Destined Rivals #080/182 Reverse Holo Raw TCG (Near Mint)","-28.06","-$0.55","$1.96","$1.41 (10/22/2025)","$1.78","$1.41","$2.25","-40.00","6","$10.70"
"Wally's Compassion 2025 Mega Evolution #176/132 Ultra Rare (Full Art) Raw TCG (Near Mint)","-28.27","-$1.34","$4.74","$3.40 (10/24/2025)","$3.76","$2.50","$5.55","-26.67","11","$41.34"
"Arven's Greedent 2025 Scarlet & Violet: Destined Rivals #159/182 Holo Raw TCG (Near Mint)","-28.28","-$0.28","$0.99","$0.71 (10/17/2025)","$0.85","$0.71","$0.99","-33.33","2","$1.70"
"Mandibuzz 2025 Scarlet & Violet: White Flare #145/086 Illustration Rare Raw TCG (Near Mint)","-28.30","-$2.25","$7.95","$5.70 (10/24/2025)","$6.77","$3.49","$12.99","-47.37","30","$203.07"
"Team Rocket's Drowzee 2025 Scarlet & Violet: Destined Rivals #079/182 Reverse Holo Raw TCG (Near Mint)","-28.30","-$0.45","$1.59","$1.14 (10/22/2025)","$1.56","$1.14","$1.94","50.00","3","$4.67"
"Archeops 2025 Japanese Scarlet & Violet: White Flare #130/086 Art Rare Raw TCG (Near Mint)","-28.39","-$1.69","$5.97","$4.28 (10/23/2025)","$5.10","$2.53","$5.98","-17.39","19","$96.91"
"Sobble 2025 Mega Evolution #039/132 Base Raw TCG (Near Mint)","-28.41","-$0.75","$2.64","$1.89 (10/08/2025)","$2.27","$1.89","$2.64","100.00","2","$4.53"
"Archaludon 2025 Scarlet & Violet: Prismatic Evolutions #070/131 Poke Ball Reverse Holo Raw TCG (Near Mint)","-28.57","-$0.40","$1.40","$1.00 (10/03/2025)","$1.20","$1.00","$1.40","100.00","2","$2.40"
"Conkeldurr 2025 Scarlet & Violet: Black Bolt #049/086 Reverse Holo Raw TCG (Near Mint)","-28.57","-$0.50","$1.75","$1.25 (10/19/2025)","$1.58","$1.25","$1.75","0.00","3","$4.75"
"Suicune 2025 Scarlet & Violet: Prismatic Evolutions #024/131 Base Raw TCG (Near Mint)","-28.64","-$0.57","$1.99","$1.42 (10/14/2025)","$1.71","$1.42","$1.99","0.00","2","$3.41"
"Ethan's Ho-Oh ex 2025 Scarlet & Violet: Destined Rivals #039/182 Double Rare Raw TCG (Near Mint)","-28.65","-$0.71","$2.49","$1.78 (10/24/2025)","$2.21","$0.99","$6.40","-26.19","62","$136.99"
"Pignite 2025 Scarlet & Violet: White Flare #097/086 Illustration Rare Raw TCG (Near Mint)","-28.73","-$2.87","$9.99","$7.12 (10/23/2025)","$8.50","$5.99","$10.99","-58.49","22","$186.98"
"Emolga 2025 Scarlet & Violet: Black Bolt #029/086 Reverse Holo Raw TCG (Near Mint)","-28.78","-$0.40","$1.39","$0.99 (10/19/2025)","$1.19","$0.99","$1.39","100.00","2","$2.38"
"Butterfree 2025 Scarlet & Violet: Journey Together #003/159 Holo Raw TCG (Near Mint)","-28.78","-$0.40","$1.39","$0.99 (10/24/2025)","$1.32","$0.99","$2.01","71.43","12","$15.87"
"Shelgon 2025 Scarlet & Violet: Journey Together #113/159 Reverse Holo Raw TCG (Near Mint)","-28.79","-$0.57","$1.98","$1.41 (10/17/2025)","$1.80","$1.41","$2.01","-25.00","3","$5.40"
"Vullaby 2025 Scarlet & Violet: White Flare #063/086 Poke Ball Reverse Holo Raw TCG (Near Mint)","-28.83","-$0.79","$2.74","$1.95 (10/21/2025)","$2.42","$1.45","$3.55","0.00","4","$9.69"
"Tirtouga 2025 Scarlet & Violet: Black Bolt #106/086 Illustration Rare Raw TCG (Near Mint)","-28.85","-$3.75","$13.00","$9.25 (10/24/2025)","$13.90","$8.50","$21.46","-34.69","32","$444.86"
"Tepig 2025 Scarlet & Violet: White Flare #011/086 Master Ball Reverse Holo Raw TCG (Near Mint)","-28.86","-$1.44","$4.99","$3.55 (10/24/2025)","$4.72","$1.25","$7.11","-36.36","7","$33.01"
"Archeops 2025 Scarlet & Violet: White Flare #051/086 Reverse Holo Raw TCG (Near Mint)","-28.92","-$0.72","$2.49","$1.77 (10/13/2025)","$1.75","$0.99","$2.49","-50.00","3","$5.25"
"Mega Lopunny ex 2025 Japanese Mega: Inferno X #72/80 Double Rare Raw TCG (Near Mint)","-28.95","-$0.77","$2.66","$1.89 (10/24/2025)","$2.47","$0.99","$5.00","0.00","31","$76.54"
"Sigilyph 2025 Scarlet & Violet: White Flare #038/086 Master Ball Reverse Holo Raw TCG (Near Mint)","-29.00","-$2.03","$7.00","$4.97 (10/24/2025)","$6.49","$4.97","$7.00","-33.33","4","$25.97"
"Mega Abomasnow ex 2025 Japanese Mega Symphonia #76/63 Super Rare (Full Art) Raw TCG (Near Mint)","-29.01","-$1.95","$6.71","$4.76 (10/23/2025)","$5.77","$1.50","$8.01","-48.08","27","$155.81"
"Mega Absol ex 2025 Mega Evolution #161/132 Ultra Rare (Full Art) Raw TCG (Near Mint)","-29.17","-$3.50","$12.00","$8.50 (10/24/2025)","$11.59","$2.00","$24.99","955.56","190","$2202.31"
"Team Rocket's Crobat ex 2025 Japanese Scarlet & Violet: Glory of Team Rocket #117/098 Super Rare (Full Art) Raw TCG (Near Mint)","-29.21","-$2.22","$7.60","$5.38 (10/24/2025)","$7.63","$5.38","$8.79","-53.85","6","$45.76"
"Ignition Energy 2025 Scarlet & Violet: White Flare #086/086 Poke Ball Reverse Holo Raw TCG (Near Mint)","-29.31","-$1.14","$3.89","$2.75 (10/23/2025)","$2.97","$1.35","$3.89","-28.57","5","$14.83"
"Darmanitan 2025 Japanese Scarlet & Violet: Black Bolt #099/086 Art Rare Raw TCG (Near Mint)","-29.32","-$1.76","$6.01","$4.25 (10/22/2025)","$6.25","$3.25","$8.10","-52.00","12","$74.98"
"Braviary 2025 Scarlet & Violet: Black Bolt #155/086 Illustration Rare Raw TCG (Near Mint)","-29.41","-$2.50","$8.50","$6.00 (10/22/2025)","$8.06","$4.99","$17.41","-61.54","20","$161.25"
"Charcadet 2025 Japanese Mega: Inferno X #83/80 Art Rare Raw TCG (Near Mint)","-29.61","-$1.89","$6.38","$4.49 (10/24/2025)","$5.89","$1.50","$34.99","0.00","85","$500.93"
"Iono's Tadbulb 2025 Scarlet & Violet: Journey Together #052/159 Reverse Holo Raw TCG (Near Mint)","-29.80","-$0.59","$1.98","$1.39 (10/16/2025)","$1.76","$0.99","$2.64","0.00","5","$8.79"
"Lillie's Clefairy ex 2025 Scarlet & Violet: Journey Together #056/159 Double Rare Raw TCG (Near Mint)","-29.84","-$1.17","$3.94","$2.76 (10/24/2025)","$3.32","$0.99","$8.72","-14.61","76","$252.07"
"Togedemaru 2025 Japanese Mega: Inferno X #90/80 Art Rare Raw TCG (Near Mint)","-29.86","-$1.52","$5.08","$3.56 (10/24/2025)","$4.38","$0.99","$8.99","9800.00","99","$433.93"
"Litleo 2025 Japanese Mega Symphonia #66/63 Art Rare Raw TCG (Near Mint)","-29.88","-$1.08","$3.62","$2.54 (10/24/2025)","$3.71","$0.99","$12.50","11.96","103","$382.29"
"Excadrill ex 2025 Scarlet & Violet: Black Bolt #046/086 Double Rare Raw TCG (Near Mint)","-29.90","-$0.59","$1.99","$1.40 (10/20/2025)","$1.43","$0.99","$2.00","54.55","17","$24.28"
"Tympole 2025 Scarlet & Violet: Black Bolt #103/086 Illustration Rare Raw TCG (Near Mint)","-29.95","-$3.22","$10.75","$7.53 (10/22/2025)","$8.33","$6.00","$10.75","-39.47","23","$191.61"
"Mega Abomasnow ex 2025 Mega Evolution #157/132 Ultra Rare (Full Art) Raw TCG (Near Mint)","-29.98","-$2.56","$8.55","$5.99 (10/24/2025)","$6.77","$0.99","$14.00","723.81","173","$1171.74"
"Shroodle 2025 Mega Evolution #149/132 Illustration Rare Raw TCG (Near Mint)","-30.04","-$2.14","$7.12","$4.98 (10/24/2025)","$4.80","$0.99","$16.36","1383.33","178","$854.96"
"Dewott 2025 Scarlet & Violet: White Flare #022/086 Base Raw TCG (Near Mint)","-30.07","-$0.43","$1.43","$1.00 (10/15/2025)","$1.31","$1.00","$1.49","50.00","3","$3.92"
"Flutter Mane 2025 Scarlet & Violet: Prismatic Evolutions #043/131 Holo Raw TCG (Near Mint)","-30.17","-$0.54","$1.79","$1.25 (10/10/2025)","$1.52","$1.25","$1.79","100.00","2","$3.04"
"Team Rocket's Nidoqueen 2025 Scarlet & Violet: Destined Rivals #116/182 Base Raw TCG (Near Mint)","-30.17","-$0.54","$1.79","$1.25 (10/23/2025)","$1.34","$0.99","$1.79","-25.00","3","$4.03"
"Heatran 2025 Scarlet & Violet: Prismatic Evolutions #068/131 Reverse Holo Raw TCG (Near Mint)","-30.17","-$0.54","$1.79","$1.25 (10/17/2025)","$1.52","$1.25","$1.79","0.00","2","$3.04"
"Judge 2025 Scarlet & Violet: Destined Rivals #222/182 Ultra Rare (Full Art) Raw TCG (Near Mint)","-30.18","-$1.66","$5.50","$3.84 (10/24/2025)","$4.61","$1.99","$10.60","-39.24","48","$221.50"
"Ninetales 2025 Mega Evolution #020/132 Reverse Holo Raw TCG (Near Mint)","-30.19","-$0.48","$1.59","$1.11 (10/19/2025)","$2.05","$0.99","$5.00","375.00","19","$39.02"
"Wellspring Mask Ogerpon 2025 Scarlet & Violet: Destined Rivals #067/182 Reverse Holo Raw TCG (Near Mint)","-30.19","-$0.80","$2.65","$1.85 (10/24/2025)","$2.19","$1.49","$2.99","20.00","6","$13.14"
"Braviary 2025 Scarlet & Violet: Black Bolt #078/086 Reverse Holo Raw TCG (Near Mint)","-30.28","-$0.43","$1.42","$0.99 (10/19/2025)","$1.21","$0.99","$1.42","0.00","2","$2.41"
"Whimsicott ex 2025 Scarlet & Violet: White Flare #005/086 Double Rare Raw TCG (Near Mint)","-30.35","-$0.61","$2.01","$1.40 (10/24/2025)","$1.84","$1.40","$2.84","-50.00","6","$11.05"
"Wally's Compassion 2025 Mega Evolution #186/132 Special Illustration Rare Raw TCG (Near Mint)","-30.38","-$9.88","$32.50","$22.63 (10/24/2025)","$26.66","$10.50","$49.03","983.33","130","$3466.22"
"Musharna 2025 Scarlet & Violet: Black Bolt #036/086 Poke Ball Reverse Holo Raw TCG (Near Mint)","-30.62","-$0.64","$2.09","$1.45 (10/19/2025)","$2.09","$1.00","$3.85","-25.00","6","$12.52"
"Team Rocket's Ariana 2025 Scarlet & Violet: Destined Rivals #224/182 Ultra Rare (Full Art) Raw TCG (Near Mint)","-30.63","-$2.54","$8.28","$5.74 (10/24/2025)","$7.01","$0.99","$11.99","-44.74","42","$294.23"
"Tyme 2025 Scarlet & Violet: Prismatic Evolutions #143/131 Ultra Rare (Full Art) Raw TCG (Near Mint)","-30.74","-$0.88","$2.87","$1.99 (10/22/2025)","$1.78","$0.99","$5.18","4.55","23","$40.90"
"Riolu 2025 Scarlet & Violet: Prismatic Evolutions #050/131 Base Raw TCG (Near Mint)","-30.77","-$0.44","$1.43","$0.99 (10/17/2025)","$1.47","$0.99","$1.99","200.00","3","$4.41"
"Team Rocket's Murkrow 2025 Scarlet & Violet: Destined Rivals #200/182 Illustration Rare Raw TCG (Near Mint)","-30.93","-$4.27","$13.81","$9.54 (10/24/2025)","$11.35","$5.49","$18.82","-41.22","77","$873.66"
"Gothorita 2025 Scarlet & Violet: White Flare #042/086 Poke Ball Reverse Holo Raw TCG (Near Mint)","-31.02","-$0.67","$2.16","$1.49 (10/22/2025)","$2.71","$1.49","$7.11","125.00","9","$24.37"
"Crustle 2025 Japanese Scarlet & Violet: Black Bolt #136/086 Art Rare Raw TCG (Near Mint)","-31.09","-$1.80","$5.79","$3.99 (10/24/2025)","$4.82","$1.29","$6.68","12.50","18","$86.82"
"Eevee ex 2025 Scarlet & Violet: Prismatic Evolutions #075/131 Double Rare Raw TCG (Near Mint)","-31.18","-$1.99","$6.38","$4.39 (10/24/2025)","$5.59","$0.99","$15.95","13.27","111","$619.94"
"Pokegear 3.0 2025 Scarlet & Violet: Black Bolt #084/086 Reverse Holo Raw TCG (Near Mint)","-31.28","-$0.61","$1.95","$1.34 (10/16/2025)","$1.72","$1.34","$1.95","25.00","5","$8.61"
"Umbreon 2025 Scarlet & Violet: Prismatic Evolutions #059/131 Poke Ball Reverse Holo Raw TCG (Near Mint)","-31.34","-$2.46","$7.85","$5.39 (10/23/2025)","$4.60","$0.99","$10.00","89.19","70","$322.20"
"Tinkaton 2025 Mega Evolution #098/132 Reverse Holo Raw TCG (Near Mint)","-31.44","-$0.72","$2.29","$1.57 (10/23/2025)","$1.89","$1.06","$2.29","800.00","9","$17.04"
"Thundurus 2025 Scarlet & Violet: Black Bolt #033/086 Master Ball Reverse Holo Raw TCG (Near Mint)","-31.48","-$1.81","$5.75","$3.94 (10/18/2025)","$4.72","$1.99","$5.89","-33.33","4","$18.88"
"Basculin 2025 Scarlet & Violet: White Flare #108/086 Illustration Rare Raw TCG (Near Mint)","-31.56","-$1.90","$6.02","$4.12 (10/24/2025)","$5.16","$0.99","$7.99","-26.32","42","$216.90"
"Premium Power Pro 2025 Mega Evolution #174/132 Ultra Rare (Full Art) Raw TCG (Near Mint)","-31.57","-$3.16","$10.00","$6.84 (10/24/2025)","$6.07","$0.99","$10.00","222.58","100","$606.56"
"Risky Ruins 2025 Mega Evolution #127/132 Base Raw TCG (Near Mint)","-31.82","-$0.63","$1.98","$1.35 (10/22/2025)","$1.49","$0.99","$1.99","50.00","9","$13.43"
"Vullaby 2025 Scarlet & Violet: White Flare #144/086 Illustration Rare Raw TCG (Near Mint)","-31.82","-$3.26","$10.25","$6.99 (10/24/2025)","$6.21","$3.00","$19.18","-14.63","35","$217.24"
"Ignition Energy 2025 Japanese Mega: Inferno X #109/80 Super Rare (Full Art) Raw TCG (Near Mint)","-31.87","-$1.02","$3.20","$2.18 (10/24/2025)","$3.01","$2.18","$5.25","0.00","8","$24.08"
"Gothitelle 2025 Scarlet & Violet: White Flare #043/086 Master Ball Reverse Holo Raw TCG (Near Mint)","-31.91","-$1.75","$5.50","$3.75 (10/24/2025)","$5.84","$2.75","$7.99","37.50","11","$64.26"
"Yanmega ex 2025 Japanese Scarlet & Violet: Heat Wave Arena #003/063 Double Rare Raw TCG (Near Mint)","-31.96","-$0.70","$2.19","$1.49 (10/04/2025)","$1.84","$1.49","$2.19","-33.33","2","$3.68"
"Snover 2025 Mega Evolution #035/132 Reverse Holo Raw TCG (Near Mint)","-31.96","-$0.70","$2.19","$1.49 (10/22/2025)","$1.63","$0.99","$2.19","500.00","12","$19.53"
"Gothitelle 2025 Scarlet & Violet: White Flare #043/086 Holo Raw TCG (Near Mint)","-32.16","-$0.64","$1.99","$1.35 (10/19/2025)","$1.49","$1.12","$1.99","50.00","3","$4.46"
"Sylveon ex 2025 Scarlet & Violet: Prismatic Evolutions #041/131 Double Rare Raw TCG (Near Mint)","-32.25","-$1.35","$4.20","$2.84 (10/24/2025)","$3.62","$0.99","$13.41","-14.29","78","$282.35"
"Ethan's Typhlosion 2025 Japanese Scarlet & Violet: Heat Wave Arena #070/063 Art Rare Raw TCG (Near Mint)","-32.44","-$5.08","$15.67","$10.59 (10/23/2025)","$15.78","$9.00","$24.18","-25.93","40","$631.13"
"Buddy-Buddy Poffin 2025 Scarlet & Violet: Prismatic Evolutions #101/131 Base Raw TCG (Near Mint)","-32.66","-$0.65","$1.99","$1.34 (10/21/2025)","$1.74","$1.34","$1.99","50.00","6","$10.46"
"Lt. Surge's Deal 2025 Japanese Mega Brave #85/63 Super Rare (Full Art) Raw TCG (Near Mint)","-32.86","-$1.40","$4.25","$2.85 (10/21/2025)","$3.99","$0.99","$6.40","-58.54","17","$67.91"
"N's Reshiram 2025 Scarlet & Violet: Journey Together #116/159 Holo Raw TCG (Near Mint)","-32.89","-$0.49","$1.49","$1.00 (10/23/2025)","$1.56","$0.82","$2.29","5.26","20","$31.27"
"Hop's Dubwool 2025 Scarlet & Violet: Journey Together #136/159 Holo Raw TCG (Near Mint)","-32.89","-$0.49","$1.49","$1.00 (10/23/2025)","$1.28","$0.99","$2.00","60.00","8","$10.25"
"Yanmega ex 2025 Scarlet & Violet: Destined Rivals #206/182 Ultra Rare (Full Art) Raw TCG (Near Mint)","-33.22","-$1.99","$5.99","$4.00 (10/06/2025)","$5.00","$4.00","$5.99","-93.75","2","$9.99"
"Heat Burner 2025 Japanese Mega: Inferno X #101/80 Super Rare (Full Art) Raw TCG (Near Mint)","-33.44","-$1.07","$3.20","$2.13 (10/16/2025)","$2.98","$1.60","$4.99","0.00","4","$11.92"
"Bayleef 2025 Mega Evolution #009/132 Reverse Holo Raw TCG (Near Mint)","-33.44","-$1.00","$2.99","$1.99 (10/24/2025)","$1.69","$0.99","$4.00","675.00","31","$52.39"
"Mega Signal 2025 Japanese Mega Symphonia #83/63 Super Rare (Full Art) Raw TCG (Near Mint)","-33.44","-$1.00","$2.99","$1.99 (10/24/2025)","$2.35","$1.00","$2.99","-80.56","7","$16.43"
"Cynthia's Milotic 2025 Scarlet & Violet: Destined Rivals #053/182 Reverse Holo Raw TCG (Near Mint)","-33.44","-$1.00","$2.99","$1.99 (10/22/2025)","$2.30","$1.42","$3.23","-23.08","10","$23.04"
"Raboot 2025 Mega Evolution #027/132 Reverse Holo Raw TCG (Near Mint)","-33.44","-$1.00","$2.99","$1.99 (10/24/2025)","$1.97","$1.45","$2.99","0.00","9","$17.76"
"Swanna 2025 Japanese Scarlet & Violet: White Flare #023/086 Reverse Holo Raw TCG (Near Mint)","-33.52","-$0.60","$1.79","$1.19 (10/13/2025)","$1.49","$1.19","$1.79","0.00","2","$2.98"
"Xerneas 2025 Mega Evolution #064/132 Reverse Holo Raw TCG (Near Mint)","-33.53","-$0.56","$1.67","$1.11 (10/21/2025)","$1.66","$0.86","$2.99","0.00","9","$14.90"
"Copperajah 2025 Scarlet & Violet: Journey Together #110/159 Reverse Holo Raw TCG (Near Mint)","-33.56","-$0.50","$1.49","$0.99 (09/30/2025)","$1.24","$0.99","$1.49","-60.00","2","$2.48"
"Magneton 2025 Mega Evolution #046/132 Base Raw TCG (Near Mint)","-33.56","-$0.50","$1.49","$0.99 (10/23/2025)","$1.11","$0.99","$1.49","0.00","4","$4.46"
"Snom 2025 Mega Evolution #042/132 Base Raw TCG (Near Mint)","-33.56","-$0.50","$1.49","$0.99 (10/24/2025)","$1.39","$0.99","$1.49","0.00","5","$6.95"
"Vulpix 2025 Mega Evolution #019/132 Base Raw TCG (Near Mint)","-33.56","-$0.50","$1.49","$0.99 (10/23/2025)","$1.34","$0.99","$1.49","0.00","4","$5.37"
"Noctowl 2025 Scarlet & Violet: Prismatic Evolutions #078/131 Holo Raw TCG (Near Mint)","-33.56","-$0.50","$1.49","$0.99 (10/24/2025)","$1.34","$0.99","$1.79","60.00","8","$10.70"
"Parasect 2025 Scarlet & Violet: Journey Together #005/159 Reverse Holo Raw TCG (Near Mint)","-33.56","-$0.50","$1.49","$0.99 (10/23/2025)","$1.46","$0.99","$2.28","-20.00","4","$5.86"
"Emcee's Excitement 2025 Japanese Scarlet & Violet: Heat Wave Arena #082/063 Super Rare (Full Art) Raw TCG (Near Mint)","-33.57","-$3.28","$9.77","$6.49 (10/19/2025)","$8.42","$6.49","$9.77","0.00","3","$25.25"
"Lt. Surge's Bargain 2025 Mega Evolution #170/132 Ultra Rare (Full Art) Raw TCG (Near Mint)","-33.63","-$1.80","$5.34","$3.54 (10/24/2025)","$4.57","$0.99","$9.90","620.00","144","$657.62"
"N's Klinklang 2025 Scarlet & Violet: Journey Together #105/159 Reverse Holo Raw TCG (Near Mint)","-33.67","-$0.67","$1.99","$1.32 (10/24/2025)","$1.77","$0.99","$2.22","-36.36","7","$12.38"
"Steelix 2025 Mega Evolution #150/132 Illustration Rare Raw TCG (Near Mint)","-33.72","-$8.00","$23.74","$15.74 (10/24/2025)","$20.07","$2.00","$40.00","480.56","418","$8390.52"
"Misty's Gyarados 2025 Scarlet & Violet: Destined Rivals #049/182 Holo Raw TCG (Near Mint)","-33.78","-$1.01","$2.99","$1.98 (10/24/2025)","$2.59","$1.33","$10.99","-57.58","14","$36.24"
"Sylveon ex 2025 Scarlet & Violet: Prismatic Evolutions #156/131 Special Illustration Rare Raw TCG (Near Mint)","-33.89","-$168.75","$497.99","$329.24 (10/24/2025)","$370.70","$224.48","$510.00","-17.65","28","$10379.72"
"Amarys 2025 Scarlet & Violet: Prismatic Evolutions #132/131 Ultra Rare (Full Art) Raw TCG (Near Mint)","-33.92","-$1.34","$3.95","$2.61 (10/24/2025)","$2.12","$0.99","$6.03","33.33","40","$84.82"
"Ethan's Ho-Oh ex 2025 Scarlet & Violet: Destined Rivals #239/182 Hyper Rare (Secret) Raw TCG (Near Mint)","-33.93","-$9.50","$28.00","$18.50 (10/24/2025)","$33.36","$18.50","$45.00","-47.37","30","$1000.85"
"Dewgong 2025 Japanese Mega: Inferno X #84/80 Art Rare Raw TCG (Near Mint)","-33.98","-$3.39","$9.97","$6.58 (10/24/2025)","$5.66","$2.18","$9.99","0.00","111","$627.83"
"Spearow 2025 Mega Evolution #151/132 Illustration Rare Raw TCG (Near Mint)","-33.98","-$4.10","$12.06","$7.96 (10/24/2025)","$8.02","$1.25","$16.99","517.50","247","$1981.19"
"Oddish 2025 Japanese Mega: Inferno X #01/80 Base Raw TCG (Near Mint)","-34.00","-$0.51","$1.50","$0.99 (10/21/2025)","$1.50","$0.99","$2.00","0.00","4","$5.99"
"Ferrothorn 2025 Scarlet & Violet: White Flare #069/086 Reverse Holo Raw TCG (Near Mint)","-34.00","-$0.51","$1.50","$0.99 (10/19/2025)","$1.36","$0.99","$1.59","0.00","3","$4.08"
"Team Rocket's Energy 2025 Scarlet & Violet: Destined Rivals #182/182 Base Raw TCG (Near Mint)","-34.00","-$0.51","$1.50","$0.99 (10/20/2025)","$1.45","$0.99","$2.25","40.00","14","$20.26"
"Vileplume 2025 Japanese Mega: Inferno X #03/80 Base Raw TCG (Near Mint)","-34.00","-$0.51","$1.50","$0.99 (10/23/2025)","$1.35","$0.99","$2.00","0.00","7","$9.47"
"Shedinja 2025 Mega Evolution #061/132 Base Raw TCG (Near Mint)","-34.00","-$0.51","$1.50","$0.99 (10/19/2025)","$1.12","$0.99","$1.50","0.00","4","$4.47"
"Mega Kangaskhan ex 2025 Mega Evolution #164/132 Ultra Rare (Full Art) Raw TCG (Near Mint)","-34.01","-$5.01","$14.74","$9.73 (10/24/2025)","$10.77","$1.00","$25.00","1066.67","245","$2638.17"
"Spiky Energy 2025 Scarlet & Violet: Journey Together #190/159 Hyper Rare (Secret) Raw TCG (Near Mint)","-34.02","-$4.58","$13.47","$8.89 (10/24/2025)","$8.24","$0.99","$30.93","-43.10","33","$272.07"
"Mega Latias ex 2025 Mega Evolution #181/132 Special Illustration Rare Raw TCG (Near Mint)","-34.04","-$89.52","$263.00","$173.48 (10/24/2025)","$223.48","$135.00","$350.00","596.77","216","$48271.70"
"Hop's Sandaconda 2025 Scarlet & Violet: Journey Together #087/159 Reverse Holo Raw TCG (Near Mint)","-34.21","-$0.65","$1.90","$1.25 (10/23/2025)","$1.76","$1.25","$2.99","-33.33","6","$10.54"
"Xerneas 2025 Mega Evolution #064/132 Holo Raw TCG (Near Mint)","-34.21","-$0.52","$1.52","$1.00 (10/23/2025)","$1.60","$0.99","$2.50","0.00","19","$30.38"
"Nuzleaf 2025 Mega Evolution #014/132 Reverse Holo Raw TCG (Near Mint)","-34.32","-$0.58","$1.69","$1.11 (10/12/2025)","$1.52","$0.99","$1.99","600.00","7","$10.61"
"Duskull 2025 Scarlet & Violet: Prismatic Evolutions #035/131 Poke Ball Reverse Holo Raw TCG (Near Mint)","-34.33","-$1.38","$4.02","$2.64 (10/23/2025)","$2.23","$0.99","$4.02","137.50","19","$42.33"
"Mantine 2025 Mega Evolution #032/132 Reverse Holo Raw TCG (Near Mint)","-34.34","-$0.68","$1.98","$1.30 (10/23/2025)","$1.76","$1.30","$1.99","200.00","6","$10.55"
"Tauros 2025 Scarlet & Violet: Destined Rivals #152/182 Reverse Holo Raw TCG (Near Mint)","-34.39","-$0.65","$1.89","$1.24 (10/23/2025)","$1.58","$1.00","$1.89","40.00","7","$11.08"
"Zekrom ex 2025 Scarlet & Violet: Black Bolt #158/086 Ultra Rare (Full Art) Raw TCG (Near Mint)","-34.45","-$3.41","$9.89","$6.48 (10/24/2025)","$7.66","$4.25","$15.83","-32.23","82","$627.79"
"N's Reshiram 2025 Scarlet & Violet: Journey Together #116/159 Reverse Holo Raw TCG (Near Mint)","-34.48","-$1.10","$3.19","$2.09 (10/23/2025)","$2.47","$1.06","$5.38","-18.18","9","$22.26"
"Seedot 2025 Mega Evolution #013/132 Reverse Holo Raw TCG (Near Mint)","-34.52","-$0.68","$1.97","$1.29 (10/23/2025)","$1.60","$1.25","$2.13","0.00","5","$7.99"
"Purrloin 2025 Japanese Scarlet & Violet: White Flare #052/086 Master Ball Reverse Holo Raw TCG (Near Mint)","-34.52","-$1.55","$4.49","$2.94 (10/20/2025)","$3.71","$2.94","$4.49","0.00","2","$7.43"
"Cottonee 2025 Japanese Scarlet & Violet: White Flare #090/086 Art Rare Raw TCG (Near Mint)","-34.58","-$1.85","$5.35","$3.50 (10/24/2025)","$4.88","$2.45","$6.69","-51.52","16","$78.15"
"Mega Lucario ex 2025 Mega Evolution #160/132 Ultra Rare (Full Art) Raw TCG (Near Mint)","-34.66","-$12.68","$36.58","$23.90 (10/24/2025)","$27.69","$14.99","$53.59","314.81","336","$9302.94"
"Rotom ex 2025 Japanese Mega: Inferno X #29/80 Double Rare Raw TCG (Near Mint)","-34.87","-$0.53","$1.52","$0.99 (10/19/2025)","$1.38","$0.99","$1.58","0.00","9","$12.43"
"Miltank 2025 Scarlet & Violet: Prismatic Evolutions #081/131 Master Ball Reverse Holo Raw TCG (Near Mint)","-34.89","-$1.87","$5.36","$3.49 (10/22/2025)","$3.99","$1.99","$5.72","-38.46","8","$31.89"
"Volcarona 2025 Scarlet & Violet: Journey Together #029/159 Reverse Holo Raw TCG (Near Mint)","-34.91","-$0.59","$1.69","$1.10 (10/23/2025)","$1.40","$1.10","$1.69","-50.00","2","$2.79"
"Octillery 2025 Scarlet & Violet: Journey Together #034/159 Reverse Holo Raw TCG (Near Mint)","-34.98","-$0.78","$2.23","$1.45 (10/23/2025)","$2.06","$1.45","$2.99","-22.22","7","$14.41"
"Mega Latias ex 2025 Mega Evolution #100/132 Double Rare Raw TCG (Near Mint)","-35.13","-$1.17","$3.32","$2.15 (10/24/2025)","$2.50","$0.99","$11.73","290.77","254","$634.62"
"Tool Scrapper 2025 Japanese Scarlet & Violet: White Flare #080/086 Reverse Holo Raw TCG (Near Mint)","-35.18","-$0.70","$1.99","$1.29 (10/09/2025)","$1.64","$1.29","$1.99","0.00","2","$3.28"
"Greavard 2025 Mega Evolution #065/132 Reverse Holo Raw TCG (Near Mint)","-35.22","-$0.81","$2.30","$1.49 (10/21/2025)","$1.59","$0.99","$2.61","0.00","14","$22.22"
"Team Rocket's Houndoom 2025 Japanese Scarlet & Violet: Glory of Team Rocket #100/098 Art Rare Raw TCG (Near Mint)","-35.24","-$4.01","$11.38","$7.37 (10/24/2025)","$9.22","$4.00","$24.00","-35.44","51","$470.18"
"Professor's Research 2025 Scarlet & Violet: Prismatic Evolutions #123/131 Reverse Holo (Professor Elm) Raw TCG (Near Mint)","-35.24","-$0.74","$2.10","$1.36 (10/17/2025)","$1.61","$1.30","$2.10","0.00","3","$4.82"
"Huntail 2025 Scarlet & Violet: Destined Rivals #055/182 Reverse Holo Raw TCG (Near Mint)","-35.27","-$0.79","$2.24","$1.45 (10/23/2025)","$1.83","$1.45","$2.24","42.86","10","$18.30"
"Lillie's Ribombee 2025 Scarlet & Violet: Journey Together #067/159 Reverse Holo Raw TCG (Near Mint)","-35.29","-$1.14","$3.23","$2.09 (10/23/2025)","$2.40","$1.17","$3.94","0.00","6","$14.41"
"Karrablast 2025 Scarlet & Violet: Journey Together #009/159 Base Raw TCG (Near Mint)","-35.29","-$0.54","$1.53","$0.99 (10/21/2025)","$1.17","$0.99","$1.53","50.00","3","$3.51"
"Team Rocket's Energy 2025 Scarlet & Violet: Destined Rivals #182/182 Reverse Holo Raw TCG (Near Mint)","-35.31","-$1.61","$4.56","$2.95 (10/23/2025)","$3.24","$1.50","$5.37","12.50","18","$58.33"
"Iron Leaves ex 2025 Scarlet & Violet: Prismatic Evolutions #176/131 Hyper Rare (Secret) Raw TCG (Near Mint)","-35.54","-$4.83","$13.60","$8.77 (10/24/2025)","$7.84","$1.25","$16.63","40.63","45","$352.71"
"Archen 2025 Scarlet & Violet: White Flare #050/086 Poke Ball Reverse Holo Raw TCG (Near Mint)","-35.57","-$0.69","$1.94","$1.25 (10/23/2025)","$1.77","$1.25","$2.74","14.29","8","$14.13"
"Seaking 2025 Scarlet & Violet: Prismatic Evolutions #021/131 Poke Ball Reverse Holo Raw TCG (Near Mint)","-35.60","-$0.89","$2.50","$1.61 (10/13/2025)","$1.61","$0.89","$2.50","-11.11","8","$12.86"
"Mega Signal 2025 Mega Evolution #171/132 Ultra Rare (Full Art) Raw TCG (Near Mint)","-35.69","-$2.53","$7.10","$4.57 (10/24/2025)","$4.22","$0.99","$17.42","800.00","126","$531.56"
"Audino 2025 Scarlet & Violet: Black Bolt #074/086 Master Ball Reverse Holo Raw TCG (Near Mint)","-35.73","-$2.14","$5.99","$3.85 (10/21/2025)","$4.28","$3.25","$5.99","-50.00","5","$21.39"
"Mudsdale 2025 Scarlet & Violet: Destined Rivals #108/182 Reverse Holo Raw TCG (Near Mint)","-35.90","-$0.70","$1.95","$1.25 (10/20/2025)","$1.76","$1.25","$2.66","-22.22","7","$12.35"
"N's Plan 2025 Scarlet & Violet: Black Bolt #163/086 Ultra Rare (Full Art) Raw TCG (Near Mint)","-35.98","-$2.95","$8.19","$5.24 (10/24/2025)","$5.70","$0.99","$12.29","-22.83","71","$404.92"
"Hop's Choice Band 2025 Scarlet & Violet: Journey Together #148/159 Reverse Holo Raw TCG (Near Mint)","-35.98","-$0.95","$2.64","$1.69 (10/04/2025)","$2.17","$1.69","$2.64","100.00","2","$4.33"
"Team Rocket's Raticate 2025 Scarlet & Violet: Destined Rivals #148/182 Reverse Holo Raw TCG (Near Mint)","-36.00","-$0.81","$2.25","$1.44 (10/22/2025)","$2.27","$1.35","$3.96","0.00","7","$15.86"
"Scream Tail 2025 Scarlet & Violet: Prismatic Evolutions #042/131 Reverse Holo Raw TCG (Near Mint)","-36.05","-$0.84","$2.33","$1.49 (10/13/2025)","$2.09","$1.49","$2.33","-20.00","4","$8.37"
"Mega Manectric ex 2025 Mega Evolution #050/132 Double Rare Raw TCG (Near Mint)","-36.10","-$1.20","$3.32","$2.12 (10/24/2025)","$2.15","$0.99","$8.71","108.70","144","$309.62"
"Delibird 2025 Mega Evolution #105/132 Reverse Holo Raw TCG (Near Mint)","-36.11","-$0.71","$1.98","$1.27 (10/21/2025)","$1.44","$0.99","$1.98","700.00","8","$11.51"
"Duraludon 2025 Japanese Mega: Inferno X #62/80 Base Raw TCG (Near Mint)","-36.11","-$0.65","$1.80","$1.15 (10/22/2025)","$1.41","$0.99","$1.80","0.00","18","$25.43"
"Krookodile 2025 Scarlet & Violet: Black Bolt #059/086 Base Raw TCG (Near Mint)","-36.13","-$0.56","$1.55","$0.99 (10/22/2025)","$1.27","$0.99","$1.55","0.00","2","$2.54"
"Team Rocket's Petrel 2025 Scarlet & Violet: Destined Rivals #176/182 Reverse Holo Raw TCG (Near Mint)","-36.22","-$0.71","$1.96","$1.25 (10/23/2025)","$1.79","$1.25","$2.66","-10.00","9","$16.08"
"Helioptile 2025 Mega Evolution #143/132 Illustration Rare Raw TCG (Near Mint)","-36.55","-$2.73","$7.47","$4.74 (10/24/2025)","$6.74","$0.99","$14.99","1000.00","253","$1704.78"
"Mandibuzz 2025 Scarlet & Violet: White Flare #064/086 Poke Ball Reverse Holo Raw TCG (Near Mint)","-36.57","-$0.72","$1.96","$1.24 (10/20/2025)","$1.68","$0.99","$2.99","66.67","10","$16.78"
"Emcee's Hype 2025 Scarlet & Violet: Destined Rivals #163/182 Reverse Holo Raw TCG (Near Mint)","-36.68","-$0.84","$2.29","$1.45 (10/22/2025)","$1.87","$1.45","$2.29","100.00","2","$3.74"
"Druddigon 2025 Japanese Scarlet & Violet: White Flare #150/086 Art Rare Raw TCG (Near Mint)","-36.72","-$3.47","$9.45","$5.98 (10/24/2025)","$6.34","$3.25","$9.45","-55.56","12","$76.10"
"Archeops 2025 Scarlet & Violet: White Flare #132/086 Illustration Rare Raw TCG (Near Mint)","-36.73","-$3.32","$9.04","$5.72 (10/24/2025)","$7.43","$1.95","$13.01","-32.39","48","$356.65"
"Lillie's Determination 2025 Mega Evolution #184/132 Special Illustration Rare Raw TCG (Near Mint)","-36.75","-$80.67","$219.49","$138.82 (10/24/2025)","$169.76","$25.90","$300.00","658.33","273","$46343.91"
"Trubbish 2025 Scarlet & Violet: White Flare #059/086 Base Raw TCG (Near Mint)","-37.11","-$0.59","$1.59","$1.00 (10/12/2025)","$1.29","$1.00","$1.59","0.00","2","$2.59"
"Steven's Metang 2025 Scarlet & Violet: Destined Rivals #144/182 Reverse Holo Raw TCG (Near Mint)","-37.19","-$0.74","$1.99","$1.25 (10/23/2025)","$1.53","$0.99","$2.21","-56.25","7","$10.73"
"Iono's Voltorb 2025 Scarlet & Violet: Journey Together #047/159 Reverse Holo Raw TCG (Near Mint)","-37.19","-$0.74","$1.99","$1.25 (10/15/2025)","$1.80","$1.25","$1.99","-33.33","4","$7.20"
"Onix 2025 Mega Evolution #070/132 Reverse Holo Raw TCG (Near Mint)","-37.19","-$0.74","$1.99","$1.25 (10/16/2025)","$1.57","$0.99","$1.99","0.00","7","$10.99"
"Paldean Wooper 2025 Scarlet & Violet: Journey Together #093/159 Reverse Holo Raw TCG (Near Mint)","-37.19","-$0.74","$1.99","$1.25 (10/19/2025)","$1.62","$1.25","$1.99","100.00","2","$3.24"
"Noivern ex 2025 Scarlet & Violet: Prismatic Evolutions #091/131 Double Rare Raw TCG (Near Mint)","-37.23","-$1.02","$2.74","$1.72 (10/24/2025)","$2.14","$0.99","$4.05","83.33","33","$70.77"
"Alakazam 2025 Japanese Mega Symphonia #71/63 Art Rare Raw TCG (Near Mint)","-37.31","-$4.41","$11.83","$7.42 (10/24/2025)","$8.51","$0.99","$37.70","-24.86","136","$1157.23"
"Klang 2025 Japanese Scarlet & Violet: White Flare #147/086 Art Rare Raw TCG (Near Mint)","-37.33","-$1.34","$3.59","$2.25 (10/22/2025)","$3.40","$2.25","$4.69","-35.29","11","$37.37"
"Jolteon 2025 Scarlet & Violet: Prismatic Evolutions #029/131 Holo Raw TCG (Near Mint)","-37.69","-$0.75","$1.99","$1.24 (10/22/2025)","$1.99","$0.99","$9.95","-20.83","19","$37.74"
"Sandshrew 2025 Mega Evolution #068/132 Base Raw TCG (Near Mint)","-37.74","-$0.60","$1.59","$0.99 (10/24/2025)","$1.55","$0.99","$1.88","900.00","10","$15.49"
"Karrablast 2025 Scarlet & Violet: Journey Together #009/159 Reverse Holo Raw TCG (Near Mint)","-37.74","-$0.60","$1.59","$0.99 (10/23/2025)","$1.27","$0.87","$1.59","20.00","6","$7.62"
"Naclstack 2025 Mega Evolution #083/132 Base Raw TCG (Near Mint)","-37.74","-$0.60","$1.59","$0.99 (10/23/2025)","$1.19","$0.99","$1.59","0.00","3","$3.57"
"N's Sigilyph 2025 Scarlet & Violet: Journey Together #064/159 Reverse Holo Raw TCG (Near Mint)","-37.74","-$0.60","$1.59","$0.99 (10/10/2025)","$1.74","$0.99","$2.64","-40.00","3","$5.22"
"Electabuzz 2025 Scarlet & Violet: Destined Rivals #068/182 Reverse Holo Raw TCG (Near Mint)","-37.74","-$0.60","$1.59","$0.99 (10/23/2025)","$1.38","$0.99","$1.59","-33.33","4","$5.52"
"Latios 2025 Mega Evolution #101/132 Base Raw TCG (Near Mint)","-37.74","-$0.60","$1.59","$0.99 (10/16/2025)","$1.27","$0.99","$1.59","300.00","4","$5.06"
"Team Rocket's Houndoom 2025 Scarlet & Violet: Destined Rivals #038/182 Reverse Holo Raw TCG (Near Mint)","-37.74","-$1.00","$2.65","$1.65 (10/23/2025)","$2.05","$1.65","$2.66","28.57","9","$18.42"
"Cobalion 2025 Japanese Scarlet & Violet: Black Bolt #149/086 Art Rare Raw TCG (Near Mint)","-37.84","-$2.80","$7.40","$4.60 (10/22/2025)","$6.16","$3.28","$12.09","-38.71","19","$117.08"
"Mega Charizard X ex 2025 Japanese Mega: Inferno X #13/80 Double Rare Raw TCG (Near Mint)","-37.87","-$5.06","$13.37","$8.31 (10/24/2025)","$11.20","$3.75","$109.97","1900.00","200","$2239.71"
"Dondozo ex 2025 Japanese Scarlet & Violet: Heat Wave Arena #078/063 Super Rare (Full Art) Raw TCG (Near Mint)","-37.89","-$1.83","$4.83","$3.00 (10/19/2025)","$4.18","$3.00","$5.34","66.67","5","$20.91"
"Tepig 2025 Scarlet & Violet: White Flare #096/086 Illustration Rare Raw TCG (Near Mint)","-37.92","-$6.73","$17.75","$11.02 (10/24/2025)","$17.82","$9.35","$24.99","-55.17","26","$463.39"
"Mega Manectric ex 2025 Japanese Mega Symphonia #77/63 Super Rare (Full Art) Raw TCG (Near Mint)","-37.99","-$3.37","$8.87","$5.50 (10/22/2025)","$6.74","$1.68","$13.38","-54.55","25","$168.60"
"Heatmor 2025 Scarlet & Violet: White Flare #019/086 Poke Ball Reverse Holo Raw TCG (Near Mint)","-38.06","-$1.53","$4.02","$2.49 (10/23/2025)","$2.14","$1.00","$4.02","75.00","7","$14.97"
"Spikemuth Gym 2025 Scarlet & Violet: Destined Rivals #169/182 Reverse Holo Raw TCG (Near Mint)","-38.10","-$1.02","$2.69","$1.67 (10/23/2025)","$2.14","$1.25","$2.89","60.00","16","$34.22"
"Kyogre 2025 Mega Evolution #034/132 Reverse Holo Raw TCG (Near Mint)","-38.27","-$0.62","$1.62","$1.00 (10/22/2025)","$1.66","$0.99","$2.97","500.00","18","$29.91"
"Exeggutor 2025 Japanese Mega Brave #66/63 Art Rare Raw TCG (Near Mint)","-38.31","-$1.40","$3.65","$2.25 (10/24/2025)","$4.13","$1.32","$27.60","-36.53","106","$437.33"
"Cottonee 2025 Scarlet & Violet: Prismatic Evolutions #007/131 Poke Ball Reverse Holo Raw TCG (Near Mint)","-38.42","-$0.78","$2.03","$1.25 (10/12/2025)","$2.21","$1.25","$3.38","100.00","6","$13.24"
"Judge 2025 Japanese Scarlet & Violet: Heat Wave Arena #083/063 Super Rare (Full Art) Raw TCG (Near Mint)","-38.62","-$2.51","$6.50","$3.99 (10/19/2025)","$4.16","$1.99","$6.50","0.00","3","$12.48"
"Virizion 2025 Japanese Scarlet & Violet: White Flare #095/086 Art Rare Raw TCG (Near Mint)","-38.71","-$4.39","$11.34","$6.95 (10/24/2025)","$6.88","$4.25","$15.99","-15.15","28","$192.57"
"Celebi 2025 Mega Evolution #012/132 Reverse Holo Raw TCG (Near Mint)","-38.83","-$0.78","$2.00","$1.22 (10/23/2025)","$1.26","$0.99","$2.00","83.33","11","$13.84"
"Budew 2025 Scarlet & Violet: Prismatic Evolutions #004/131 Poke Ball Reverse Holo Raw TCG (Near Mint)","-38.84","-$2.54","$6.54","$4.00 (10/20/2025)","$2.65","$1.15","$6.54","5.26","20","$52.93"
"Swinub 2025 Scarlet & Violet: Journey Together #077/159 Reverse Holo Raw TCG (Near Mint)","-38.88","-$0.79","$2.04","$1.25 (10/23/2025)","$1.65","$1.25","$2.10","100.00","4","$6.59"
"Simisear 2025 Japanese Scarlet & Violet: White Flare #100/086 Art Rare Raw TCG (Near Mint)","-38.90","-$3.17","$8.15","$4.98 (10/21/2025)","$5.11","$2.05","$8.15","-59.38","13","$66.44"
"Budew 2025 Scarlet & Violet: Prismatic Evolutions #004/131 Reverse Holo Raw TCG (Near Mint)","-39.02","-$1.12","$2.87","$1.75 (10/19/2025)","$1.86","$1.42","$2.87","-40.00","6","$11.17"
"Mimikyu ex 2025 Scarlet & Violet: Journey Together #069/159 Double Rare Raw TCG (Near Mint)","-39.10","-$1.56","$3.99","$2.43 (10/24/2025)","$2.54","$1.00","$5.41","-32.98","63","$160.20"
"N's Zoroark ex 2025 Scarlet & Violet: Journey Together #175/159 Ultra Rare (Full Art) Raw TCG (Near Mint)","-39.30","-$3.72","$9.46","$5.75 (10/24/2025)","$6.30","$1.99","$15.59","-47.54","64","$403.48"
"Crispin 2025 Scarlet & Violet: Prismatic Evolutions #105/131 Reverse Holo Raw TCG (Near Mint)","-39.33","-$0.70","$1.78","$1.08 (10/13/2025)","$1.41","$1.00","$1.79","-20.00","4","$5.65"
"Firebreather 2025 Japanese Mega: Inferno X #107/80 Super Rare (Full Art) Raw TCG (Near Mint)","-39.55","-$2.61","$6.60","$3.99 (10/24/2025)","$6.34","$1.00","$10.99","0.00","24","$152.23"
"Iron Hands ex 2025 Scarlet & Violet: Prismatic Evolutions #031/131 Double Rare Raw TCG (Near Mint)","-39.56","-$1.73","$4.36","$2.63 (10/24/2025)","$2.44","$0.99","$6.07","-3.13","31","$75.68"
"Acerola's Mischief 2025 Mega Evolution #183/132 Special Illustration Rare Raw TCG (Near Mint)","-39.64","-$27.75","$70.00","$42.25 (10/23/2025)","$57.95","$24.00","$89.99","322.58","131","$7591.60"
"Mr. Mime 2025 Scarlet & Violet: Journey Together #058/159 Reverse Holo Raw TCG (Near Mint)","-39.68","-$0.75","$1.89","$1.14 (10/18/2025)","$1.51","$1.14","$1.89","0.00","4","$6.04"
"Clamperl 2025 Scarlet & Violet: Destined Rivals #195/182 Illustration Rare Raw TCG (Near Mint)","-39.69","-$2.30","$5.80","$3.50 (10/24/2025)","$5.83","$2.00","$11.00","-13.85","112","$653.34"
"Eevee 2025 Scarlet & Violet: Prismatic Evolutions #074/131 Poke Ball Reverse Holo Raw TCG (Near Mint)","-39.75","-$1.88","$4.73","$2.85 (10/23/2025)","$2.55","$0.99","$6.46","33.33","28","$71.48"
"Frillish 2025 Scarlet & Violet: White Flare #044/086 Poke Ball Reverse Holo Raw TCG (Near Mint)","-39.76","-$0.99","$2.49","$1.50 (10/22/2025)","$1.97","$0.89","$4.95","100.00","24","$47.28"
"Tropius 2025 Scarlet & Violet: Journey Together #123/159 Reverse Holo Raw TCG (Near Mint)","-39.77","-$1.05","$2.64","$1.59 (10/06/2025)","$1.94","$1.59","$2.64","-57.14","3","$5.82"
"Shuckle 2025 Mega Evolution #136/132 Illustration Rare Raw TCG (Near Mint)","-39.80","-$7.06","$17.73","$10.68 (10/24/2025)","$13.46","$0.99","$32.00","835.56","421","$5666.90"
"Duskull 2025 Scarlet & Violet: Prismatic Evolutions #035/131 Master Ball Reverse Holo Raw TCG (Near Mint)","-39.88","-$1.99","$4.99","$3.00 (10/24/2025)","$3.73","$0.99","$8.95","75.00","14","$52.28"
"Alolan Geodude 2025 Scarlet & Violet: Journey Together #044/159 Reverse Holo Raw TCG (Near Mint)","-39.89","-$0.71","$1.78","$1.07 (10/22/2025)","$1.43","$1.07","$1.78","-50.00","2","$2.85"
"Lillie's Clefairy ex 2025 Japanese Scarlet & Violet: Battle Partners #033/100 Double Rare Raw TCG (Near Mint)","-39.93","-$1.19","$2.98","$1.79 (10/24/2025)","$2.19","$1.34","$2.98","14.29","8","$17.50"
"Rellor 2025 Scarlet & Violet: Destined Rivals #024/182 Reverse Holo Raw TCG (Near Mint)","-40.00","-$0.90","$2.25","$1.35 (10/12/2025)","$1.95","$1.35","$2.25","50.00","3","$5.85"
"Charmander 2025 Japanese Mega: Inferno X #11/80 Base Raw TCG (Near Mint)","-40.00","-$0.66","$1.65","$0.99 (10/23/2025)","$1.72","$0.99","$3.30","0.00","7","$12.07"
"Nymble 2025 Japanese Mega: Inferno X #09/80 Base Raw TCG (Near Mint)","-40.00","-$0.66","$1.65","$0.99 (10/22/2025)","$1.36","$0.99","$1.80","0.00","5","$6.78"
"Stufful 2025 Mega Evolution #154/132 Illustration Rare Raw TCG (Near Mint)","-40.09","-$4.46","$11.12","$6.66 (10/24/2025)","$9.40","$1.99","$22.50","865.52","280","$2632.74"
"Whimsicott 2025 Scarlet & Violet: Prismatic Evolutions #008/131 Poke Ball Reverse Holo Raw TCG (Near Mint)","-40.16","-$1.00","$2.49","$1.49 (10/23/2025)","$1.64","$1.30","$2.49","400.00","10","$16.42"
"Sawsbuck 2025 Scarlet & Violet: White Flare #007/086 Poke Ball Reverse Holo Raw TCG (Near Mint)","-40.16","-$1.00","$2.49","$1.49 (10/03/2025)","$1.99","$1.49","$2.49","-80.00","2","$3.98"
"Reshiram ex 2025 Scarlet & Violet: White Flare #020/086 Double Rare Raw TCG (Near Mint)","-40.20","-$1.00","$2.50","$1.50 (10/24/2025)","$1.88","$0.99","$4.99","-18.03","50","$93.78"
"Eelektrik 2025 Scarlet & Violet: Black Bolt #031/086 Poke Ball Reverse Holo Raw TCG (Near Mint)","-40.36","-$0.67","$1.66","$0.99 (10/17/2025)","$1.36","$0.99","$1.66","100.00","4","$5.44"
"Gumshoos 2025 Mega Evolution #110/132 Base Raw TCG (Near Mint)","-40.72","-$0.68","$1.67","$0.99 (10/23/2025)","$1.63","$0.99","$2.68","0.00","8","$13.00"
"Cetitan ex 2025 Scarlet & Violet: Destined Rivals #065/182 Double Rare Raw TCG (Near Mint)","-40.75","-$1.08","$2.65","$1.57 (10/24/2025)","$1.85","$0.99","$2.99","-23.08","30","$55.55"
"Jamming Tower 2025 Scarlet & Violet: Destined Rivals #243/182 Hyper Rare (Secret) Raw TCG (Near Mint)","-40.88","-$7.15","$17.49","$10.34 (10/24/2025)","$20.89","$1.99","$42.66","-55.07","31","$647.51"
"Oricorio ex 2025 Japanese Mega: Inferno X #95/80 Super Rare (Full Art) Raw TCG (Near Mint)","-41.00","-$3.44","$8.39","$4.95 (10/23/2025)","$6.50","$4.25","$10.99","0.00","24","$155.91"
"Team Rocket's Mewtwo ex 2025 Japanese Scarlet & Violet: Glory of Team Rocket #114/098 Super Rare (Full Art) Raw TCG (Near Mint)","-41.11","-$13.82","$33.62","$19.80 (10/24/2025)","$23.93","$15.43","$33.62","-33.33","20","$478.57"
"Electivire ex 2025 Japanese Scarlet & Violet: Heat Wave Arena #079/063 Super Rare (Full Art) Raw TCG (Near Mint)","-41.15","-$2.07","$5.03","$2.96 (10/16/2025)","$4.53","$2.96","$5.27","-28.57","5","$22.66"
"Duraludon 2025 Scarlet & Violet: Prismatic Evolutions #069/131 Poke Ball Reverse Holo Raw TCG (Near Mint)","-41.18","-$0.70","$1.70","$1.00 (10/24/2025)","$1.88","$1.00","$2.95","-40.00","3","$5.65"
"Kadabra 2025 Mega Evolution #055/132 Base Raw TCG (Near Mint)","-41.26","-$0.70","$1.70","$1.00 (10/23/2025)","$1.45","$0.99","$2.20","0.00","17","$24.67"
"Dhelmise 2025 Mega Evolution #018/132 Reverse Holo Raw TCG (Near Mint)","-41.30","-$1.02","$2.47","$1.45 (10/22/2025)","$1.75","$1.45","$2.47","0.00","7","$12.27"
"Bulbasaur 2025 Mega Evolution #133/132 Illustration Rare Raw TCG (Near Mint)","-41.34","-$20.20","$48.87","$28.67 (10/24/2025)","$35.54","$5.00","$70.00","415.58","397","$14108.60"
"Lillie's Determination 2025 Mega Evolution #119/132 Reverse Holo Raw TCG (Near Mint)","-41.34","-$1.89","$4.58","$2.69 (10/23/2025)","$2.89","$0.99","$10.50","347.06","76","$219.43"
"Inteleon 2025 Japanese Mega Symphonia #69/63 Art Rare Raw TCG (Near Mint)","-41.38","-$2.56","$6.19","$3.63 (10/24/2025)","$3.36","$1.00","$15.99","-22.67","58","$194.72"
"Kyurem ex 2025 Scarlet & Violet: Black Bolt #028/086 Double Rare Raw TCG (Near Mint)","-41.42","-$0.70","$1.69","$0.99 (10/24/2025)","$1.68","$0.99","$3.36","-28.57","15","$25.16"
"Rapidash 2025 Scarlet & Violet: Destined Rivals #030/182 Reverse Holo Raw TCG (Near Mint)","-41.42","-$0.70","$1.69","$0.99 (10/23/2025)","$1.40","$0.99","$1.69","-64.29","5","$7.00"
"Chi-Yu 2025 Mega Evolution #031/132 Base Raw TCG (Near Mint)","-41.42","-$0.70","$1.69","$0.99 (10/14/2025)","$1.34","$0.99","$1.69","0.00","2","$2.68"
"Cynthia's Garchomp ex 2025 Japanese Scarlet & Violet: Heat Wave Arena #080/063 Super Rare (Full Art) Raw TCG (Near Mint)","-41.43","-$2.83","$6.83","$4.00 (10/22/2025)","$7.79","$4.00","$12.05","200.00","6","$46.74"
"Hop's Corvisquire 2025 Scarlet & Violet: Journey Together #134/159 Reverse Holo Raw TCG (Near Mint)","-41.57","-$0.74","$1.78","$1.04 (10/14/2025)","$1.41","$1.04","$1.78","0.00","2","$2.82"
"Zekrom ex 2025 Japanese Scarlet & Violet: Black Bolt #174/086 Black White Rare (Secret) Raw TCG (Near Mint)","-41.64","-$164.49","$395.00","$230.51 (10/23/2025)","$253.34","$195.50","$395.00","80.00","18","$4560.05"
"Klink 2025 Japanese Scarlet & Violet: White Flare #146/086 Art Rare Raw TCG (Near Mint)","-41.74","-$2.25","$5.39","$3.14 (10/24/2025)","$5.00","$2.75","$8.58","0.00","8","$39.96"
"Cynthia's Feebas 2025 Scarlet & Violet: Destined Rivals #052/182 Base Raw TCG (Near Mint)","-41.76","-$0.71","$1.70","$0.99 (09/29/2025)","$1.34","$0.99","$1.70","0.00","2","$2.69"
"Misty's Lapras 2025 Scarlet & Violet: Destined Rivals #050/182 Base Raw TCG (Near Mint)","-41.80","-$0.79","$1.89","$1.10 (10/18/2025)","$1.49","$1.10","$1.89","-33.33","4","$5.98"
"Musharna 2025 Scarlet & Violet: Black Bolt #036/086 Master Ball Reverse Holo Raw TCG (Near Mint)","-41.85","-$2.60","$6.22","$3.62 (10/17/2025)","$6.74","$3.62","$13.15","-54.55","5","$33.72"
"Klink 2025 Scarlet & Violet: Black Bolt #139/086 Illustration Rare Raw TCG (Near Mint)","-41.93","-$3.61","$8.61","$5.00 (10/23/2025)","$5.85","$3.50","$9.70","-41.67","21","$122.75"
"Keldeo ex 2025 Japanese Scarlet & Violet: White Flare #161/086 Super Rare (Full Art) Raw TCG (Near Mint)","-41.96","-$2.53","$6.03","$3.50 (10/04/2025)","$3.93","$2.25","$6.03","-62.50","3","$11.78"
"Wigglytuff 2025 Japanese Mega: Inferno X #91/80 Art Rare Raw TCG (Near Mint)","-42.15","-$5.27","$12.50","$7.23 (10/24/2025)","$8.37","$3.97","$21.00","0.00","123","$1029.32"
"Helioptile 2025 Mega Evolution #052/132 Reverse Holo Raw TCG (Near Mint)","-42.17","-$1.05","$2.49","$1.44 (10/22/2025)","$1.57","$0.99","$2.49","0.00","10","$15.69"
"Clawitzer 2025 Mega Evolution #141/132 Illustration Rare Raw TCG (Near Mint)","-42.19","-$2.94","$6.96","$4.02 (10/24/2025)","$4.89","$0.99","$13.75","1206.67","196","$957.86"
"Bulbasaur 2025 Mega Evolution #001/132 Reverse Holo Raw TCG (Near Mint)","-42.20","-$1.05","$2.50","$1.45 (10/23/2025)","$1.88","$0.97","$6.74","387.50","39","$73.17"
"Dusknoir 2025 Scarlet & Violet: Prismatic Evolutions #037/131 Poke Ball Reverse Holo Raw TCG (Near Mint)","-42.31","-$1.10","$2.60","$1.50 (10/22/2025)","$1.81","$1.00","$3.00","140.00","12","$21.77"
"Mega Gardevoir ex 2025 Mega Evolution #159/132 Ultra Rare (Full Art) Raw TCG (Near Mint)","-42.32","-$8.96","$21.17","$12.21 (10/24/2025)","$15.35","$5.50","$31.00","728.00","207","$3177.94"
"Helioptile 2025 Japanese Mega Symphonia #70/63 Art Rare Raw TCG (Near Mint)","-42.39","-$2.80","$6.61","$3.81 (10/24/2025)","$3.83","$1.00","$15.50","-10.64","84","$321.87"
"N's Darmanitan 2025 Scarlet & Violet: Journey Together #027/159 Reverse Holo Raw TCG (Near Mint)","-42.43","-$0.99","$2.34","$1.35 (10/23/2025)","$2.23","$1.35","$2.54","100.00","14","$31.15"
"Team Rocket's Murkrow 2025 Scarlet & Violet: Destined Rivals #127/182 Reverse Holo Raw TCG (Near Mint)","-42.53","-$1.11","$2.61","$1.50 (10/20/2025)","$1.77","$0.99","$2.61","-30.00","7","$12.40"
"Genesect ex 2025 Japanese Scarlet & Violet: Black Bolt #172/086 Special Art Rare Raw TCG (Near Mint)","-42.57","-$11.49","$26.99","$15.50 (10/20/2025)","$21.27","$10.50","$29.45","-35.29","11","$233.94"
"Mega Gardevoir ex 2025 Mega Evolution #060/132 Double Rare Raw TCG (Near Mint)","-42.73","-$2.16","$5.05","$2.89 (10/24/2025)","$3.20","$0.99","$13.12","165.85","218","$696.82"
"Arven's Greedent 2025 Japanese Scarlet & Violet: Heat Wave Arena #075/063 Art Rare Raw TCG (Near Mint)","-42.75","-$1.68","$3.93","$2.25 (10/24/2025)","$3.11","$2.25","$4.97","-16.00","21","$65.35"
"Flygon 2025 Japanese Mega: Inferno X #88/80 Art Rare Raw TCG (Near Mint)","-42.88","-$4.28","$9.97","$5.70 (10/24/2025)","$5.79","$2.99","$18.10","0.00","140","$810.53"
"Switch 2025 Mega Evolution #130/132 Base Raw TCG (Near Mint)","-42.91","-$1.12","$2.61","$1.49 (09/28/2025)","$2.05","$1.49","$2.61","0.00","2","$4.10"
"Toxtricity 2025 Japanese Mega: Inferno X #89/80 Art Rare Raw TCG (Near Mint)","-42.91","-$2.96","$6.89","$3.93 (10/24/2025)","$4.61","$1.00","$8.99","0.00","62","$285.70"
"Snover 2025 Mega Evolution #035/132 Base Raw TCG (Near Mint)","-42.94","-$0.74","$1.73","$0.99 (10/23/2025)","$1.60","$0.99","$2.99","500.00","12","$19.20"
"Duosion 2025 Scarlet & Violet: Black Bolt #038/086 Poke Ball Reverse Holo Raw TCG (Near Mint)","-43.14","-$1.10","$2.55","$1.45 (10/19/2025)","$2.27","$1.45","$2.55","-20.00","4","$9.07"
"Karrablast 2025 Japanese Scarlet & Violet: Black Bolt #094/086 Art Rare Raw TCG (Near Mint)","-43.35","-$4.89","$11.28","$6.39 (10/24/2025)","$7.52","$4.54","$11.28","3.13","33","$248.05"
"Paras 2025 Scarlet & Violet: Journey Together #004/159 Reverse Holo Raw TCG (Near Mint)","-43.43","-$0.76","$1.75","$0.99 (10/23/2025)","$1.38","$0.71","$1.77","0.00","5","$6.91"
"Team Rocket's Sneasel 2025 Scarlet & Violet: Destined Rivals #128/182 Holo Raw TCG (Near Mint)","-43.43","-$0.76","$1.75","$0.99 (10/09/2025)","$1.33","$0.99","$1.75","-40.00","3","$3.99"
"Ethan's Typhlosion 2025 Japanese Scarlet & Violet: Heat Wave Arena #017/063 Holo Raw TCG (Near Mint)","-43.43","-$0.76","$1.75","$0.99 (10/24/2025)","$2.75","$0.99","$5.50","0.00","3","$8.24"
"Sandshrew 2025 Mega Evolution #068/132 Reverse Holo Raw TCG (Near Mint)","-43.57","-$1.09","$2.49","$1.40 (10/21/2025)","$1.88","$0.99","$3.59","800.00","36","$67.57"
"Brock's Scouting 2025 Scarlet & Violet: Journey Together #179/159 Ultra Rare (Full Art) Raw TCG (Near Mint)","-43.74","-$4.74","$10.83","$6.09 (10/24/2025)","$4.58","$0.99","$10.83","-43.14","58","$265.43"
"Boss's Orders 2025 Mega Evolution #114/132 Base (Ghetsis) Raw TCG (Near Mint)","-44.13","-$0.79","$1.79","$1.00 (10/24/2025)","$1.59","$1.00","$2.63","0.00","7","$11.14"
"Haban Berry 2025 Scarlet & Violet: Prismatic Evolutions #111/131 Poke Ball Reverse Holo Raw TCG (Near Mint)","-44.18","-$1.10","$2.49","$1.39 (10/21/2025)","$1.63","$1.00","$2.49","-40.00","3","$4.88"
"Reuniclus 2025 Scarlet & Violet: Black Bolt #039/086 Master Ball Reverse Holo Raw TCG (Near Mint)","-44.18","-$4.86","$11.00","$6.14 (10/24/2025)","$7.15","$3.00","$11.00","40.00","7","$50.06"
"Team Rocket's Persian ex 2025 Japanese Scarlet & Violet: Glory of Team Rocket #079/098 Double Rare Raw TCG (Near Mint)","-44.19","-$1.18","$2.67","$1.49 (10/01/2025)","$2.28","$1.49","$2.67","-50.00","3","$6.83"
"Manectric 2025 Scarlet & Violet: Destined Rivals #076/182 Reverse Holo Raw TCG (Near Mint)","-44.20","-$0.99","$2.24","$1.25 (10/21/2025)","$1.61","$1.08","$2.24","-60.00","4","$6.46"
"Team Rocket's Nidorino 2025 Scarlet & Violet: Destined Rivals #118/182 Reverse Holo Raw TCG (Near Mint)","-44.20","-$0.99","$2.24","$1.25 (10/23/2025)","$1.86","$1.25","$2.24","-42.86","4","$7.46"
"Fan Rotom 2025 Scarlet & Violet: Prismatic Evolutions #085/131 Master Ball Reverse Holo Raw TCG (Near Mint)","-44.37","-$3.82","$8.61","$4.79 (10/21/2025)","$4.61","$2.24","$8.61","36.36","15","$69.17"
"Dwebble 2025 Scarlet & Violet: Black Bolt #051/086 Master Ball Reverse Holo Raw TCG (Near Mint)","-44.44","-$2.20","$4.95","$2.75 (10/19/2025)","$4.16","$1.50","$9.40","57.14","11","$45.76"
"Raboot 2025 Mega Evolution #027/132 Base Raw TCG (Near Mint)","-44.54","-$0.80","$1.79","$0.99 (10/18/2025)","$1.59","$0.99","$2.00","0.00","7","$11.13"
"Riolu 2025 Mega Evolution #076/132 Reverse Holo Raw TCG (Near Mint)","-44.67","-$2.01","$4.50","$2.49 (10/20/2025)","$1.92","$0.99","$5.00","380.00","24","$46.18"
"Stonjourner 2025 Mega Evolution #081/132 Reverse Holo Raw TCG (Near Mint)","-44.69","-$0.80","$1.79","$0.99 (10/13/2025)","$1.63","$0.99","$1.79","0.00","5","$8.15"
"Tinkatink 2025 Mega Evolution #096/132 Reverse Holo Raw TCG (Near Mint)","-45.17","-$1.35","$3.00","$1.65 (10/21/2025)","$1.83","$0.99","$3.00","0.00","7","$12.84"
"Team Rocket's Spidops 2025 Japanese Scarlet & Violet: Glory of Team Rocket #099/098 Art Rare Raw TCG (Near Mint)","-45.19","-$4.13","$9.14","$5.01 (10/23/2025)","$5.54","$2.00","$9.19","-29.03","22","$121.79"
"Ultra Ball 2025 Mega Evolution #131/132 Reverse Holo Raw TCG (Near Mint)","-45.23","-$0.90","$1.99","$1.09 (10/23/2025)","$1.72","$0.99","$2.99","600.00","14","$24.07"
"Articuno 2025 Scarlet & Violet: Journey Together #032/159 Reverse Holo Raw TCG (Near Mint)","-45.28","-$1.63","$3.60","$1.97 (10/20/2025)","$2.69","$1.00","$3.60","-10.00","9","$24.23"
"Electrike 2025 Mega Evolution #049/132 Reverse Holo Raw TCG (Near Mint)","-45.49","-$1.16","$2.55","$1.39 (10/18/2025)","$1.95","$0.99","$4.00","1300.00","14","$27.36"
"Furret 2025 Scarlet & Violet: Journey Together #119/159 Reverse Holo Raw TCG (Near Mint)","-45.55","-$0.87","$1.91","$1.04 (10/21/2025)","$1.38","$0.99","$1.91","-20.00","4","$5.53"
"Boss's Orders 2025 Mega Evolution #114/132 Reverse Holo (Ghetsis) Raw TCG (Near Mint)","-45.73","-$0.91","$1.99","$1.08 (10/23/2025)","$1.51","$0.99","$2.18","400.00","10","$15.12"
"Alomomola 2025 Japanese Scarlet & Violet: Black Bolt #112/086 Art Rare Raw TCG (Near Mint)","-45.74","-$2.74","$5.99","$3.25 (10/24/2025)","$4.91","$2.48","$12.54","53.85","20","$98.22"
"Riolu 2025 Mega Evolution #076/132 Base Raw TCG (Near Mint)","-45.75","-$0.84","$1.83","$0.99 (10/24/2025)","$1.46","$0.99","$2.64","233.33","20","$29.20"
"Fighting Gong 2025 Mega Evolution #116/132 Reverse Holo Raw TCG (Near Mint)","-45.82","-$1.81","$3.95","$2.14 (10/21/2025)","$2.49","$1.25","$6.00","350.00","18","$44.79"
"Swoobat 2025 Scarlet & Violet: White Flare #037/086 Poke Ball Reverse Holo Raw TCG (Near Mint)","-45.90","-$1.23","$2.68","$1.45 (10/18/2025)","$2.12","$1.45","$2.70","33.33","4","$8.47"
"Alakazam 2025 Mega Evolution #056/132 Reverse Holo Raw TCG (Near Mint)","-46.30","-$0.95","$2.05","$1.10 (10/20/2025)","$2.00","$1.09","$3.75","333.33","26","$51.98"
"Snover 2025 Mega Evolution #140/132 Illustration Rare Raw TCG (Near Mint)","-46.34","-$3.22","$6.94","$3.72 (10/24/2025)","$4.52","$0.99","$10.00","957.89","201","$909.50"
"Naclstack 2025 Mega Evolution #083/132 Reverse Holo Raw TCG (Near Mint)","-46.36","-$1.21","$2.61","$1.40 (10/19/2025)","$1.53","$0.99","$2.61","0.00","10","$15.34"
"Munkidori 2025 Scarlet & Violet: Prismatic Evolutions #044/131 Poke Ball Reverse Holo Raw TCG (Near Mint)","-46.37","-$1.85","$3.99","$2.14 (10/17/2025)","$2.45","$0.99","$3.99","-29.41","12","$29.42"
"Lillie's Comfey 2025 Scarlet & Violet: Journey Together #068/159 Reverse Holo Raw TCG (Near Mint)","-46.47","-$1.25","$2.69","$1.44 (10/14/2025)","$2.06","$1.44","$2.69","-60.00","2","$4.13"
"Morgrem 2025 Scarlet & Violet: Journey Together #072/159 Reverse Holo Raw TCG (Near Mint)","-46.49","-$0.86","$1.85","$0.99 (10/23/2025)","$1.56","$0.99","$2.01","-25.00","3","$4.69"
"Electivire ex 2025 Scarlet & Violet: Destined Rivals #069/182 Double Rare Raw TCG (Near Mint)","-46.70","-$1.84","$3.94","$2.10 (10/22/2025)","$2.25","$0.99","$4.04","9.52","46","$103.48"
"Barraskewda 2025 Scarlet & Violet: Destined Rivals #063/182 Reverse Holo Raw TCG (Near Mint)","-46.77","-$1.16","$2.48","$1.32 (10/23/2025)","$2.17","$0.99","$3.00","-10.00","9","$19.56"
"Hop's Silicobra 2025 Scarlet & Violet: Journey Together #086/159 Reverse Holo Raw TCG (Near Mint)","-46.85","-$1.19","$2.54","$1.35 (10/18/2025)","$1.75","$1.35","$2.54","200.00","3","$5.24"
"Ivysaur 2025 Mega Evolution #134/132 Illustration Rare Raw TCG (Near Mint)","-47.22","-$22.59","$47.84","$25.25 (10/24/2025)","$36.73","$9.98","$70.00","402.50","402","$14765.59"
"Steelix 2025 Mega Evolution #093/132 Holo Raw TCG (Near Mint)","-47.35","-$1.16","$2.45","$1.29 (10/14/2025)","$1.54","$0.99","$2.45","325.00","17","$26.10"
"Venipede 2025 Scarlet & Violet: Black Bolt #054/086 Master Ball Reverse Holo Raw TCG (Near Mint)","-47.55","-$2.04","$4.29","$2.25 (10/11/2025)","$3.84","$2.25","$4.99","-50.00","3","$11.53"
"Numel 2025 Mega Evolution #021/132 Base Raw TCG (Near Mint)","-47.62","-$0.90","$1.89","$0.99 (10/23/2025)","$1.44","$0.99","$1.89","0.00","2","$2.88"
"Marnie's Morpeko 2025 Scarlet & Violet: Destined Rivals #137/182 Base Raw TCG (Near Mint)","-47.62","-$0.90","$1.89","$0.99 (10/22/2025)","$1.41","$0.99","$1.89","0.00","3","$4.23"
"Genesect ex 2025 Scarlet & Violet: Black Bolt #161/086 Ultra Rare (Full Art) Raw TCG (Near Mint)","-47.63","-$4.52","$9.49","$4.97 (10/24/2025)","$4.83","$0.99","$13.99","-45.78","45","$217.48"
"Regigigas 2025 Scarlet & Violet: Prismatic Evolutions #086/131 Poke Ball Reverse Holo Raw TCG (Near Mint)","-47.70","-$1.14","$2.39","$1.25 (10/19/2025)","$1.81","$0.99","$3.38","200.00","12","$21.70"
"Dawn 2025 Japanese Mega: Inferno X #115/80 Special Art Rare Raw TCG (Near Mint)","-47.76","-$63.99","$133.99","$70.00 (10/23/2025)","$91.99","$50.89","$160.00","0.00","75","$6899.21"
"Deerling 2025 Scarlet & Violet: White Flare #006/086 Poke Ball Reverse Holo Raw TCG (Near Mint)","-48.19","-$0.93","$1.93","$1.00 (10/22/2025)","$1.48","$1.00","$1.93","-25.00","3","$4.43"
"Hop's Zacian ex 2025 Japanese Scarlet & Violet: Battle Partners #128/100 Special Art Rare Raw TCG (Near Mint)","-48.27","-$13.53","$28.03","$14.50 (10/21/2025)","$22.97","$14.50","$34.40","0.00","6","$137.82"
"Meloetta ex 2025 Japanese Scarlet & Violet: Black Bolt #162/086 Super Rare (Full Art) Raw TCG (Near Mint)","-48.36","-$2.21","$4.57","$2.36 (10/24/2025)","$3.64","$0.99","$5.99","25.00","10","$36.42"
"Litwick 2025 Scarlet & Violet: White Flare #016/086 Master Ball Reverse Holo Raw TCG (Near Mint)","-48.43","-$1.39","$2.87","$1.48 (10/19/2025)","$2.96","$1.48","$3.80","-50.00","6","$17.74"
"Jellicent ex 2025 Scarlet & Violet: White Flare #045/086 Double Rare Raw TCG (Near Mint)","-48.56","-$1.43","$2.94","$1.52 (10/24/2025)","$1.91","$0.99","$3.90","4.48","70","$133.71"
"Cynthia's Spiritomb 2025 Scarlet & Violet: Destined Rivals #129/182 Reverse Holo Raw TCG (Near Mint)","-48.71","-$1.89","$3.88","$1.99 (10/23/2025)","$2.60","$1.88","$3.96","87.50","15","$38.97"
"Lacey 2025 Scarlet & Violet: Prismatic Evolutions #114/131 Poke Ball Reverse Holo Raw TCG (Near Mint)","-49.10","-$0.96","$1.95","$0.99 (10/24/2025)","$1.72","$0.99","$4.03","116.67","13","$22.34"
"Litleo 2025 Mega Evolution #139/132 Illustration Rare Raw TCG (Near Mint)","-49.17","-$4.92","$10.00","$5.08 (10/24/2025)","$7.03","$2.25","$22.89","1855.56","176","$1236.71"
"Garbodor 2025 Japanese Scarlet & Violet: White Flare #139/086 Art Rare Raw TCG (Near Mint)","-49.22","-$2.20","$4.47","$2.27 (10/24/2025)","$4.80","$2.27","$7.70","-10.00","18","$86.38"
"Gurdurr 2025 Scarlet & Violet: Black Bolt #048/086 Poke Ball Reverse Holo Raw TCG (Near Mint)","-49.23","-$0.96","$1.95","$0.99 (10/24/2025)","$1.88","$0.99","$2.70","-50.00","3","$5.64"
"Tynamo 2025 Scarlet & Violet: Black Bolt #030/086 Reverse Holo Raw TCG (Near Mint)","-49.23","-$0.96","$1.95","$0.99 (10/16/2025)","$1.31","$0.99","$1.95","50.00","3","$3.93"
"Premium Power Pro 2025 Mega Evolution #124/132 Base Raw TCG (Near Mint)","-49.28","-$1.49","$3.02","$1.53 (10/21/2025)","$2.38","$1.00","$7.39","237.50","27","$64.18"
"Arven's Mabosstiff ex 2025 Scarlet & Violet: Destined Rivals #139/182 Double Rare Raw TCG (Near Mint)","-49.57","-$1.43","$2.88","$1.45 (10/24/2025)","$1.98","$0.99","$4.08","-16.13","26","$51.47"
"Axew 2025 Scarlet & Violet: Black Bolt #068/086 Master Ball Reverse Holo Raw TCG (Near Mint)","-49.58","-$2.95","$5.95","$3.00 (10/23/2025)","$3.68","$2.95","$5.95","-37.50","5","$18.38"
"Munna 2025 Scarlet & Violet: Black Bolt #035/086 Master Ball Reverse Holo Raw TCG (Near Mint)","-49.62","-$1.98","$3.99","$2.01 (10/20/2025)","$2.75","$1.99","$3.99","-20.00","4","$10.99"
"Mystery Garden 2025 Mega Evolution #122/132 Base Raw TCG (Near Mint)","-49.75","-$0.98","$1.97","$0.99 (10/20/2025)","$1.73","$0.99","$2.63","1500.00","16","$27.66"
"Shuckle 2025 Mega Evolution #011/132 Base Raw TCG (Near Mint)","-49.75","-$0.98","$1.97","$0.99 (10/19/2025)","$1.32","$0.99","$1.97","50.00","3","$3.95"
"Hariyama 2025 Mega Evolution #073/132 Holo Raw TCG (Near Mint)","-49.75","-$0.99","$1.99","$1.00 (10/24/2025)","$1.81","$0.82","$3.99","271.43","26","$47.10"
"Marnie's Liepard 2025 Scarlet & Violet: Destined Rivals #131/182 Reverse Holo Raw TCG (Near Mint)","-49.83","-$1.49","$2.99","$1.50 (10/23/2025)","$2.13","$1.35","$3.39","-26.67","11","$23.38"
"Brave Bangle 2025 Scarlet & Violet: White Flare #080/086 Poke Ball Reverse Holo Raw TCG (Near Mint)","-49.87","-$1.98","$3.97","$1.99 (10/19/2025)","$2.97","$1.95","$4.99","-50.00","4","$11.88"
"Mega Lucario ex 2025 Japanese Mega Brave #29/63 Double Rare Raw TCG (Near Mint)","-49.94","-$2.08","$4.17","$2.09 (10/23/2025)","$2.46","$0.72","$9.77","-48.05","40","$98.26"
"Excadrill ex 2025 Japanese Scarlet & Violet: Black Bolt #171/086 Special Art Rare Raw TCG (Near Mint)","-49.97","-$7.49","$14.99","$7.50 (10/24/2025)","$11.97","$6.50","$14.99","-42.86","8","$95.74"
"Bouffalant ex 2025 Japanese Scarlet & Violet: White Flare #172/086 Special Art Rare Raw TCG (Near Mint)","-49.97","-$7.99","$15.99","$8.00 (10/23/2025)","$11.65","$8.00","$15.99","-64.71","6","$69.92"
"Venipede 2025 Japanese Scarlet & Violet: Black Bolt #138/086 Art Rare Raw TCG (Near Mint)","-50.00","-$2.99","$5.98","$2.99 (10/24/2025)","$5.21","$2.99","$5.98","-25.00","18","$93.70"
"Stunfisk 2025 Scarlet & Violet: White Flare #035/086 Master Ball Reverse Holo Raw TCG (Near Mint)","-50.11","-$2.25","$4.50","$2.25 (10/16/2025)","$3.59","$0.99","$6.65","-36.36","7","$25.14"
"Herdier 2025 Scarlet & Violet: White Flare #075/086 Reverse Holo Raw TCG (Near Mint)","-50.17","-$1.50","$2.99","$1.49 (10/10/2025)","$2.24","$1.49","$2.99","0.00","2","$4.48"
"Durant 2025 Scarlet & Violet: White Flare #070/086 Poke Ball Reverse Holo Raw TCG (Near Mint)","-50.25","-$2.02","$4.02","$2.00 (10/24/2025)","$2.96","$1.66","$8.53","12.50","9","$26.62"
"Milcery 2025 Scarlet & Violet: Journey Together #074/159 Reverse Holo Raw TCG (Near Mint)","-50.25","-$1.00","$1.99","$0.99 (10/23/2025)","$1.66","$0.99","$2.01","-40.00","3","$4.99"
"Tinkatuff 2025 Mega Evolution #097/132 Reverse Holo Raw TCG (Near Mint)","-50.25","-$1.00","$1.99","$0.99 (10/13/2025)","$1.69","$0.99","$2.47","400.00","5","$8.43"
"Floragato 2025 Scarlet & Violet: Journey Together #017/159 Reverse Holo Raw TCG (Near Mint)","-50.25","-$1.00","$1.99","$0.99 (10/09/2025)","$1.49","$0.99","$1.99","-75.00","2","$2.98"
"Groudon 2025 Scarlet & Violet: Prismatic Evolutions #049/131 Holo Raw TCG (Near Mint)","-50.25","-$1.00","$1.99","$0.99 (10/18/2025)","$1.86","$0.99","$2.35","25.00","5","$9.31"
"Mandibuzz 2025 Scarlet & Violet: White Flare #064/086 Reverse Holo Raw TCG (Near Mint)","-50.50","-$1.01","$2.00","$0.99 (10/18/2025)","$1.59","$0.99","$2.00","50.00","3","$4.76"
"Conkeldurr 2025 Scarlet & Violet: Black Bolt #049/086 Poke Ball Reverse Holo Raw TCG (Near Mint)","-50.50","-$1.01","$2.00","$0.99 (10/20/2025)","$1.69","$0.99","$2.42","66.67","5","$8.44"
"Mega Latias ex 2025 Mega Evolution #163/132 Ultra Rare (Full Art) Raw TCG (Near Mint)","-50.53","-$11.01","$21.79","$10.78 (10/24/2025)","$16.76","$2.25","$32.33","315.15","274","$4591.83"
"Medicham 2025 Scarlet & Violet: Destined Rivals #100/182 Reverse Holo Raw TCG (Near Mint)","-50.66","-$1.16","$2.29","$1.13 (10/24/2025)","$1.72","$1.13","$2.29","-20.00","8","$13.80"
"Caterpie 2025 Scarlet & Violet: Journey Together #001/159 Reverse Holo Raw TCG (Near Mint)","-50.75","-$1.01","$1.99","$0.98 (10/20/2025)","$1.52","$0.98","$1.99","-40.00","3","$4.56"
"Toedscool 2025 Scarlet & Violet: Journey Together #088/159 Reverse Holo Raw TCG (Near Mint)","-50.75","-$1.01","$1.99","$0.98 (10/22/2025)","$1.48","$0.98","$1.99","-33.33","2","$2.97"
"Lucario ex 2025 Scarlet & Violet: Prismatic Evolutions #051/131 Double Rare Raw TCG (Near Mint)","-50.86","-$1.03","$2.02","$0.99 (10/21/2025)","$2.45","$0.99","$5.31","17.65","40","$97.95"
"Squawkabilly 2025 Scarlet & Violet: Journey Together #141/159 Reverse Holo Raw TCG (Near Mint)","-50.88","-$1.02","$2.00","$0.98 (10/14/2025)","$1.69","$0.98","$2.64","-50.00","4","$6.76"
"Rare Candy 2025 Japanese Mega Symphonia #82/63 Super Rare (Full Art) Raw TCG (Near Mint)","-50.95","-$5.09","$9.99","$4.90 (10/22/2025)","$4.00","$0.99","$9.99","18.18","26","$104.02"
"Durant 2025 Scarlet & Violet: Journey Together #014/159 Reverse Holo Raw TCG (Near Mint)","-50.99","-$1.03","$2.02","$0.99 (10/23/2025)","$1.67","$0.99","$2.02","0.00","3","$5.02"
"Sandile 2025 Scarlet & Violet: Black Bolt #057/086 Poke Ball Reverse Holo Raw TCG (Near Mint)","-51.00","-$1.27","$2.49","$1.22 (10/10/2025)","$1.85","$1.22","$2.49","100.00","2","$3.71"
"Air Balloon 2025 Mega Evolution #166/132 Ultra Rare (Full Art) Raw TCG (Near Mint)","-51.01","-$4.93","$9.66","$4.73 (10/24/2025)","$6.32","$0.99","$19.99","392.11","187","$1182.52"
"Meganium 2025 Mega Evolution #010/132 Holo Raw TCG (Near Mint)","-51.32","-$1.36","$2.65","$1.29 (10/23/2025)","$1.92","$0.80","$5.00","412.50","41","$78.70"
"Dialga 2025 Mega Evolution #095/132 Reverse Holo Raw TCG (Near Mint)","-51.64","-$1.33","$2.58","$1.25 (10/23/2025)","$1.92","$1.25","$3.92","0.00","10","$19.21"
"Kadabra 2025 Mega Evolution #055/132 Reverse Holo Raw TCG (Near Mint)","-51.70","-$1.17","$2.26","$1.09 (10/23/2025)","$1.75","$0.99","$2.99","1000.00","22","$38.40"
"Mega Venusaur ex 2025 Mega Evolution #155/132 Ultra Rare (Full Art) Raw TCG (Near Mint)","-51.72","-$19.45","$37.61","$18.16 (10/24/2025)","$25.65","$4.00","$50.00","241.77","270","$6926.27"
"Bayleef 2025 Mega Evolution #009/132 Base Raw TCG (Near Mint)","-51.94","-$1.07","$2.06","$0.99 (10/23/2025)","$1.55","$0.99","$2.79","566.67","20","$30.99"
"Terapagos ex 2025 Scarlet & Violet: Prismatic Evolutions #180/131 Hyper Rare (Secret) Raw TCG (Near Mint)","-52.10","-$11.38","$21.84","$10.46 (10/24/2025)","$11.15","$5.50","$22.49","-13.95","37","$412.40"
"Rare Candy 2025 Mega Evolution #175/132 Ultra Rare (Full Art) Raw TCG (Near Mint)","-52.12","-$6.12","$11.73","$5.62 (10/24/2025)","$6.24","$1.25","$15.55","1488.89","143","$893.02"
"Steven's Metagross ex 2025 Scarlet & Violet: Destined Rivals #145/182 Double Rare Raw TCG (Near Mint)","-52.13","-$2.33","$4.46","$2.13 (10/24/2025)","$2.40","$0.99","$6.63","-9.68","56","$134.27"
"Cryogonal 2025 Japanese Scarlet & Violet: Black Bolt #115/086 Art Rare Raw TCG (Near Mint)","-52.13","-$3.91","$7.50","$3.59 (10/21/2025)","$4.82","$3.00","$7.50","-25.00","12","$57.83"
"Tynamo 2025 Scarlet & Violet: Black Bolt #030/086 Poke Ball Reverse Holo Raw TCG (Near Mint)","-52.15","-$1.09","$2.09","$1.00 (10/22/2025)","$1.58","$1.00","$2.09","-50.00","4","$6.34"
"Lillie's Cutiefly 2025 Scarlet & Violet: Journey Together #066/159 Reverse Holo Raw TCG (Near Mint)","-52.17","-$1.56","$2.99","$1.43 (10/14/2025)","$2.21","$1.43","$2.99","-66.67","2","$4.42"
"Goldeen 2025 Scarlet & Violet: Prismatic Evolutions #020/131 Master Ball Reverse Holo Raw TCG (Near Mint)","-52.25","-$3.13","$5.99","$2.86 (10/24/2025)","$4.91","$1.79","$8.53","22.22","11","$53.97"
"Lechonk 2025 Scarlet & Violet: Journey Together #139/159 Reverse Holo Raw TCG (Near Mint)","-52.44","-$1.18","$2.25","$1.07 (10/11/2025)","$1.58","$1.07","$2.25","33.33","4","$6.32"
"Woobat 2025 Scarlet & Violet: White Flare #036/086 Master Ball Reverse Holo Raw TCG (Near Mint)","-52.51","-$2.62","$4.99","$2.37 (10/24/2025)","$3.81","$0.99","$7.49","85.71","13","$49.56"
"Rotom 2025 Scarlet & Violet: Destined Rivals #077/182 Base Raw TCG (Near Mint)","-52.51","-$0.94","$1.79","$0.85 (10/15/2025)","$1.32","$0.85","$1.79","0.00","2","$2.64"
"Arven's Greedent 2025 Scarlet & Violet: Destined Rivals #205/182 Illustration Rare Raw TCG (Near Mint)","-52.73","-$4.74","$8.99","$4.25 (10/18/2025)","$7.41","$4.25","$8.99","-95.24","3","$22.23"
"Team Rocket's Venture Bomb 2025 Scarlet & Violet: Destined Rivals #179/182 Reverse Holo Raw TCG (Near Mint)","-52.83","-$1.40","$2.65","$1.25 (10/23/2025)","$2.19","$1.25","$2.99","-16.67","5","$10.97"
"Vulpix 2025 Japanese Mega Brave #67/63 Art Rare Raw TCG (Near Mint)","-52.86","-$5.89","$11.15","$5.26 (10/24/2025)","$7.03","$3.25","$35.00","-40.84","113","$793.90"
"Samurott 2025 Scarlet & Violet: White Flare #023/086 Master Ball Reverse Holo Raw TCG (Near Mint)","-52.89","-$4.49","$8.49","$4.00 (10/22/2025)","$9.02","$4.00","$14.66","-62.50","6","$54.13"
"Solrock 2025 Mega Evolution #075/132 Base Raw TCG (Near Mint)","-52.95","-$1.11","$2.10","$0.99 (10/21/2025)","$1.51","$0.85","$2.69","640.00","37","$55.83"
"Cubone 2025 Scarlet & Violet: Journey Together #076/159 Reverse Holo Raw TCG (Near Mint)","-53.13","-$1.19","$2.24","$1.05 (10/23/2025)","$1.62","$1.05","$2.70","166.67","8","$12.98"
"Basculin 2025 Scarlet & Violet: White Flare #024/086 Poke Ball Reverse Holo Raw TCG (Near Mint)","-53.18","-$1.42","$2.67","$1.25 (09/29/2025)","$2.20","$1.25","$3.85","-50.00","3","$6.59"
"Zebstrika 2025 Scarlet & Violet: White Flare #032/086 Poke Ball Reverse Holo Raw TCG (Near Mint)","-53.20","-$2.83","$5.32","$2.49 (10/13/2025)","$3.22","$2.49","$5.32","0.00","4","$12.89"
"Mystery Garden 2025 Mega Evolution #172/132 Ultra Rare (Full Art) Raw TCG (Near Mint)","-53.71","-$6.51","$12.12","$5.61 (10/24/2025)","$6.61","$0.99","$14.99","318.75","134","$885.27"
"Drizzile 2025 Mega Evolution #040/132 Base Raw TCG (Near Mint)","-54.41","-$1.42","$2.61","$1.19 (10/23/2025)","$1.77","$1.19","$2.61","200.00","3","$5.30"
"Mega Camerupt ex 2025 Mega Evolution #022/132 Double Rare Raw TCG (Near Mint)","-54.41","-$2.65","$4.87","$2.22 (10/24/2025)","$1.98","$0.99","$6.57","264.52","113","$223.81"
"Eevee ex 2025 Scarlet & Violet: Prismatic Evolutions #167/131 Special Illustration Rare Raw TCG (Near Mint)","-54.57","-$144.61","$264.99","$120.38 (10/24/2025)","$129.91","$89.25","$264.99","8.70","25","$3247.81"
"Spritzee 2025 Scarlet & Violet: Prismatic Evolutions #038/131 Master Ball Reverse Holo Raw TCG (Near Mint)","-54.79","-$1.20","$2.19","$0.99 (10/24/2025)","$3.17","$0.99","$12.97","7.69","14","$44.36"
"Musharna 2025 Scarlet & Violet: Black Bolt #117/086 Illustration Rare Raw TCG (Near Mint)","-54.87","-$6.53","$11.90","$5.37 (10/24/2025)","$8.13","$5.25","$11.90","-15.63","27","$219.50"
"Dawn 2025 Japanese Mega: Inferno X #106/80 Super Rare (Full Art) Raw TCG (Near Mint)","-54.99","-$23.21","$42.20","$18.99 (10/24/2025)","$29.16","$16.99","$62.19","0.00","61","$1778.70"
"Marnie's Impidimp 2025 Scarlet & Violet: Destined Rivals #134/182 Reverse Holo Raw TCG (Near Mint)","-55.09","-$1.46","$2.65","$1.19 (10/24/2025)","$2.11","$1.19","$2.99","9.09","12","$25.36"
"Maractus 2025 Scarlet & Violet: Journey Together #008/159 Reverse Holo Raw TCG (Near Mint)","-55.20","-$1.22","$2.21","$0.99 (10/24/2025)","$1.60","$0.99","$2.21","100.00","2","$3.20"
"Team Rocket's Proton 2025 Scarlet & Violet: Destined Rivals #227/182 Ultra Rare (Full Art) Raw TCG (Near Mint)","-55.48","-$4.98","$8.98","$4.00 (10/24/2025)","$5.90","$0.99","$9.85","-35.29","44","$259.78"
"Exeggutor 2025 Mega Evolution #135/132 Illustration Rare Raw TCG (Near Mint)","-55.58","-$8.47","$15.24","$6.77 (10/24/2025)","$11.16","$1.75","$22.75","600.00","287","$3202.79"
"Dudunsparce ex 2025 Scarlet & Violet: Journey Together #178/159 Ultra Rare (Full Art) Raw TCG (Near Mint)","-55.65","-$2.64","$4.74","$2.10 (10/24/2025)","$3.20","$0.99","$8.06","33.33","64","$204.83"
"Hippopotas 2025 Scarlet & Violet: Prismatic Evolutions #052/131 Master Ball Reverse Holo Raw TCG (Near Mint)","-55.68","-$2.50","$4.49","$1.99 (10/22/2025)","$3.10","$1.99","$5.36","-20.00","12","$37.22"
"Night Stretcher 2025 Mega Evolution #173/132 Ultra Rare (Full Art) Raw TCG (Near Mint)","-55.89","-$8.33","$14.90","$6.57 (10/24/2025)","$8.66","$4.00","$44.99","705.41","298","$2579.20"
"Dolliv 2025 Scarlet & Violet: Destined Rivals #022/182 Reverse Holo Raw TCG (Near Mint)","-56.00","-$1.26","$2.25","$0.99 (10/23/2025)","$1.50","$0.99","$2.25","0.00","4","$5.98"
"Tympole 2025 Scarlet & Violet: Black Bolt #019/086 Master Ball Reverse Holo Raw TCG (Near Mint)","-56.02","-$4.84","$8.64","$3.80 (10/24/2025)","$5.05","$2.90","$8.64","40.00","7","$35.33"
"Darumaka 2025 Scarlet & Violet: Black Bolt #097/086 Illustration Rare Raw TCG (Near Mint)","-56.14","-$4.16","$7.41","$3.25 (10/23/2025)","$7.87","$3.25","$12.94","0.00","34","$267.58"
"Maximum Belt 2025 Scarlet & Violet: Prismatic Evolutions #117/131 Holo (ACE SPEC) Raw TCG (Near Mint)","-56.33","-$1.29","$2.29","$1.00 (10/24/2025)","$2.17","$1.00","$4.38","122.22","60","$130.45"
"Pyroar 2025 Scarlet & Violet: Prismatic Evolutions #016/131 Master Ball Reverse Holo Raw TCG (Near Mint)","-56.35","-$3.86","$6.85","$2.99 (10/20/2025)","$3.87","$2.25","$6.85","12.50","9","$34.80"
"Ferroseed 2025 Scarlet & Violet: White Flare #068/086 Master Ball Reverse Holo Raw TCG (Near Mint)","-56.40","-$7.40","$13.12","$5.72 (10/16/2025)","$5.00","$0.99","$13.12","-41.67","7","$35.02"
"Leafeon 2025 Scarlet & Violet: Prismatic Evolutions #005/131 Poke Ball Reverse Holo Raw TCG (Near Mint)","-56.49","-$3.42","$6.04","$2.63 (10/24/2025)","$3.08","$0.99","$9.40","26.09","29","$89.45"
"Iono's Wattrel 2025 Scarlet & Violet: Journey Together #054/159 Reverse Holo Raw TCG (Near Mint)","-56.52","-$1.69","$2.99","$1.30 (10/19/2025)","$2.15","$1.30","$2.99","-71.43","2","$4.29"
"Chandelure 2025 Scarlet & Violet: White Flare #018/086 Reverse Holo Raw TCG (Near Mint)","-56.63","-$1.41","$2.49","$1.08 (10/03/2025)","$1.79","$1.08","$2.49","-33.33","2","$3.57"
"Iono's Kilowattrel 2025 Scarlet & Violet: Journey Together #055/159 Reverse Holo Raw TCG (Near Mint)","-56.90","-$1.65","$2.90","$1.25 (10/21/2025)","$2.69","$1.25","$2.90","20.00","12","$32.24"
"Harlequin 2025 Scarlet & Violet: White Flare #163/086 Ultra Rare (Full Art) Raw TCG (Near Mint)","-56.92","-$1.98","$3.47","$1.50 (10/24/2025)","$2.88","$0.99","$6.64","-29.00","71","$204.73"
"Team Rocket's Bother-Bot 2025 Scarlet & Violet: Destined Rivals #172/182 Reverse Holo Raw TCG (Near Mint)","-56.98","-$1.51","$2.65","$1.14 (10/22/2025)","$2.11","$1.14","$2.66","-66.67","4","$8.44"
"Yveltal 2025 Mega Evolution #088/132 Holo Raw TCG (Near Mint)","-57.02","-$1.71","$2.99","$1.29 (10/24/2025)","$1.72","$0.99","$4.00","3900.00","40","$68.93"
"Scolipede 2025 Scarlet & Violet: Black Bolt #056/086 Master Ball Reverse Holo Raw TCG (Near Mint)","-57.16","-$7.94","$13.89","$5.95 (10/23/2025)","$9.92","$5.95","$13.89","-66.67","2","$19.84"
"Team Rocket's Mimikyu 2025 Scarlet & Violet: Destined Rivals #087/182 Reverse Holo Raw TCG (Near Mint)","-57.24","-$2.61","$4.56","$1.95 (10/22/2025)","$2.52","$1.89","$4.56","-44.44","10","$25.25"
"Mega Mawile ex 2025 Mega Evolution #162/132 Ultra Rare (Full Art) Raw TCG (Near Mint)","-57.36","-$7.36","$12.83","$5.47 (10/24/2025)","$7.69","$1.25","$22.89","796.00","224","$1722.56"
"Exeggcute 2025 Scarlet & Violet: Prismatic Evolutions #001/131 Master Ball Reverse Holo Raw TCG (Near Mint)","-57.47","-$4.31","$7.50","$3.19 (10/23/2025)","$4.02","$1.00","$8.47","70.00","17","$68.27"
"Delibird 2025 Mega Evolution #152/132 Illustration Rare Raw TCG (Near Mint)","-57.48","-$6.29","$10.94","$4.65 (10/24/2025)","$6.93","$0.99","$15.00","680.65","242","$1676.48"
"Larvitar 2025 Scarlet & Violet: Prismatic Evolutions #047/131 Poke Ball Reverse Holo Raw TCG (Near Mint)","-57.54","-$2.29","$3.98","$1.69 (10/19/2025)","$2.06","$1.59","$3.98","133.33","7","$14.43"
"Mega Lucario ex 2025 Mega Evolution #077/132 Double Rare Raw TCG (Near Mint)","-57.79","-$3.27","$5.65","$2.38 (10/24/2025)","$3.81","$0.99","$19.00","162.91","397","$1512.24"
"Stoutland 2025 Scarlet & Violet: White Flare #076/086 Reverse Holo Raw TCG (Near Mint)","-58.19","-$1.74","$2.99","$1.25 (10/19/2025)","$2.24","$1.25","$2.99","400.00","5","$11.21"
"Garganacl 2025 Mega Evolution #147/132 Illustration Rare Raw TCG (Near Mint)","-58.46","-$3.55","$6.08","$2.52 (10/24/2025)","$3.91","$0.99","$10.00","1091.67","143","$559.74"
"Deino 2025 Scarlet & Violet: White Flare #065/086 Master Ball Reverse Holo Raw TCG (Near Mint)","-58.64","-$9.57","$16.32","$6.75 (10/24/2025)","$6.61","$2.00","$16.41","125.00","9","$59.51"
"Acerola's Mischief 2025 Mega Evolution #165/132 Ultra Rare (Full Art) Raw TCG (Near Mint)","-58.95","-$7.96","$13.50","$5.54 (10/24/2025)","$6.91","$1.75","$15.49","1050.00","184","$1271.32"
"Swoobat 2025 Japanese Scarlet & Violet: White Flare #117/086 Art Rare Raw TCG (Near Mint)","-59.05","-$6.46","$10.94","$4.48 (10/20/2025)","$5.19","$2.00","$10.94","-30.43","16","$83.08"
"Mega Manectric ex 2025 Mega Evolution #158/132 Ultra Rare (Full Art) Raw TCG (Near Mint)","-59.38","-$6.82","$11.49","$4.67 (10/24/2025)","$7.37","$0.99","$15.50","592.31","180","$1325.72"
"Zorua 2025 Japanese Scarlet & Violet: White Flare #140/086 Art Rare Raw TCG (Near Mint)","-59.57","-$8.11","$13.61","$5.50 (10/22/2025)","$12.58","$5.50","$20.00","-41.38","17","$213.93"
"Probopass 2025 Scarlet & Violet: Destined Rivals #098/182 Reverse Holo Raw TCG (Near Mint)","-59.62","-$1.58","$2.65","$1.07 (10/23/2025)","$2.03","$1.07","$2.66","0.00","6","$12.18"
"Slowpoke 2025 Scarlet & Violet: Prismatic Evolutions #018/131 Poke Ball Reverse Holo Raw TCG (Near Mint)","-59.84","-$1.49","$2.49","$1.00 (10/20/2025)","$1.84","$0.99","$2.95","-25.00","9","$16.54"
"Crispin 2025 Scarlet & Violet: Prismatic Evolutions #105/131 Base Raw TCG (Near Mint)","-59.90","-$2.39","$3.99","$1.60 (10/23/2025)","$2.25","$1.42","$3.99","33.33","4","$9.00"
"Unfezant 2025 Scarlet & Violet: Black Bolt #073/086 Master Ball Reverse Holo Raw TCG (Near Mint)","-60.10","-$6.01","$10.00","$3.99 (10/12/2025)","$7.00","$3.99","$10.00","-33.33","2","$13.99"
"Heatran 2025 Scarlet & Violet: Prismatic Evolutions #068/131 Master Ball Reverse Holo Raw TCG (Near Mint)","-60.12","-$3.00","$4.99","$1.99 (10/20/2025)","$3.53","$1.25","$9.31","60.00","8","$28.28"
"Mega Abomasnow ex 2025 Mega Evolution #036/132 Double Rare Raw TCG (Near Mint)","-60.49","-$2.01","$3.33","$1.31 (10/24/2025)","$2.17","$0.99","$8.54","314.89","195","$423.21"
"Ninetales 2025 Mega Evolution #020/132 Base Raw TCG (Near Mint)","-60.53","-$1.84","$3.04","$1.20 (10/21/2025)","$1.87","$0.99","$5.00","1100.00","12","$22.38"
"Chandelure 2025 Scarlet & Violet: White Flare #018/086 Master Ball Reverse Holo Raw TCG (Near Mint)","-60.63","-$13.86","$22.86","$9.00 (10/07/2025)","$12.71","$7.99","$22.86","-50.00","5","$63.55"
"Pupitar 2025 Scarlet & Violet: Prismatic Evolutions #048/131 Poke Ball Reverse Holo Raw TCG (Near Mint)","-60.86","-$2.41","$3.96","$1.55 (10/22/2025)","$2.23","$0.99","$3.98","300.00","8","$17.83"
"Mega Venusaur ex 2025 Japanese Mega Brave #03/63 Double Rare Raw TCG (Near Mint)","-60.90","-$1.95","$3.20","$1.25 (10/20/2025)","$2.41","$1.00","$7.70","-36.36","42","$101.08"
"Misty's Psyduck 2025 Scarlet & Violet: Destined Rivals #045/182 Reverse Holo Raw TCG (Near Mint)","-61.10","-$2.78","$4.55","$1.77 (10/22/2025)","$2.42","$1.00","$4.55","-18.18","18","$43.59"
"Golurk 2025 Scarlet & Violet: Black Bolt #123/086 Illustration Rare Raw TCG (Near Mint)","-61.33","-$3.68","$6.00","$2.32 (10/22/2025)","$7.27","$2.32","$11.42","-50.00","26","$189.13"
"Timburr 2025 Scarlet & Violet: Black Bolt #047/086 Poke Ball Reverse Holo Raw TCG (Near Mint)","-61.82","-$2.38","$3.85","$1.47 (10/17/2025)","$2.66","$1.47","$3.85","-50.00","2","$5.32"
"Makuhita 2025 Mega Evolution #072/132 Base Raw TCG (Near Mint)","-62.07","-$1.62","$2.61","$0.99 (10/21/2025)","$1.36","$0.99","$2.61","200.00","6","$8.17"
"Sawsbuck 2025 Japanese Scarlet & Violet: White Flare #092/086 Art Rare Raw TCG (Near Mint)","-62.31","-$3.72","$5.97","$2.25 (10/22/2025)","$5.57","$2.25","$9.47","-40.00","18","$100.17"
"Cubchoo 2025 Scarlet & Violet: Black Bolt #025/086 Poke Ball Reverse Holo Raw TCG (Near Mint)","-62.34","-$2.40","$3.85","$1.45 (10/21/2025)","$2.25","$1.45","$3.85","-50.00","3","$6.75"
"Spiritomb 2025 Mega Evolution #087/132 Base Raw TCG (Near Mint)","-62.50","-$1.65","$2.64","$0.99 (10/11/2025)","$1.71","$0.99","$2.64","0.00","3","$5.12"
"Inteleon 2025 Mega Evolution #041/132 Base Raw TCG (Near Mint)","-62.50","-$1.65","$2.64","$0.99 (10/11/2025)","$1.81","$0.99","$2.64","100.00","2","$3.63"
"Garganacl 2025 Japanese Mega Brave #70/63 Art Rare Raw TCG (Near Mint)","-62.50","-$3.75","$6.00","$2.25 (10/22/2025)","$3.52","$1.00","$13.50","-8.70","42","$147.89"
"Vulpix 2025 Mega Evolution #019/132 Reverse Holo Raw TCG (Near Mint)","-62.63","-$2.33","$3.72","$1.39 (10/19/2025)","$2.01","$0.99","$3.72","466.67","17","$34.12"
"Crawdaunt 2025 Mega Evolution #085/132 Base Raw TCG (Near Mint)","-62.69","-$1.68","$2.68","$1.00 (10/23/2025)","$1.56","$0.99","$2.68","0.00","3","$4.67"
"Hop's Snorlax 2025 Scarlet & Violet: Journey Together #117/159 Reverse Holo Raw TCG (Near Mint)","-62.80","-$3.36","$5.35","$1.99 (10/23/2025)","$3.06","$1.00","$5.35","76.47","30","$91.89"
"Solrock 2025 Mega Evolution #075/132 Reverse Holo Raw TCG (Near Mint)","-62.93","-$3.14","$4.99","$1.85 (10/21/2025)","$2.33","$0.99","$5.00","1300.00","28","$65.19"
"Lycanroc 2025 Japanese Scarlet & Violet: Battle Partners #107/100 Art Rare Raw TCG (Near Mint)","-63.17","-$5.04","$7.98","$2.94 (10/24/2025)","$3.43","$0.99","$17.50","96.30","53","$181.60"
"Mega Latias ex 2025 Japanese Mega Symphonia #49/63 Double Rare Raw TCG (Near Mint)","-63.35","-$3.03","$4.78","$1.75 (10/24/2025)","$3.12","$0.99","$13.45","-25.00","39","$121.49"
"Celebi 2025 Mega Evolution #012/132 Base Raw TCG (Near Mint)","-63.38","-$2.06","$3.25","$1.19 (10/16/2025)","$1.73","$0.99","$3.25","100.00","4","$6.92"
"Sobble 2025 Mega Evolution #039/132 Reverse Holo Raw TCG (Near Mint)","-63.55","-$1.90","$2.99","$1.09 (10/22/2025)","$1.57","$1.09","$2.99","450.00","11","$17.23"
"Pansear 2025 Scarlet & Violet: White Flare #014/086 Master Ball Reverse Holo Raw TCG (Near Mint)","-63.57","-$1.75","$2.75","$1.00 (10/24/2025)","$2.25","$1.00","$4.00","-25.00","6","$13.50"
"Mega Venusaur ex 2025 Mega Evolution #003/132 Double Rare Raw TCG (Near Mint)","-63.88","-$3.65","$5.71","$2.06 (10/24/2025)","$3.47","$0.99","$13.48","164.06","338","$1174.29"
"N's Zorua 2025 Scarlet & Violet: Journey Together #097/159 Base Raw TCG (Near Mint)","-64.05","-$2.53","$3.95","$1.42 (10/16/2025)","$2.19","$1.21","$3.95","-50.00","3","$6.58"
"Solosis 2025 Scarlet & Violet: Black Bolt #037/086 Poke Ball Reverse Holo Raw TCG (Near Mint)","-64.53","-$2.42","$3.75","$1.33 (10/06/2025)","$2.19","$1.33","$3.75","100.00","4","$8.74"
"Pinsir 2025 Scarlet & Violet: Prismatic Evolutions #003/131 Master Ball Reverse Holo Raw TCG (Near Mint)","-64.83","-$4.29","$6.62","$2.33 (10/20/2025)","$3.70","$0.99","$6.79","46.15","19","$70.25"
"Punk Helmet 2025 Japanese Mega: Inferno X #104/80 Super Rare (Full Art) Raw TCG (Near Mint)","-64.93","-$3.24","$4.99","$1.75 (10/23/2025)","$2.81","$1.75","$4.99","0.00","4","$11.24"
"Jolteon 2025 Scarlet & Violet: Prismatic Evolutions #029/131 Poke Ball Reverse Holo Raw TCG (Near Mint)","-64.95","-$2.78","$4.28","$1.50 (10/24/2025)","$2.62","$0.99","$6.40","100.00","28","$73.44"
"Ninjask 2025 Japanese Mega Symphonia #65/63 Art Rare Raw TCG (Near Mint)","-65.08","-$6.08","$9.34","$3.26 (10/24/2025)","$3.81","$1.32","$33.51","-12.12","87","$331.53"
"Hilda 2025 Japanese Scarlet & Violet: White Flare #166/086 Super Rare (Full Art) Raw TCG (Near Mint)","-65.35","-$9.43","$14.43","$5.00 (10/24/2025)","$12.69","$5.00","$28.85","0.00","9","$114.24"
"Yanma 2025 Japanese Scarlet & Violet: Heat Wave Arena #064/063 Art Rare Raw TCG (Near Mint)","-65.40","-$1.89","$2.89","$1.00 (10/24/2025)","$3.69","$1.00","$6.86","47.37","28","$103.29"
"Glaceon 2025 Scarlet & Violet: Prismatic Evolutions #025/131 Poke Ball Reverse Holo Raw TCG (Near Mint)","-65.53","-$2.38","$3.63","$1.25 (10/23/2025)","$2.45","$0.99","$4.58","93.75","31","$75.94"
"Mega Mawile ex 2025 Mega Evolution #094/132 Double Rare Raw TCG (Near Mint)","-65.87","-$2.40","$3.65","$1.25 (10/24/2025)","$2.39","$0.99","$9.29","350.00","171","$408.94"
"Hydreigon ex 2025 Japanese Scarlet & Violet: White Flare #163/086 Super Rare (Full Art) Raw TCG (Near Mint)","-66.22","-$2.45","$3.70","$1.25 (10/24/2025)","$2.61","$1.25","$4.41","-11.11","8","$20.84"
"Mystery Garden 2025 Japanese Mega Symphonia #86/63 Super Rare (Full Art) Raw TCG (Near Mint)","-66.26","-$2.46","$3.71","$1.25 (10/24/2025)","$3.24","$0.99","$8.20","10.53","21","$68.12"
"Mandibuzz 2025 Japanese Scarlet & Violet: Black Bolt #064/086 Master Ball Reverse Holo Raw TCG (Near Mint)","-66.59","-$2.99","$4.49","$1.50 (10/22/2025)","$3.00","$1.50","$4.49","0.00","2","$5.99"
"Fighting Gong 2025 Mega Evolution #168/132 Ultra Rare (Full Art) Raw TCG (Near Mint)","-66.62","-$8.44","$12.66","$4.23 (10/24/2025)","$6.66","$0.99","$24.91","1080.00","236","$1571.56"
"Scrafty 2025 Scarlet & Violet: White Flare #058/086 Reverse Holo Raw TCG (Near Mint)","-66.89","-$2.00","$2.99","$0.99 (10/18/2025)","$2.37","$0.99","$2.99","100.00","4","$9.46"
"Swadloon 2025 Scarlet & Violet: White Flare #002/086 Poke Ball Reverse Holo Raw TCG (Near Mint)","-66.89","-$2.00","$2.99","$0.99 (10/19/2025)","$3.70","$0.99","$7.11","-40.00","3","$11.09"
"Energy Retrieval 2025 Scarlet & Violet: White Flare #082/086 Poke Ball Reverse Holo Raw TCG (Near Mint)","-67.00","-$2.01","$3.00","$0.99 (10/22/2025)","$2.95","$0.99","$7.11","0.00","6","$17.67"
"Team Rocket's Orbeetle 2025 Japanese Scarlet & Violet: Glory of Team Rocket #104/098 Art Rare Raw TCG (Near Mint)","-67.11","-$4.08","$6.08","$2.00 (10/23/2025)","$4.39","$2.00","$8.16","-33.33","20","$87.74"
"Cynthia's Garchomp ex 2025 Japanese Scarlet & Violet: Heat Wave Arena #091/063 Ultra Rare (Secret) Raw TCG (Near Mint)","-67.61","-$13.57","$20.07","$6.50 (10/19/2025)","$14.84","$6.50","$20.07","100.00","6","$89.04"
"Dewott 2025 Japanese Scarlet & Violet: White Flare #103/086 Art Rare Raw TCG (Near Mint)","-67.63","-$4.70","$6.95","$2.25 (10/22/2025)","$7.48","$2.25","$9.28","-42.31","15","$112.19"
"Emboar 2025 Japanese Scarlet & Violet: White Flare #098/086 Art Rare Raw TCG (Near Mint)","-67.72","-$4.72","$6.97","$2.25 (10/22/2025)","$7.07","$2.25","$8.75","-25.00","30","$212.02"
"Eelektross 2025 Scarlet & Violet: Black Bolt #032/086 Master Ball Reverse Holo Raw TCG (Near Mint)","-67.83","-$16.95","$24.99","$8.04 (10/18/2025)","$14.34","$8.04","$24.99","-50.00","3","$43.02"
"Liepard 2025 Scarlet & Violet: White Flare #056/086 Master Ball Reverse Holo Raw TCG (Near Mint)","-67.83","-$11.07","$16.32","$5.25 (10/23/2025)","$7.92","$3.00","$16.32","-50.00","5","$39.59"
"Mandibuzz 2025 Scarlet & Violet: White Flare #064/086 Master Ball Reverse Holo Raw TCG (Near Mint)","-67.95","-$12.87","$18.94","$6.07 (10/24/2025)","$7.97","$3.49","$18.94","71.43","12","$95.63"
"Pansage 2025 Scarlet & Violet: Black Bolt #004/086 Master Ball Reverse Holo Raw TCG (Near Mint)","-68.67","-$2.74","$3.99","$1.25 (10/05/2025)","$2.62","$1.25","$3.99","100.00","2","$5.24"
"Emboar 2025 Scarlet & Violet: White Flare #013/086 Master Ball Reverse Holo Raw TCG (Near Mint)","-69.02","-$10.94","$15.85","$4.91 (10/23/2025)","$10.98","$3.57","$18.24","-33.33","4","$43.91"
"Buddy-Buddy Poffin 2025 Mega Evolution #167/132 Ultra Rare (Full Art) Raw TCG (Near Mint)","-69.05","-$8.89","$12.88","$3.99 (10/24/2025)","$7.54","$0.99","$18.00","765.22","199","$1501.38"
"Beartic 2025 Scarlet & Violet: Black Bolt #026/086 Poke Ball Reverse Holo Raw TCG (Near Mint)","-69.08","-$3.24","$4.69","$1.45 (10/19/2025)","$3.07","$1.45","$4.69","-60.00","2","$6.14"
"Mandibuzz 2025 Japanese Scarlet & Violet: Black Bolt #145/086 Art Rare Raw TCG (Near Mint)","-69.35","-$3.96","$5.71","$1.75 (10/24/2025)","$5.10","$1.75","$7.13","-12.50","14","$71.41"
"Ethan's Adventure 2025 Japanese Scarlet & Violet: Heat Wave Arena #084/063 Super Rare (Full Art) Raw TCG (Near Mint)","-69.38","-$4.51","$6.50","$1.99 (10/13/2025)","$5.75","$1.99","$8.76","200.00","3","$17.25"
"Misty's Magikarp 2025 Japanese Scarlet & Violet: Heat Wave Arena #025/063 Base Raw TCG (Near Mint)","-70.15","-$2.35","$3.35","$1.00 (10/12/2025)","$2.17","$1.00","$3.35","100.00","2","$4.35"
"Dondozo ex 2025 Scarlet & Violet: Destined Rivals #211/182 Ultra Rare (Full Art) Raw TCG (Near Mint)","-70.63","-$5.29","$7.49","$2.20 (10/24/2025)","$3.58","$0.99","$13.44","1.56","65","$232.77"
"Watchog 2025 Scarlet & Violet: White Flare #073/086 Master Ball Reverse Holo Raw TCG (Near Mint)","-73.00","-$14.30","$19.59","$5.29 (10/21/2025)","$8.71","$3.50","$19.59","20.00","6","$52.29"
"Arboliva ex 2025 Scarlet & Violet: Destined Rivals #207/182 Ultra Rare (Full Art) Raw TCG (Near Mint)","-73.58","-$7.91","$10.75","$2.84 (10/24/2025)","$4.42","$2.00","$10.75","-39.71","41","$181.28"
"Ferrothorn 2025 Scarlet & Violet: White Flare #069/086 Master Ball Reverse Holo Raw TCG (Near Mint)","-73.89","-$16.92","$22.90","$5.98 (10/15/2025)","$11.46","$5.50","$22.90","-62.50","3","$34.38"
"Krookodile 2025 Scarlet & Violet: Black Bolt #059/086 Reverse Holo Raw TCG (Near Mint)","-74.94","-$2.96","$3.95","$0.99 (10/19/2025)","$2.47","$0.99","$3.95","0.00","2","$4.94"
"Klinklang 2025 Scarlet & Violet: Black Bolt #063/086 Master Ball Reverse Holo Raw TCG (Near Mint)","-74.95","-$3.74","$4.99","$1.25 (10/23/2025)","$4.23","$1.25","$5.73","0.00","4","$16.91"
"Blitzle 2025 Scarlet & Violet: White Flare #031/086 Master Ball Reverse Holo Raw TCG (Near Mint)","-75.00","-$3.00","$4.00","$1.00 (10/24/2025)","$3.58","$0.99","$13.00","-22.22","14","$50.17"
"Grimsley's Move 2025 Japanese Mega: Inferno X #105/80 Super Rare (Full Art) Raw TCG (Near Mint)","-76.90","-$11.92","$15.50","$3.58 (10/21/2025)","$8.17","$3.00","$17.68","0.00","26","$212.49"
"Forest of Vitality 2025 Mega Evolution #117/132 Reverse Holo Raw TCG (Near Mint)","-78.01","-$7.59","$9.73","$2.14 (10/23/2025)","$3.32","$1.50","$15.97","1133.33","37","$122.75"
"Mega Heracross ex 2025 Japanese Mega: Inferno X #04/80 Double Rare Raw TCG (Near Mint)","-78.12","-$5.07","$6.49","$1.42 (10/22/2025)","$2.22","$0.99","$6.49","2800.00","29","$64.24"
"Trubbish 2025 Scarlet & Violet: White Flare #059/086 Master Ball Reverse Holo Raw TCG (Near Mint)","-78.62","-$12.83","$16.32","$3.49 (10/24/2025)","$5.54","$1.43","$16.32","120.00","11","$60.99"
"Marnie's Grimmsnarl ex 2025 Scarlet & Violet: Destined Rivals #136/182 Double Rare Raw TCG (Near Mint)","-79.97","-$6.37","$7.97","$1.60 (10/24/2025)","$2.74","$0.99","$13.46","-22.22","56","$153.24"
"Oricorio ex 2025 Japanese Mega: Inferno X #18/80 Double Rare Raw TCG (Near Mint)","-80.75","-$10.49","$12.99","$2.50 (10/24/2025)","$3.31","$1.49","$12.99","0.00","10","$33.08"
"Rotom ex 2025 Japanese Mega: Inferno X #112/80 Special Art Rare Raw TCG (Near Mint)","-81.31","-$56.09","$68.99","$12.89 (10/24/2025)","$23.42","$10.00","$68.99","0.00","61","$1428.81"
"Swanna 2025 Scarlet & Violet: White Flare #026/086 Master Ball Reverse Holo Raw TCG (Near Mint)","-81.62","-$13.32","$16.32","$3.00 (10/24/2025)","$5.88","$2.99","$16.32","0.00","6","$35.28"
"Scraggy 2025 Scarlet & Violet: White Flare #057/086 Master Ball Reverse Holo Raw TCG (Near Mint)","-82.06","-$9.15","$11.15","$2.00 (10/24/2025)","$6.00","$1.89","$12.80","-25.00","15","$90.05"
"Patrat 2025 Scarlet & Violet: White Flare #072/086 Master Ball Reverse Holo Raw TCG (Near Mint)","-82.41","-$11.90","$14.44","$2.54 (10/18/2025)","$5.89","$2.00","$14.44","-54.55","5","$29.44"
"Forest of Vitality 2025 Mega Evolution #117/132 Base Raw TCG (Near Mint)","-82.54","-$5.39","$6.53","$1.14 (10/24/2025)","$2.13","$0.99","$6.53","100.00","32","$68.20"
"Risky Ruins 2025 Mega Evolution #127/132 Reverse Holo Raw TCG (Near Mint)","-83.23","-$4.07","$4.89","$0.82 (10/17/2025)","$1.90","$0.82","$4.89","140.00","12","$22.78"
"Deerling 2025 Scarlet & Violet: White Flare #006/086 Master Ball Reverse Holo Raw TCG (Near Mint)","-83.47","-$5.00","$5.99","$0.99 (10/12/2025)","$4.66","$0.99","$6.99","-70.00","3","$13.97"
"Budew 2025 Scarlet & Violet: Prismatic Evolutions #004/131 Base Raw TCG (Near Mint)","-84.01","-$5.20","$6.19","$0.99 (10/22/2025)","$2.82","$0.99","$6.19","75.00","14","$39.50"
"Hop's Snorlax 2025 Scarlet & Violet: Journey Together #117/159 Holo Raw TCG (Near Mint)","-84.27","-$9.27","$11.00","$1.73 (10/24/2025)","$1.97","$0.99","$11.00","6.25","34","$66.96"
"Lillie's Determination 2025 Japanese Mega Brave #62/63 Base Raw TCG (Near Mint)","-85.29","-$7.65","$8.97","$1.32 (10/23/2025)","$5.15","$1.15","$15.00","100.00","4","$20.59"
"N's Plot 2025 Japanese Scarlet & Violet: Black Bolt #165/086 Super Rare (Full Art) Raw TCG (Near Mint)","-87.29","-$6.80","$7.79","$0.99 (10/24/2025)","$9.80","$0.99","$28.95","5.56","19","$186.23"
"Escavalier 2025 Scarlet & Violet: Black Bolt #060/086 Master Ball Reverse Holo Raw TCG (Near Mint)","-87.63","-$7.01","$8.00","$0.99 (10/19/2025)","$3.93","$0.99","$8.00","0.00","4","$15.73"
"Team Rocket's Mimikyu 2025 Scarlet & Violet: Destined Rivals #087/182 Base Raw TCG (Near Mint)","-88.13","-$13.22","$15.00","$1.78 (10/23/2025)","$7.33","$0.99","$19.99","-58.82","7","$51.28"
"Iono's Bellibolt ex 2025 Japanese Scarlet & Violet: Battle Partners #125/100 Special Art Rare Raw TCG (Near Mint)","-90.55","-$239.55","$264.55","$25.00 (10/21/2025)","$98.64","$25.00","$264.55","-42.86","4","$394.55"
"Iono's Bellibolt ex 2025 Japanese Scarlet & Violet: Battle Partners #130/100 Ultra Rare (Secret) Raw TCG (Near Mint)","-94.17","-$16.00","$16.99","$0.99 (09/28/2025)","$8.99","$0.99","$16.99","-71.43","2","$17.98"
